id_city,name,state_id,state_code,state_name,country_id,country_code,country_name,latitude,longitude,wikiDataId
57837,"Bamboo Flat",4023,AN,"Andaman and Nicobar Islands",101,IN,India,11.70000000,92.71667000,Q627037
133213,Nicobar,4023,AN,"Andaman and Nicobar Islands",101,IN,India,7.03002000,93.79028000,Q797295
133482,"Port Blair",4023,AN,"Andaman and Nicobar Islands",101,IN,India,11.66613000,92.74635000,Q203476
134006,"South Andaman",4023,AN,"Andaman and Nicobar Islands",101,IN,India,10.75776000,92.52136000,Q796979
57593,Addanki,4017,AP,"Andhra Pradesh",101,IN,India,15.81061000,79.97338000,Q2350169
134452,Adoni,4017,AP,"Andhra Pradesh",101,IN,India,15.62788000,77.27495000,Q490906
57620,Akasahebpet,4017,AP,"Andhra Pradesh",101,IN,India,17.50455000,82.56597000,Q582949
57623,Akividu,4017,AP,"Andhra Pradesh",101,IN,India,16.58225000,81.38112000,Q416835
57624,Akkarampalle,4017,AP,"Andhra Pradesh",101,IN,India,13.65000000,79.42000000,Q585782
57658,Amalapuram,4017,AP,"Andhra Pradesh",101,IN,India,16.57868000,82.00609000,Q588625
57690,Amudalavalasa,4017,AP,"Andhra Pradesh",101,IN,India,18.41025000,83.90295000,Q582993
57693,Anakapalle,4017,AP,"Andhra Pradesh",101,IN,India,17.69134000,83.00395000,Q589133
57698,Anantapur,4017,AP,"Andhra Pradesh",101,IN,India,14.55000000,77.41667000,Q15212
57758,Atmakur,4017,AP,"Andhra Pradesh",101,IN,India,15.88109000,78.58704000,Q583995
57761,Attili,4017,AP,"Andhra Pradesh",101,IN,India,16.70000000,81.60000000,Q4818468
57771,Avanigadda,4017,AP,"Andhra Pradesh",101,IN,India,16.02148000,80.91808000,Q3430115
57794,Badvel,4017,AP,"Andhra Pradesh",101,IN,India,14.74510000,79.06288000,Q3412838
57849,Banganapalle,4017,AP,"Andhra Pradesh",101,IN,India,15.31771000,78.22669000,Q1553292
58137,Bapatla,4017,AP,"Andhra Pradesh",101,IN,India,15.90422000,80.46743000,Q633274
57939,Betamcherla,4017,AP,"Andhra Pradesh",101,IN,India,15.45144000,78.14797000,Q2442016
57971,Bhattiprolu,4017,AP,"Andhra Pradesh",101,IN,India,16.10260000,80.78074000,Q3429099
58021,Bhimavaram,4017,AP,"Andhra Pradesh",101,IN,India,16.54078000,81.52322000,Q757853
58022,Bhimunipatnam,4017,AP,"Andhra Pradesh",101,IN,India,17.89017000,83.45203000,Q2483868
58070,Bobbili,4017,AP,"Andhra Pradesh",101,IN,India,18.57366000,83.35925000,Q861841
58179,Challapalle,4017,AP,"Andhra Pradesh",101,IN,India,16.11756000,80.93139000,Q2340109
131514,Chemmumiahpet,4017,AP,"Andhra Pradesh",101,IN,India,15.89794000,79.32129000,Q886385
131556,Chilakalurupet,4017,AP,"Andhra Pradesh",101,IN,India,16.08987000,80.16705000,Q1105252
131563,Chinnachowk,4017,AP,"Andhra Pradesh",101,IN,India,14.47516000,78.83540000,Q721289
131611,Chipurupalle,4017,AP,"Andhra Pradesh",101,IN,India,18.31142000,83.56846000,Q532883
131612,Chirala,4017,AP,"Andhra Pradesh",101,IN,India,15.82385000,80.35219000,Q1193800
131575,Chittoor,4017,AP,"Andhra Pradesh",101,IN,India,13.41667000,79.00000000,Q15213
131577,Chodavaram,4017,AP,"Andhra Pradesh",101,IN,India,17.82884000,82.93526000,Q5103763
131627,Cuddapah,4017,AP,"Andhra Pradesh",101,IN,India,14.41667000,78.75000000,Q15342
131628,Cumbum,4017,AP,"Andhra Pradesh",101,IN,India,15.58171000,79.11059000,Q15342
131658,Darsi,4017,AP,"Andhra Pradesh",101,IN,India,15.76978000,79.67939000,Q3298990
131727,Dharmavaram,4017,AP,"Andhra Pradesh",101,IN,India,14.41435000,77.72035000,Q1948238
131740,Dhone,4017,AP,"Andhra Pradesh",101,IN,India,15.39520000,77.87150000,Q1263568
131769,Diguvametta,4017,AP,"Andhra Pradesh",101,IN,India,15.39507000,78.82930000,Q5276378
131823,"East Godavari",4017,AP,"Andhra Pradesh",101,IN,India,17.83333000,81.83333000,Q15338
131830,Elamanchili,4017,AP,"Andhra Pradesh",101,IN,India,17.54907000,82.85749000,Q3415001
131832,Ellore,4017,AP,"Andhra Pradesh",101,IN,India,16.71311000,81.10437000,Q1003496
131836,Emmiganur,4017,AP,"Andhra Pradesh",101,IN,India,15.77203000,77.48345000,Q2734064
131842,Erraguntla,4017,AP,"Andhra Pradesh",101,IN,India,14.63853000,78.53974000,Q720903
131846,Etikoppaka,4017,AP,"Andhra Pradesh",101,IN,India,17.50000000,82.73333000,Q1773429
131895,Gajuwaka,4017,AP,"Andhra Pradesh",101,IN,India,17.70000000,83.21667000,Q1524653
131906,Ganguvada,4017,AP,"Andhra Pradesh",101,IN,India,18.66667000,84.11667000,Q186141
131915,Gannavaram,4017,AP,"Andhra Pradesh",101,IN,India,16.54092000,80.80213000,Q5521417
131955,Giddalur,4017,AP,"Andhra Pradesh",101,IN,India,15.37439000,78.92609000,Q207098
131972,Gokavaram,4017,AP,"Andhra Pradesh",101,IN,India,17.25823000,81.84985000,Q5578050
131993,Gorantla,4017,AP,"Andhra Pradesh",101,IN,India,13.98411000,77.77224000,Q3415057
132001,GovindapuramChilakaluripetGuntur,4017,AP,"Andhra Pradesh",101,IN,India,16.15477000,80.10279000,Q1707255
132010,Gudivada,4017,AP,"Andhra Pradesh",101,IN,India,16.43547000,80.99555000,Q2350125
132012,Gudlavalleru,4017,AP,"Andhra Pradesh",101,IN,India,16.35000000,81.05000000,Q1707438
132051,Gudur,4017,AP,"Andhra Pradesh",101,IN,India,14.15093000,79.85210000,Q1708134
132027,"Guntakal Junction",4017,AP,"Andhra Pradesh",101,IN,India,15.17112000,77.36244000,Q586397
132028,Guntur,4017,AP,"Andhra Pradesh",101,IN,India,16.29974000,80.45729000,Q3120966
132099,Hindupur,4017,AP,"Andhra Pradesh",101,IN,India,13.82807000,77.49143000,Q760056
132151,Ichchapuram,4017,AP,"Andhra Pradesh",101,IN,India,19.11393000,84.68721000,Q952228
132189,Jaggayyapeta,4017,AP,"Andhra Pradesh",101,IN,India,16.89380000,80.09807000,Q5475354
132228,Jammalamadugu,4017,AP,"Andhra Pradesh",101,IN,India,14.84677000,78.38314000,Q2010440
132328,Kadiri,4017,AP,"Andhra Pradesh",101,IN,India,14.11168000,78.15982000,Q2351757
132332,Kaikalur,4017,AP,"Andhra Pradesh",101,IN,India,16.55154000,81.21400000,Q2290801
132678,Kakinada,4017,AP,"Andhra Pradesh",101,IN,India,16.96036000,82.23809000,Q59018
132358,Kalyandurg,4017,AP,"Andhra Pradesh",101,IN,India,14.54519000,77.10552000,Q2738467
132691,Kamalapuram,4017,AP,"Andhra Pradesh",101,IN,India,14.59830000,78.66948000,Q2441455
132372,Kandukur,4017,AP,"Andhra Pradesh",101,IN,India,15.21542000,79.90390000,Q2564821
132374,Kanigiri,4017,AP,"Andhra Pradesh",101,IN,India,15.40555000,79.50694000,Q12992748
132376,Kankipadu,4017,AP,"Andhra Pradesh",101,IN,India,16.43530000,80.76715000,Q3428285
132388,Kanuru,4017,AP,"Andhra Pradesh",101,IN,India,16.28584000,81.25464000,Q2564832
132729,Kavali,4017,AP,"Andhra Pradesh",101,IN,India,14.91630000,79.99449000,Q2138686
132552,Kolanukonda,4017,AP,"Andhra Pradesh",101,IN,India,16.45392000,80.61046000,Q6427052
132567,Kondapalle,4017,AP,"Andhra Pradesh",101,IN,India,16.61989000,80.54244000,Q2234676
132584,Korukollu,4017,AP,"Andhra Pradesh",101,IN,India,16.50000000,81.25000000,Q6432751
132590,Kosigi,4017,AP,"Andhra Pradesh",101,IN,India,15.85510000,77.24463000,Q6433178
132616,Kovvur,4017,AP,"Andhra Pradesh",101,IN,India,17.01620000,81.72934000,Q2235664
132621,Krishna,4017,AP,"Andhra Pradesh",101,IN,India,16.66667000,81.00000000,Q15382
132653,Kuppam,4017,AP,"Andhra Pradesh",101,IN,India,12.74931000,78.34189000,Q587868
132660,Kurnool,4017,AP,"Andhra Pradesh",101,IN,India,15.58333000,78.33333000,Q15381
133055,Macherla,4017,AP,"Andhra Pradesh",101,IN,India,16.47635000,79.43533000,Q2241562
132806,Machilipatnam,4017,AP,"Andhra Pradesh",101,IN,India,16.18747000,81.13888000,Q845662
132808,Madanapalle,4017,AP,"Andhra Pradesh",101,IN,India,13.55030000,78.50288000,Q1017723
133059,Madugula,4017,AP,"Andhra Pradesh",101,IN,India,17.91589000,82.81578000,Q3420577
132890,Mandapeta,4017,AP,"Andhra Pradesh",101,IN,India,16.86254000,81.92921000,Q2249065
132891,Mandasa,4017,AP,"Andhra Pradesh",101,IN,India,18.86830000,84.46296000,Q2249065
132902,Mangalagiri,4017,AP,"Andhra Pradesh",101,IN,India,16.43083000,80.56815000,Q2349939
133088,Markapur,4017,AP,"Andhra Pradesh",101,IN,India,15.73534000,79.26848000,Q2087705
133114,Nagari,4017,AP,"Andhra Pradesh",101,IN,India,13.32139000,79.58557000,Q3869911
133258,Nagireddipalli,4017,AP,"Andhra Pradesh",101,IN,India,14.27005000,79.10131000,Q847606
133143,Nandigama,4017,AP,"Andhra Pradesh",101,IN,India,16.77170000,80.28596000,Q3428280
133144,Nandikotkur,4017,AP,"Andhra Pradesh",101,IN,India,15.85668000,78.26569000,Q6963320
133146,Nandyal,4017,AP,"Andhra Pradesh",101,IN,India,15.47799000,78.48360000,Q1772751
133156,Narasannapeta,4017,AP,"Andhra Pradesh",101,IN,India,18.41428000,84.04463000,Q3429912
133157,Narasapur,4017,AP,"Andhra Pradesh",101,IN,India,16.43425000,81.69845000,Q379516
133158,Narasaraopet,4017,AP,"Andhra Pradesh",101,IN,India,16.23488000,80.04927000,Q2483789
133160,Narasingapuram,4017,AP,"Andhra Pradesh",101,IN,India,13.60759000,79.31652000,Q2475130
133275,Narayanavanam,4017,AP,"Andhra Pradesh",101,IN,India,13.42565000,79.58881000,Q2349929
133173,Narsipatnam,4017,AP,"Andhra Pradesh",101,IN,India,17.66709000,82.61245000,Q2563464
133283,Nayudupet,4017,AP,"Andhra Pradesh",101,IN,India,13.90742000,79.89465000,Q3873467
133206,Nellore,4017,AP,"Andhra Pradesh",101,IN,India,14.08333000,79.58333000,Q15383
133214,Nidadavole,4017,AP,"Andhra Pradesh",101,IN,India,16.90572000,81.67222000,Q2563407
133294,Nuzvid,4017,AP,"Andhra Pradesh",101,IN,India,16.78854000,80.84593000,Q2734090
133300,Ongole,4017,AP,"Andhra Pradesh",101,IN,India,15.50357000,80.04454000,Q1920249
133521,Pakala,4017,AP,"Andhra Pradesh",101,IN,India,13.44903000,79.11493000,Q3430034
133523,Palakollu,4017,AP,"Andhra Pradesh",101,IN,India,16.51670000,81.73000000,Q1945121
133340,Palasa,4017,AP,"Andhra Pradesh",101,IN,India,18.77257000,84.41012000,Q1797254
133534,Palkonda,4017,AP,"Andhra Pradesh",101,IN,India,18.60374000,83.75568000,Q3415029
133331,Pallevada,4017,AP,"Andhra Pradesh",101,IN,India,16.57790000,81.29463000,Q7127847
133336,Palmaner,4017,AP,"Andhra Pradesh",101,IN,India,13.20000000,78.74725000,Q1752584
133361,Parlakimidi,4017,AP,"Andhra Pradesh",101,IN,India,18.78113000,84.08836000,Q1797389
133549,Parvatipuram,4017,AP,"Andhra Pradesh",101,IN,India,18.78392000,83.42569000,Q1925363
133395,Pavuluru,4017,AP,"Andhra Pradesh",101,IN,India,15.85292000,80.16468000,Q2249295
133400,Pedana,4017,AP,"Andhra Pradesh",101,IN,India,16.25582000,81.14378000,Q2563472
134447,"pedda nakkalapalem",4017,AP,"Andhra Pradesh",101,IN,India,15.86680000,80.16202000,Q663062
133402,Peddapuram,4017,AP,"Andhra Pradesh",101,IN,India,17.07701000,82.13836000,Q7159047
133409,Penugonda,4017,AP,"Andhra Pradesh",101,IN,India,16.65363000,81.74550000,Q2716197
133410,Penukonda,4017,AP,"Andhra Pradesh",101,IN,India,14.08286000,77.59473000,Q2572975
133440,Phirangipuram,4017,AP,"Andhra Pradesh",101,IN,India,16.29078000,80.26233000,Q3430158
133455,Pippara,4017,AP,"Andhra Pradesh",101,IN,India,16.71667000,81.55000000,Q2720099
133465,Pithapuram,4017,AP,"Andhra Pradesh",101,IN,India,17.11680000,82.25284000,Q2563530
133468,Polavaram,4017,AP,"Andhra Pradesh",101,IN,India,17.24754000,81.64372000,Q3420642
133476,Ponnur,4017,AP,"Andhra Pradesh",101,IN,India,16.07114000,80.54944000,Q720891
133478,Ponnuru,4017,AP,"Andhra Pradesh",101,IN,India,16.06547000,80.55203000,Q2568315
133485,Prakasam,4017,AP,"Andhra Pradesh",101,IN,India,15.50000000,79.50000000,Q15390
133489,Proddatur,4017,AP,"Andhra Pradesh",101,IN,India,14.75020000,78.54813000,Q2349966
133497,Pulivendla,4017,AP,"Andhra Pradesh",101,IN,India,14.42139000,78.22502000,Q2719107
133506,Punganuru,4017,AP,"Andhra Pradesh",101,IN,India,13.36672000,78.57186000,Q1854679
133517,Puttaparthi,4017,AP,"Andhra Pradesh",101,IN,India,14.16520000,77.81170000,Q1068595
133519,Puttur,4017,AP,"Andhra Pradesh",101,IN,India,13.44189000,79.55314000,Q1945739
133671,Rajahmundry,4017,AP,"Andhra Pradesh",101,IN,India,17.00517000,81.77784000,Q1639492
133691,Ramachandrapuram,4017,AP,"Andhra Pradesh",101,IN,India,16.83636000,82.02871000,Q542856
133600,Ramanayyapeta,4017,AP,"Andhra Pradesh",101,IN,India,16.94516000,82.23850000,Q2229781
133712,Ramapuram,4017,AP,"Andhra Pradesh",101,IN,India,15.28749000,77.86722000,Q1605050
133605,Rampachodavaram,4017,AP,"Andhra Pradesh",101,IN,India,17.44088000,81.77558000,Q2010452
133729,Rayachoti,4017,AP,"Andhra Pradesh",101,IN,India,14.05723000,78.75056000,Q2349951
133730,Rayadrug,4017,AP,"Andhra Pradesh",101,IN,India,14.69971000,76.85241000,Q2349951
133734,Razam,4017,AP,"Andhra Pradesh",101,IN,India,18.44909000,83.65957000,Q3537413
133732,Razampeta,4017,AP,"Andhra Pradesh",101,IN,India,14.19544000,79.15896000,Q3537413
133733,Razole,4017,AP,"Andhra Pradesh",101,IN,India,16.47608000,81.83912000,Q3537413
133627,Renigunta,4017,AP,"Andhra Pradesh",101,IN,India,13.65143000,79.51256000,Q720932
133630,Repalle,4017,AP,"Andhra Pradesh",101,IN,India,16.01840000,80.82958000,Q2483836
134065,Salur,4017,AP,"Andhra Pradesh",101,IN,India,18.51716000,83.20548000,Q2563482
134066,Samalkot,4017,AP,"Andhra Pradesh",101,IN,India,17.05675000,82.17639000,Q2563482
133822,Sattenapalle,4017,AP,"Andhra Pradesh",101,IN,India,16.39381000,80.15221000,Q3445011
133946,Singarayakonda,4017,AP,"Andhra Pradesh",101,IN,India,15.23046000,80.02794000,Q720856
133990,Sompeta,4017,AP,"Andhra Pradesh",101,IN,India,18.94419000,84.58449000,Q607071
134019,Srikakulam,4017,AP,"Andhra Pradesh",101,IN,India,18.29890000,83.89751000,Q671757
134032,Srisailain,4017,AP,"Andhra Pradesh",101,IN,India,16.07217000,78.86816000,Q2269015
134093,Suluru,4017,AP,"Andhra Pradesh",101,IN,India,13.70000000,80.01667000,Q2248468
134226,Tadepalle,4017,AP,"Andhra Pradesh",101,IN,India,16.48333000,80.60000000,Q2738731
134227,Tadepallegudem,4017,AP,"Andhra Pradesh",101,IN,India,16.81467000,81.52717000,Q2235626
134228,Tadpatri,4017,AP,"Andhra Pradesh",101,IN,India,14.90832000,78.01031000,Q2336339
134113,Tanuku,4017,AP,"Andhra Pradesh",101,IN,India,16.75438000,81.68143000,Q2566481
134126,Tekkali,4017,AP,"Andhra Pradesh",101,IN,India,18.60570000,84.23546000,Q429171
134183,Tirumala,4017,AP,"Andhra Pradesh",101,IN,India,13.68333000,79.35000000,Q3424247
134187,Tirupati,4017,AP,"Andhra Pradesh",101,IN,India,13.63551000,79.41989000,Q213248
134222,Tuni,4017,AP,"Andhra Pradesh",101,IN,India,17.35905000,82.54607000,Q2576041
134292,Uravakonda,4017,AP,"Andhra Pradesh",101,IN,India,14.94348000,77.25494000,Q736330
134448,vadlamuru,4017,AP,"Andhra Pradesh",101,IN,India,17.09545000,82.16565000,Q663062
134308,Vadlapudi,4017,AP,"Andhra Pradesh",101,IN,India,14.31119000,79.80430000,Q2449175
134347,Venkatagiri,4017,AP,"Andhra Pradesh",101,IN,India,13.96005000,79.58032000,Q719838
134348,Vepagunta,4017,AP,"Andhra Pradesh",101,IN,India,17.77844000,83.21577000,Q720888
134350,Vetapalem,4017,AP,"Andhra Pradesh",101,IN,India,15.78502000,80.30663000,Q2563456
134356,Vijayawada,4017,AP,"Andhra Pradesh",101,IN,India,16.50745000,80.64660000,Q200017
134364,Vinukonda,4017,AP,"Andhra Pradesh",101,IN,India,16.05310000,79.73964000,Q2566502
134369,Visakhapatnam,4017,AP,"Andhra Pradesh",101,IN,India,17.68009000,83.20161000,Q200016
134373,Vizianagaram,4017,AP,"Andhra Pradesh",101,IN,India,18.11692000,83.41148000,Q3619248
134374,"Vizianagaram District",4017,AP,"Andhra Pradesh",101,IN,India,18.41102000,83.37677000,Q15392
134377,Vuyyuru,4017,AP,"Andhra Pradesh",101,IN,India,16.36307000,80.84406000,Q3418817
134407,"West Godavari",4017,AP,"Andhra Pradesh",101,IN,India,17.00000000,81.16667000,Q15404
134424,Yanam,4017,AP,"Andhra Pradesh",101,IN,India,16.73308000,82.21364000,Q1807929
134426,Yanamalakuduru,4017,AP,"Andhra Pradesh",101,IN,India,16.48531000,80.66746000,Q2126598
134437,Yarada,4017,AP,"Andhra Pradesh",101,IN,India,17.65872000,83.27419000,Q564781
57645,Along,4024,AR,"Arunachal Pradesh",101,IN,India,28.16951000,94.80060000,Q519770
57708,Anjaw,4024,AR,"Arunachal Pradesh",101,IN,India,28.06549000,96.82878000,Q15413
58151,Basar,4024,AR,"Arunachal Pradesh",101,IN,India,27.99008000,94.69451000,Q712428
58080,Bomdila,4024,AR,"Arunachal Pradesh",101,IN,India,27.26475000,92.42472000,Q859141
58196,Changlang,4024,AR,"Arunachal Pradesh",101,IN,India,27.36265000,96.34518000,Q15427
131763,"Dibang Valley",4024,AR,"Arunachal Pradesh",101,IN,India,28.70000000,95.70000000,Q42479
131826,"East Kameng",4024,AR,"Arunachal Pradesh",101,IN,India,27.30000000,93.05000000,Q15424
131828,"East Siang",4024,AR,"Arunachal Pradesh",101,IN,India,28.12379000,95.16339000,Q1945304
132090,Hayuliang,4024,AR,"Arunachal Pradesh",101,IN,India,28.07301000,96.54305000,Q18348790
132178,Itanagar,4024,AR,"Arunachal Pradesh",101,IN,India,27.08694000,93.60987000,Q41128
132499,Khonsa,4024,AR,"Arunachal Pradesh",101,IN,India,27.01667000,95.56667000,Q2231406
132663,"Kurung Kumey",4024,AR,"Arunachal Pradesh",101,IN,India,27.99983000,93.39240000,Q2449506
132769,"Lohit District",4024,AR,"Arunachal Pradesh",101,IN,India,27.84012000,96.19521000,Q15438
132779,"Lower Dibang Valley",4024,AR,"Arunachal Pradesh",101,IN,India,28.37258000,95.88040000,Q2373368
132780,"Lower Subansiri",4024,AR,"Arunachal Pradesh",101,IN,India,27.62554000,93.93908000,Q15436
132934,Margherita,4024,AR,"Arunachal Pradesh",101,IN,India,27.28482000,95.66796000,Q1924981
133121,Naharlagun,4024,AR,"Arunachal Pradesh",101,IN,India,27.10467000,93.69518000,Q2576091
133551,Pasighat,4024,AR,"Arunachal Pradesh",101,IN,India,28.06631000,95.32678000,Q1936930
134120,Tawang,4024,AR,"Arunachal Pradesh",101,IN,India,27.57417000,91.92437000,Q1006270
134135,Tezu,4024,AR,"Arunachal Pradesh",101,IN,India,27.91256000,96.12882000,Q13221
134199,Tirap,4024,AR,"Arunachal Pradesh",101,IN,India,27.01917000,95.51788000,Q15448
134288,"Upper Siang",4024,AR,"Arunachal Pradesh",101,IN,India,28.83355000,94.91806000,Q15465
134289,"Upper Subansiri",4024,AR,"Arunachal Pradesh",101,IN,India,28.30000000,94.00000000,Q15464
134409,"West Kameng",4024,AR,"Arunachal Pradesh",101,IN,India,27.40000000,92.35000000,Q15459
134411,"West Siang",4024,AR,"Arunachal Pradesh",101,IN,India,28.40000000,94.55000000,Q15453
134444,Ziro,4024,AR,"Arunachal Pradesh",101,IN,India,27.59497000,93.83854000,Q663062
57585,Abhayapuri,4027,AS,Assam,101,IN,India,26.32255000,90.68526000,Q490701
57679,Amguri,4027,AS,Assam,101,IN,India,26.81482000,94.52614000,Q585858
57787,Badarpur,4027,AS,Assam,101,IN,India,24.86852000,92.59606000,Q2563426
57820,Baksa,4027,AS,Assam,101,IN,India,26.69804000,91.15142000,Q622831
57883,Barpathar,4027,AS,Assam,101,IN,India,26.28709000,93.88844000,Q707805
57884,Barpeta,4027,AS,Assam,101,IN,India,26.47104000,91.03080000,Q41249
57885,"Barpeta Road",4027,AS,Assam,101,IN,India,26.50284000,90.96937000,Q712460
58150,Basugaon,4027,AS,Assam,101,IN,India,26.46742000,90.41951000,Q712428
58028,Bihpuriagaon,4027,AS,Assam,101,IN,India,27.01718000,93.91673000,Q796775
58034,Bijni,4027,AS,Assam,101,IN,India,26.49588000,90.70298000,Q797126
58053,Bilasipara,4027,AS,Assam,101,IN,India,26.23285000,90.23410000,Q795803
58075,Bokajan,4027,AS,Assam,101,IN,India,26.02131000,93.77945000,Q633816
58077,Bokakhat,4027,AS,Assam,101,IN,India,26.64018000,93.60052000,Q859160
58081,Bongaigaon,4027,AS,Assam,101,IN,India,26.46030000,90.64640000,Q42197
131634,Cachar,4027,AS,Assam,101,IN,India,24.78213000,92.85771000,Q42209
131588,Chabua,4027,AS,Assam,101,IN,India,27.48253000,95.17451000,Q861884
131604,Chapar,4027,AS,Assam,101,IN,India,26.27266000,90.44556000,Q2733320
131568,Chirang,4027,AS,Assam,101,IN,India,26.52527000,90.49066000,Q2574898
131657,Darrang,4027,AS,Assam,101,IN,India,26.51195000,92.16843000,Q42461
131695,Dergaon,4027,AS,Assam,101,IN,India,26.70000000,93.96667000,Q1189812
131732,Dhekiajuli,4027,AS,Assam,101,IN,India,26.70367000,92.47808000,Q1258219
131733,Dhemaji,4027,AS,Assam,101,IN,India,27.60910000,94.79420000,Q42473
131737,Dhing,4027,AS,Assam,101,IN,India,26.46793000,92.47336000,Q1259385
131744,Dhubri,4027,AS,Assam,101,IN,India,26.06749000,90.02238000,Q1265559
131762,Dibrugarh,4027,AS,Assam,101,IN,India,27.50000000,95.00000000,Q42479
131766,Digboi,4027,AS,Assam,101,IN,India,27.39321000,95.61839000,Q1267577
131770,"Dima Hasao District",4027,AS,Assam,101,IN,India,25.50000000,93.00000000,Q42774
131776,Diphu,4027,AS,Assam,101,IN,India,25.84341000,93.43116000,Q1227167
131778,Dispur,4027,AS,Assam,101,IN,India,26.13564000,91.80069000,Q271911
131795,Duliagaon,4027,AS,Assam,101,IN,India,27.37227000,95.30754000,Q1387263
131796,"Dum Duma",4027,AS,Assam,101,IN,India,27.56884000,95.55664000,Q1387064
131928,Gauripur,4027,AS,Assam,101,IN,India,26.08334000,89.96118000,Q279871
132004,Goalpara,4027,AS,Assam,101,IN,India,26.12791000,90.60974000,Q42522
131967,Gohpur,4027,AS,Assam,101,IN,India,26.88184000,93.61560000,Q1708616
131976,Golaghat,4027,AS,Assam,101,IN,India,26.40920000,93.91193000,Q42517
131977,Golakganj,4027,AS,Assam,101,IN,India,26.10216000,89.82275000,Q1707247
131997,Goshaingaon,4027,AS,Assam,101,IN,India,26.43946000,89.96307000,Q1707386
132039,Guwahati,4027,AS,Assam,101,IN,India,26.18440000,91.74580000,Q199605
132134,Haflong,4027,AS,Assam,101,IN,India,25.16478000,93.01744000,Q1026900
132055,Hailakandi,4027,AS,Assam,101,IN,India,24.50170000,92.60069000,Q42505
132137,Hajo,4027,AS,Assam,101,IN,India,26.24520000,91.52525000,Q1707355
132110,Hojai,4027,AS,Assam,101,IN,India,26.00281000,92.85605000,Q640538
132126,Howli,4027,AS,Assam,101,IN,India,26.42237000,90.98004000,Q1707538
132291,Jogighopa,4027,AS,Assam,101,IN,India,26.22646000,90.57247000,Q6214788
132294,Jorhat,4027,AS,Assam,101,IN,India,26.80000000,94.26000000,Q42611
132693,Kamrup,4027,AS,Assam,101,IN,India,26.22322000,91.65344000,Q2247441
132366,"Kamrup Metropolitan",4027,AS,Assam,101,IN,India,26.05375000,92.00763000,Q2316852
132718,"Karbi Anglong",4027,AS,Assam,101,IN,India,26.00000000,93.50000000,Q42558
132402,Karimganj,4027,AS,Assam,101,IN,India,24.60000000,92.40000000,Q42542
132518,Kharupatia,4027,AS,Assam,101,IN,India,26.51839000,92.14722000,Q2120118
132551,Kokrajhar,4027,AS,Assam,101,IN,India,26.60000000,90.20000000,Q42618
132742,Lakhimpur,4027,AS,Assam,101,IN,India,27.35000000,94.25000000,Q42743
132743,Lakhipur,4027,AS,Assam,101,IN,India,24.79281000,93.00910000,Q12450962
132793,Lala,4027,AS,Assam,101,IN,India,24.55418000,92.61592000,Q1929695
132786,"Lumding Railway Colony",4027,AS,Assam,101,IN,India,25.74903000,93.16998000,Q2244284
132842,Mahur,4027,AS,Assam,101,IN,India,25.18305000,93.11342000,Q1925068
132853,Maibong,4027,AS,Assam,101,IN,India,25.30125000,93.13811000,Q2563522
133064,Makum,4027,AS,Assam,101,IN,India,27.48652000,95.43646000,Q2563541
132904,Mangaldai,4027,AS,Assam,101,IN,India,26.44212000,92.03047000,Q2308247
132937,Mariani,4027,AS,Assam,101,IN,India,26.65725000,94.31529000,Q2330626
133002,Moranha,4027,AS,Assam,101,IN,India,27.18735000,94.91557000,Q1345006
132995,Morigaon,4027,AS,Assam,101,IN,India,26.25213000,92.34238000,Q42737
133110,Nagaon,4027,AS,Assam,101,IN,India,26.35037000,92.69225000,Q42686
133122,Nahorkatiya,4027,AS,Assam,101,IN,India,27.28912000,95.34180000,Q2733371
133130,Nalbari,4027,AS,Assam,101,IN,India,26.50000000,91.40000000,Q42779
133266,Namrup,4027,AS,Assam,101,IN,India,27.19395000,95.31929000,Q938816
133284,Nazira,4027,AS,Assam,101,IN,India,26.91649000,94.73611000,Q2733289
133239,"North Guwahati",4027,AS,Assam,101,IN,India,26.19749000,91.72020000,Q2733384
133240,"North Lakhimpur",4027,AS,Assam,101,IN,India,27.23517000,94.10357000,Q2088889
133248,Numaligarh,4027,AS,Assam,101,IN,India,26.62249000,93.72225000,Q2738436
133341,Palasbari,4027,AS,Assam,101,IN,India,26.12388000,91.53974000,Q2228584
133584,Raha,4027,AS,Assam,101,IN,India,26.23333000,92.51667000,Q2573077
133610,Rangapara,4027,AS,Assam,101,IN,India,26.83772000,92.66876000,Q2732997
133608,Rangia,4027,AS,Assam,101,IN,India,26.44931000,91.61356000,Q2475022
133798,Sapatgram,4027,AS,Assam,101,IN,India,26.33732000,90.12360000,Q2732976
133809,Sarupathar,4027,AS,Assam,101,IN,India,26.20600000,96.81000000,Q638291
133916,Sibsagar,4027,AS,Assam,101,IN,India,26.98427000,94.63784000,Q1284453
133934,Silapathar,4027,AS,Assam,101,IN,India,27.59441000,94.72402000,Q1617473
133935,Silchar,4027,AS,Assam,101,IN,India,24.82733000,92.79787000,Q944769
133979,Soalkuchi,4027,AS,Assam,101,IN,India,26.16806000,91.57111000,Q249311
133998,Sonari,4027,AS,Assam,101,IN,India,27.02462000,95.01629000,Q2737021
133996,Sonitpur,4027,AS,Assam,101,IN,India,26.76748000,92.96425000,Q2734240
134003,Sorbhog,4027,AS,Assam,101,IN,India,26.48612000,90.88590000,Q2545590
134134,Tezpur,4027,AS,Assam,101,IN,India,26.63333000,92.80000000,Q1021162
134175,Tinsukia,4027,AS,Assam,101,IN,India,27.60000000,95.60000000,Q42756
134203,Titabar,4027,AS,Assam,101,IN,India,26.60140000,94.20386000,Q2717487
134252,Udalguri,4027,AS,Assam,101,IN,India,26.75367000,92.10215000,Q2726152
57661,Amarpur,4037,BR,Bihar,101,IN,India,25.03967000,86.90247000,Q1609229
57730,Araria,4037,BR,Bihar,101,IN,India,26.20000000,87.40000000,Q42901
57739,Arrah,4037,BR,Bihar,101,IN,India,25.55629000,84.66335000,Q588587
57747,Arwal,4037,BR,Bihar,101,IN,India,25.16158000,84.69040000,Q42917
57749,Asarganj,4037,BR,Bihar,101,IN,India,25.15046000,86.68639000,Q589912
57766,Aurangabad,4037,BR,Bihar,101,IN,India,24.75204000,84.37420000,Q590550
57796,Bagaha,4037,BR,Bihar,101,IN,India,27.09918000,84.09003000,Q590593
57809,Bahadurganj,4037,BR,Bihar,101,IN,India,26.26172000,87.82443000,Q622603
57815,Bairagnia,4037,BR,Bihar,101,IN,India,26.74063000,85.27323000,Q636552
57816,Baisi,4037,BR,Bihar,101,IN,India,25.86302000,87.74487000,Q4848696
57818,Bakhtiyarpur,4037,BR,Bihar,101,IN,India,25.46179000,85.53179000,Q622609
57850,Bangaon,4037,BR,Bihar,101,IN,India,25.86728000,86.51152000,Q5266882
57854,Banka,4037,BR,Bihar,101,IN,India,24.89214000,86.98425000,Q43097
57855,Banmankhi,4037,BR,Bihar,101,IN,India,25.88857000,87.19421000,Q4856831
57860,"Bar Bigha",4037,BR,Bihar,101,IN,India,25.21855000,85.73320000,Q622613
57864,Barauli,4037,BR,Bihar,101,IN,India,26.38109000,84.58648000,Q12440787
58141,Barh,4037,BR,Bihar,101,IN,India,25.48339000,85.70928000,Q709313
57873,Barhiya,4037,BR,Bihar,101,IN,India,25.28814000,86.02055000,Q709090
57875,Bariarpur,4037,BR,Bihar,101,IN,India,25.28791000,86.57643000,Q712396
58145,Baruni,4037,BR,Bihar,101,IN,India,25.47509000,85.96813000,Q42016
57915,Begusarai,4037,BR,Bihar,101,IN,India,25.41853000,86.13389000,Q598985
57927,Belsand,4037,BR,Bihar,101,IN,India,26.44365000,85.40076000,Q721485
57941,Bettiah,4037,BR,Bihar,101,IN,India,26.80229000,84.50311000,Q759222
57947,Bhabhua,4037,BR,Bihar,101,IN,India,25.04049000,83.60749000,Q759544
58009,Bhagalpur,4037,BR,Bihar,101,IN,India,25.29023000,87.06665000,Q49155
57957,Bhagirathpur,4037,BR,Bihar,101,IN,India,26.26950000,86.06346000,Q2284099
57974,Bhawanipur,4037,BR,Bihar,101,IN,India,26.45352000,87.02744000,Q4901597
57991,Bhojpur,4037,BR,Bihar,101,IN,India,25.30886000,84.44504000,Q796770
58029,"Bihar Sharif",4037,BR,Bihar,101,IN,India,25.20084000,85.52389000,Q2308343
58030,Bihariganj,4037,BR,Bihar,101,IN,India,25.73415000,86.98837000,Q4907104
58039,Bikramganj,4037,BR,Bihar,101,IN,India,25.21073000,84.25508000,Q796526
58160,Birpur,4037,BR,Bihar,101,IN,India,26.50823000,87.01194000,Q795718
58089,"Buddh Gaya",4037,BR,Bihar,101,IN,India,24.69808000,84.98690000,Q176767
58100,Buxar,4037,BR,Bihar,101,IN,India,25.50000000,84.10000000,Q49161
131590,Chakia,4037,BR,Bihar,101,IN,India,26.41598000,85.04665000,Q1924830
131605,Chapra,4037,BR,Bihar,101,IN,India,25.78031000,84.74709000,Q1755440
131541,Chhatapur,4037,BR,Bihar,101,IN,India,26.21965000,87.00479000,Q888816
131620,Colgong,4037,BR,Bihar,101,IN,India,25.26328000,87.23264000,Q1190209
131647,"Dalsingh Sarai",4037,BR,Bihar,101,IN,India,25.66795000,85.83636000,Q1189794
131654,Darbhanga,4037,BR,Bihar,101,IN,India,26.00000000,86.00000000,Q49160
131664,Daudnagar,4037,BR,Bihar,101,IN,India,25.03473000,84.40095000,Q1191619
131677,Dehri,4037,BR,Bihar,101,IN,India,24.90247000,84.18217000,Q1190622
131748,Dhaka,4037,BR,Bihar,101,IN,India,26.67479000,85.16698000,Q1257018
131767,Dighwara,4037,BR,Bihar,101,IN,India,25.74434000,85.01003000,Q1255941
131773,Dinapore,4037,BR,Bihar,101,IN,India,25.63705000,85.04794000,Q1022305
131798,Dumra,4037,BR,Bihar,101,IN,India,26.56708000,85.52040000,Q2577657
131799,Dumraon,4037,BR,Bihar,101,IN,India,25.55265000,84.15149000,Q1524667
131873,Fatwa,4037,BR,Bihar,101,IN,India,25.50958000,85.30504000,Q1320989
131878,Forbesganj,4037,BR,Bihar,101,IN,India,26.30253000,87.26556000,Q721265
131932,Gaya,4037,BR,Bihar,101,IN,India,24.79686000,85.00385000,Q251329
131943,Ghoga,4037,BR,Bihar,101,IN,India,25.21738000,87.15710000,Q1706729
131987,Gopalganj,4037,BR,Bihar,101,IN,India,26.50000000,84.33333000,Q49171
132138,Hajipur,4037,BR,Bihar,101,IN,India,25.68544000,85.20981000,Q1949403
132095,Hilsa,4037,BR,Bihar,101,IN,India,25.31642000,85.28234000,Q2734910
132107,Hisua,4037,BR,Bihar,101,IN,India,24.83360000,85.41729000,Q2317259
132174,Islampur,4037,BR,Bihar,101,IN,India,25.14075000,85.20587000,Q1747221
132188,Jagdispur,4037,BR,Bihar,101,IN,India,25.46811000,84.41939000,Q5475354
132198,Jahanabad,4037,BR,Bihar,101,IN,India,25.21368000,84.98710000,Q3806140
132234,Jamalpur,4037,BR,Bihar,101,IN,India,25.31258000,86.48888000,Q2734136
132233,Jamui,4037,BR,Bihar,101,IN,India,24.92082000,86.17538000,Q49168
132258,Jaynagar,4037,BR,Bihar,101,IN,India,26.59048000,86.13791000,Q2317504
132259,Jehanabad,4037,BR,Bihar,101,IN,India,25.20701000,84.99573000,Q49176
132274,Jha-Jha,4037,BR,Bihar,101,IN,India,24.77107000,86.37888000,Q1006350
132267,Jhanjharpur,4037,BR,Bihar,101,IN,India,26.26467000,86.27993000,Q607709
132288,Jogbani,4037,BR,Bihar,101,IN,India,26.39905000,87.26525000,Q2286929
132337,"Kaimur District",4037,BR,Bihar,101,IN,India,25.05077000,83.58261000,Q77367
132417,Kasba,4037,BR,Bihar,101,IN,India,25.85643000,87.53836000,Q2231019
132423,Katihar,4037,BR,Bihar,101,IN,India,25.50000000,87.60000000,Q2375700
132451,Khagaria,4037,BR,Bihar,101,IN,India,25.50220000,86.46708000,Q2070587
132452,Khagaul,4037,BR,Bihar,101,IN,India,25.57898000,85.04564000,Q2120482
132470,Kharagpur,4037,BR,Bihar,101,IN,India,25.12446000,86.55578000,Q2120147
132510,Khusropur,4037,BR,Bihar,101,IN,India,25.48174000,85.38492000,Q2235607
132529,Kishanganj,4037,BR,Bihar,101,IN,India,26.30000000,88.00000000,Q747765
132620,Koath,4037,BR,Bihar,101,IN,India,25.32643000,84.25983000,Q2239138
132548,Koelwar,4037,BR,Bihar,101,IN,India,25.58055000,84.79751000,Q2239007
132744,Lakhisarai,4037,BR,Bihar,101,IN,India,25.20000000,86.20000000,Q77505
132795,Lalganj,4037,BR,Bihar,101,IN,India,25.86894000,85.17394000,Q720183
132781,Luckeesarai,4037,BR,Bihar,101,IN,India,25.17650000,86.09470000,Q1929578
132812,Madhepura,4037,BR,Bihar,101,IN,India,25.80000000,87.00000000,Q77746
132815,Madhubani,4037,BR,Bihar,101,IN,India,26.35367000,86.07169000,Q2767858
132849,Maharajgani,4037,BR,Bihar,101,IN,India,26.11017000,84.50365000,Q2733647
132859,Mairwa,4037,BR,Bihar,101,IN,India,26.23218000,84.16349000,Q2563828
132901,Maner,4037,BR,Bihar,101,IN,India,25.64602000,84.87291000,Q2317827
132911,Manihari,4037,BR,Bihar,101,IN,India,25.33891000,87.61998000,Q2453339
132935,Marhaura,4037,BR,Bihar,101,IN,India,25.97349000,84.86796000,Q2560728
132938,"Masaurhi Buzurg",4037,BR,Bihar,101,IN,India,25.35417000,85.03195000,Q2453418
132984,"Mohiuddi nagar",4037,BR,Bihar,101,IN,India,25.57374000,85.66944000,Q2564073
132988,Mokameh,4037,BR,Bihar,101,IN,India,25.39662000,85.92190000,Q2453482
132991,Monghyr,4037,BR,Bihar,101,IN,India,25.37459000,86.47455000,Q36796
133005,Mothihari,4037,BR,Bihar,101,IN,India,26.64862000,84.91656000,Q1774606
133032,Munger,4037,BR,Bihar,101,IN,India,25.36099000,86.46515000,Q258280
133037,Murliganj,4037,BR,Bihar,101,IN,India,25.89690000,86.99577000,Q2560591
133052,Muzaffarpur,4037,BR,Bihar,101,IN,India,26.16667000,85.41667000,Q77731
133105,Nabinagar,4037,BR,Bihar,101,IN,India,24.60681000,84.12624000,Q2453472
133262,Nalanda,4037,BR,Bihar,101,IN,India,25.25000000,85.58333000,Q77633
133279,Nasriganj,4037,BR,Bihar,101,IN,India,25.05140000,84.32839000,Q6967322
133182,Naugachhia,4037,BR,Bihar,101,IN,India,25.38807000,87.09906000,Q2453298
133192,Nawada,4037,BR,Bihar,101,IN,India,24.75000000,85.50000000,Q100067
133222,Nirmali,4037,BR,Bihar,101,IN,India,26.31397000,86.58537000,Q545770
133373,"Pashchim Champaran",4037,BR,Bihar,101,IN,India,27.00000000,84.50000000,Q1390016
133386,Patna,4037,BR,Bihar,101,IN,India,25.41667000,85.16667000,Q100077
133459,Piro,4037,BR,Bihar,101,IN,India,25.33218000,84.40454000,Q2228653
133509,Pupri,4037,BR,Bihar,101,IN,India,26.47079000,85.70311000,Q2453330
133570,"Purba Champaran",4037,BR,Bihar,101,IN,India,26.58333000,84.83333000,Q2718070
133512,Purnia,4037,BR,Bihar,101,IN,India,25.81614000,87.40708000,Q100082
133581,Rafiganj,4037,BR,Bihar,101,IN,India,24.81757000,84.63445000,Q2560697
133582,Raghunathpur,4037,BR,Bihar,101,IN,India,25.64492000,87.91762000,Q2560697
133678,Rajgir,4037,BR,Bihar,101,IN,India,25.02828000,85.42079000,Q863683
133701,Ramnagar,4037,BR,Bihar,101,IN,India,27.16371000,84.32342000,Q2228976
133621,Raxaul,4037,BR,Bihar,101,IN,India,26.97982000,84.85065000,Q2087576
133632,Revelganj,4037,BR,Bihar,101,IN,India,25.78976000,84.63596000,Q2453460
133648,Rohtas,4037,BR,Bihar,101,IN,India,24.97941000,84.02774000,Q100085
133656,Rusera,4037,BR,Bihar,101,IN,India,25.75355000,86.02597000,Q2717615
133748,Sagauli,4037,BR,Bihar,101,IN,India,26.76390000,84.74341000,Q7399079
133749,Saharsa,4037,BR,Bihar,101,IN,India,25.87498000,86.59611000,Q1949422
133767,Samastipur,4037,BR,Bihar,101,IN,India,25.75000000,85.91667000,Q2734222
134076,Saran,4037,BR,Bihar,101,IN,India,25.91667000,84.75000000,Q100146
133852,Shahbazpur,4037,BR,Bihar,101,IN,India,26.30511000,87.28865000,Q208000
133902,Shahpur,4037,BR,Bihar,101,IN,India,25.60293000,84.40412000,Q1925497
133858,Sheikhpura,4037,BR,Bihar,101,IN,India,25.13073000,85.78176000,Q2566517
133860,Sheohar,4037,BR,Bihar,101,IN,India,26.50000000,85.30000000,Q2483944
133863,Sherghati,4037,BR,Bihar,101,IN,India,24.55950000,84.79162000,Q2560001
133933,Silao,4037,BR,Bihar,101,IN,India,25.08358000,85.42804000,Q1617473
134089,Sitamarhi,4037,BR,Bihar,101,IN,India,26.66667000,85.50000000,Q1278427
133977,Siwan,4037,BR,Bihar,101,IN,India,26.22096000,84.35609000,Q2234098
134049,Supaul,4037,BR,Bihar,101,IN,India,26.25000000,86.80000000,Q100139
134121,Teghra,4037,BR,Bihar,101,IN,India,25.49043000,85.94001000,Q1006270
134127,Tekari,4037,BR,Bihar,101,IN,India,24.94253000,84.84265000,Q2733597
134163,Thakurganj,4037,BR,Bihar,101,IN,India,26.42742000,88.13112000,Q720796
134314,Vaishali,4037,BR,Bihar,101,IN,India,25.75000000,85.41667000,Q100130
134417,"Waris Aliganj",4037,BR,Bihar,101,IN,India,25.01720000,85.64047000,Q2006496
58190,Chandigarh,4031,CH,Chandigarh,101,IN,India,30.73629000,76.78840000,Q2446932
57619,Akaltara,4040,CT,Chhattisgarh,101,IN,India,22.02463000,82.42641000,Q582949
57672,"Ambagarh Chauki",4040,CT,Chhattisgarh,101,IN,India,20.77644000,80.74608000,Q590056
57670,Ambikapur,4040,CT,Chhattisgarh,101,IN,India,23.11892000,83.19537000,Q2088480
57728,Arang,4040,CT,Chhattisgarh,101,IN,India,21.19639000,81.96912000,Q589854
57812,Baikunthpur,4040,CT,Chhattisgarh,101,IN,India,23.26206000,82.56051000,Q623920
57830,Balod,4040,CT,Chhattisgarh,101,IN,India,20.73081000,81.20578000,Q921009
57831,Baloda,4040,CT,Chhattisgarh,101,IN,India,22.13890000,82.48171000,Q622838
57832,"Baloda Bazar",4040,CT,Chhattisgarh,101,IN,India,21.65678000,82.16062000,Q625680
57898,Basna,4040,CT,Chhattisgarh,101,IN,India,21.27885000,82.82670000,Q708834
57900,Bastar,4040,CT,Chhattisgarh,101,IN,India,19.26794000,81.73828000,Q100152
57931,Bemetara,4040,CT,Chhattisgarh,101,IN,India,21.71556000,81.53423000,Q4885104
58013,Bhanpuri,4040,CT,Chhattisgarh,101,IN,India,21.09190000,80.93218000,Q720123
58015,Bhatapara,4040,CT,Chhattisgarh,101,IN,India,21.73500000,81.94711000,Q757847
57969,Bhatgaon,4040,CT,Chhattisgarh,101,IN,India,21.15000000,81.70000000,Q13403597
57981,Bhilai,4040,CT,Chhattisgarh,101,IN,India,21.20919000,81.42850000,Q242144
58032,Bijapur,4040,CT,Chhattisgarh,101,IN,India,18.84322000,80.77610000,Q100164
58055,Bilaspur,4040,CT,Chhattisgarh,101,IN,India,22.38333000,82.13333000,Q100157
131593,Champa,4040,CT,Chhattisgarh,101,IN,India,22.03532000,82.64234000,Q3666066
131538,Chhuikhadan,4040,CT,Chhattisgarh,101,IN,India,21.52316000,80.99788000,Q1105863
153519,Dantewada,4040,CT,Chhattisgarh,101,IN,India,18.89984800,81.33867520,Q3921198
131690,Deori,4040,CT,Chhattisgarh,101,IN,India,21.45000000,82.61667000,Q1190738
131712,Dhamtari,4040,CT,Chhattisgarh,101,IN,India,20.70718000,81.54874000,Q1264075
131787,Dongargaon,4040,CT,Chhattisgarh,101,IN,India,20.97172000,80.85077000,Q1387439
131788,Dongargarh,4040,CT,Chhattisgarh,101,IN,India,21.18893000,80.75459000,Q1387087
131801,Durg,4040,CT,Chhattisgarh,101,IN,India,21.15000000,81.40000000,Q100182
131897,Gandai,4040,CT,Chhattisgarh,101,IN,India,21.66667000,81.10013000,Q1656707
131926,Gariaband,4040,CT,Chhattisgarh,101,IN,India,20.63323000,82.06221000,Q536870
131927,Gaurela,4040,CT,Chhattisgarh,101,IN,India,22.75449000,81.90107000,Q536870
131938,Gharghoda,4040,CT,Chhattisgarh,101,IN,India,22.17427000,83.35170000,Q1706460
132048,Gidam,4040,CT,Chhattisgarh,101,IN,India,18.97431000,81.39894000,Q41543
132186,Jagdalpur,4040,CT,Chhattisgarh,101,IN,India,19.08136000,82.02131000,Q1006363
132312,Janjgir,4040,CT,Chhattisgarh,101,IN,India,22.00922000,82.57780000,Q3634114
132240,Janjgir-Champa,4040,CT,Chhattisgarh,101,IN,India,21.90000000,82.70000000,Q2575633
132244,Jashpur,4040,CT,Chhattisgarh,101,IN,India,22.78495000,83.84573000,Q2577551
132245,Jashpurnagar,4040,CT,Chhattisgarh,101,IN,India,22.88783000,84.13864000,Q2577551
132318,Junagarh,4040,CT,Chhattisgarh,101,IN,India,19.85993000,82.93385000,Q1937526
132319,Kabeerdham,4040,CT,Chhattisgarh,101,IN,India,22.10000000,81.20000000,Q2450255
132704,Kanker,4040,CT,Chhattisgarh,101,IN,India,20.27193000,81.49177000,Q609848
132421,Katghora,4040,CT,Chhattisgarh,101,IN,India,22.50247000,82.54279000,Q2317239
132433,Kawardha,4040,CT,Chhattisgarh,101,IN,India,22.00853000,81.23148000,Q1929610
132456,Khairagarh,4040,CT,Chhattisgarh,101,IN,India,21.41859000,80.97942000,Q3195939
132463,Khamharia,4040,CT,Chhattisgarh,101,IN,India,20.97600000,82.25116000,Q1740527
132480,Kharod,4040,CT,Chhattisgarh,101,IN,India,21.74420000,82.57880000,Q2120445
132481,Kharsia,4040,CT,Chhattisgarh,101,IN,India,21.98953000,83.10476000,Q2317203
132525,Kirandul,4040,CT,Chhattisgarh,101,IN,India,18.63649000,81.25827000,Q2237173
132565,Kondagaon,4040,CT,Chhattisgarh,101,IN,India,19.59083000,81.66400000,Q2234676
132581,Korba,4040,CT,Chhattisgarh,101,IN,India,22.50000000,82.60000000,Q2299121
132583,Koria,4040,CT,Chhattisgarh,101,IN,India,23.48326000,82.15037000,Q2299121
132612,Kota,4040,CT,Chhattisgarh,101,IN,India,22.29507000,82.02366000,Q2236924
132596,Kotaparh,4040,CT,Chhattisgarh,101,IN,India,19.14256000,82.32536000,Q279106
132641,Kumhari,4040,CT,Chhattisgarh,101,IN,India,21.26667000,81.51667000,Q2234421
132661,Kurud,4040,CT,Chhattisgarh,101,IN,India,20.83073000,81.72212000,Q591621
132777,Lormi,4040,CT,Chhattisgarh,101,IN,India,22.27434000,81.70181000,Q303819
132827,Mahasamund,4040,CT,Chhattisgarh,101,IN,India,21.20000000,82.50000000,Q2450240
133031,Mungeli,4040,CT,Chhattisgarh,101,IN,India,22.06566000,81.68543000,Q2452734
133163,Narayanpur,4040,CT,Chhattisgarh,101,IN,India,19.60426000,81.08119000,Q2322000
133168,Narharpur,4040,CT,Chhattisgarh,101,IN,India,20.44892000,81.62004000,Q15261015
133346,Pandaria,4040,CT,Chhattisgarh,101,IN,India,22.22495000,81.40994000,Q520157
133540,Pandatarai,4040,CT,Chhattisgarh,101,IN,India,22.18714000,81.32815000,Q7130519
133375,Pasan,4040,CT,Chhattisgarh,101,IN,India,22.84412000,82.19823000,Q2720089
133552,Patan,4040,CT,Chhattisgarh,101,IN,India,21.03333000,81.53333000,Q3786789
133379,Pathalgaon,4040,CT,Chhattisgarh,101,IN,India,22.55656000,83.46355000,Q2558945
133405,Pendra,4040,CT,Chhattisgarh,101,IN,India,22.77548000,81.95968000,Q2558897
133463,Pithora,4040,CT,Chhattisgarh,101,IN,India,21.25021000,82.51707000,Q745401
133587,Raigarh,4040,CT,Chhattisgarh,101,IN,India,22.08582000,83.30603000,Q2286310
133590,Raipur,4040,CT,Chhattisgarh,101,IN,India,21.25621000,81.69022000,Q2295914
133668,"Raj Nandgaon",4040,CT,Chhattisgarh,101,IN,India,21.16667000,81.00000000,Q2551329
133711,"Ramanuj Ganj",4040,CT,Chhattisgarh,101,IN,India,23.80637000,83.69981000,Q2545077
133616,Ratanpur,4040,CT,Chhattisgarh,101,IN,India,22.28660000,82.16823000,Q720204
133761,Sakti,4040,CT,Chhattisgarh,101,IN,India,22.02662000,82.96091000,Q2734644
133801,Saraipali,4040,CT,Chhattisgarh,101,IN,India,21.31530000,83.00629000,Q2559019
134077,Sarangarh,4040,CT,Chhattisgarh,101,IN,India,21.58614000,83.07850000,Q2317301
133845,Seorinarayan,4040,CT,Chhattisgarh,101,IN,India,21.72055000,82.59344000,Q2545959
133940,Simga,4040,CT,Chhattisgarh,101,IN,India,21.62810000,81.70376000,Q2734480
134051,Surguja,4040,CT,Chhattisgarh,101,IN,India,22.89624000,83.09631000,Q1805075
134099,Takhatpur,4040,CT,Chhattisgarh,101,IN,India,22.12915000,81.86959000,Q2734491
134273,Umarkot,4040,CT,Chhattisgarh,101,IN,India,19.66529000,82.20629000,Q2718792
134299,"Uttar Bastar Kanker",4040,CT,Chhattisgarh,101,IN,India,20.20000000,81.10000000,Q2231121
134459,Amli,4033,DH,"Dadra and Nagar Haveli and Daman and Diu",101,IN,India,20.28333000,73.01667000,Q367624
131639,Dadra,4033,DH,"Dadra and Nagar Haveli and Daman and Diu",101,IN,India,20.32504000,72.96618000,Q1190879
131640,"Dadra & Nagar Haveli",4033,DH,"Dadra and Nagar Haveli and Daman and Diu",101,IN,India,20.20651000,73.00811000,Q10752928
131649,Daman,4033,DH,"Dadra and Nagar Haveli and Daman and Diu",101,IN,India,20.41431000,72.83236000,Q463252
131779,Diu,4033,DH,"Dadra and Nagar Haveli and Daman and Diu",101,IN,India,20.72081000,70.93989000,Q2552347
133937,Silvassa,4033,DH,"Dadra and Nagar Haveli and Daman and Diu",101,IN,India,20.27386000,72.99673000,Q318404
57655,Alipur,4021,DL,Delhi,101,IN,India,28.79862000,77.13314000,Q766918
57909,Bawana,4021,DL,Delhi,101,IN,India,28.79820000,77.03431000,Q760346
58171,"Central Delhi",4021,DL,Delhi,101,IN,India,28.64857000,77.21895000,Q107941
131679,Delhi,4021,DL,Delhi,101,IN,India,28.65195000,77.23149000,Q1353
131687,Deoli,4021,DL,Delhi,101,IN,India,28.50254000,77.23117000,Q2429122
131821,"East Delhi",4021,DL,Delhi,101,IN,India,28.66242000,77.29122000,Q107960
132406,"Karol Bagh",4021,DL,Delhi,101,IN,India,28.65136000,77.19072000,Q13641055
133126,Najafgarh,4021,DL,Delhi,101,IN,India,28.60922000,76.97982000,Q2544256
133269,"Nangloi Jat",4021,DL,Delhi,101,IN,India,28.67957000,77.06799000,Q375592
133165,Narela,4021,DL,Delhi,101,IN,India,28.85267000,77.09288000,Q6965751
133210,"New Delhi",4021,DL,Delhi,101,IN,India,28.63576000,77.22445000,Q987
133234,"North Delhi",4021,DL,Delhi,101,IN,India,28.66920000,77.22273000,Q693367
133236,"North East Delhi",4021,DL,Delhi,101,IN,India,28.68690000,77.30195000,Q429329
133243,"North West Delhi",4021,DL,Delhi,101,IN,India,28.70113000,77.10154000,Q766125
133461,Pitampura,4021,DL,Delhi,101,IN,India,28.68964000,77.13126000,Q2228786
133645,Rohini,4021,DL,Delhi,101,IN,India,28.74322000,77.06778000,Q15272986
134007,"South Delhi",4021,DL,Delhi,101,IN,India,28.53009000,77.25174000,Q2061938
134012,"South West Delhi",4021,DL,Delhi,101,IN,India,28.58060000,77.06720000,Q2379189
134404,"West Delhi",4021,DL,Delhi,101,IN,India,28.65655000,77.10068000,Q549807
57638,Aldona,4009,GA,Goa,101,IN,India,15.59337000,73.87482000,Q584939
57727,Arambol,4009,GA,Goa,101,IN,India,15.68681000,73.70449000,Q584823
57795,Baga,4009,GA,Goa,101,IN,India,15.56517000,73.75517000,Q3412838
57836,Bambolim,4009,GA,Goa,101,IN,India,15.46361000,73.85310000,Q627037
57845,Bandora,4009,GA,Goa,101,IN,India,15.40823000,73.98129000,Q720252
57932,Benaulim,4009,GA,Goa,101,IN,India,15.26435000,73.92812000,Q2564851
58165,Calangute,4009,GA,Goa,101,IN,India,15.54390000,73.75530000,Q861976
58167,Candolim,4009,GA,Goa,101,IN,India,15.51807000,73.76259000,Q858424
58169,Carapur,4009,GA,Goa,101,IN,India,15.56588000,73.98713000,Q861379
58170,Cavelossim,4009,GA,Goa,101,IN,India,15.17255000,73.94194000,Q5054993
131542,Chicalim,4009,GA,Goa,101,IN,India,15.39835000,73.84216000,Q1105928
131559,Chinchinim,4009,GA,Goa,101,IN,India,15.21447000,73.97555000,Q1105849
131622,Colovale,4009,GA,Goa,101,IN,India,15.63522000,73.82426000,Q939521
131623,Colva,4009,GA,Goa,101,IN,India,15.27976000,73.92285000,Q3440760
131625,Cortalim,4009,GA,Goa,101,IN,India,15.40247000,73.90881000,Q3440760
131630,Cuncolim,4009,GA,Goa,101,IN,India,15.17730000,73.99392000,Q1190666
131631,Curchorem,4009,GA,Goa,101,IN,India,15.26349000,74.10875000,Q1190690
131632,Curti,4009,GA,Goa,101,IN,India,15.41667000,74.01667000,Q12420204
131672,Davorlim,4009,GA,Goa,101,IN,India,15.27221000,73.99242000,Q1192143
131764,Dicholi,4009,GA,Goa,101,IN,India,15.59319000,73.94571000,Q796819
131960,"Goa Velha",4009,GA,Goa,101,IN,India,15.44384000,73.88572000,Q553907
132015,Guirim,4009,GA,Goa,101,IN,India,15.57552000,73.80722000,Q1708211
132297,Jua,4009,GA,Goa,101,IN,India,15.53070000,73.95047000,Q1026878
132705,Kankon,4009,GA,Goa,101,IN,India,15.02698000,74.04617000,Q861954
132811,Madgaon,4009,GA,Goa,101,IN,India,15.27501000,73.95786000,Q515117
133086,Mapuca,4009,GA,Goa,101,IN,India,15.59154000,73.80898000,Q2087705
132997,Morjim,4009,GA,Goa,101,IN,India,15.63097000,73.73903000,Q6912471
132998,Mormugao,4009,GA,Goa,101,IN,India,15.38914000,73.81491000,Q1814480
133185,Navelim,4009,GA,Goa,101,IN,India,15.53333000,73.98333000,Q2475087
133238,"North Goa",4009,GA,Goa,101,IN,India,15.53397000,73.96408000,Q108234
133330,Palle,4009,GA,Goa,101,IN,India,15.46667000,74.08333000,Q1320784
133342,Panaji,4009,GA,Goa,101,IN,India,15.49574000,73.82624000,Q214681
133422,Pernem,4009,GA,Goa,101,IN,India,15.72300000,73.79511000,Q2736166
133471,Ponda,4009,GA,Goa,101,IN,India,15.40341000,74.01519000,Q2287007
133572,Quepem,4009,GA,Goa,101,IN,India,15.21280000,74.07720000,Q2561452
133573,Queula,4009,GA,Goa,101,IN,India,15.39011000,73.98557000,Q2734444
133585,Raia,4009,GA,Goa,101,IN,India,15.30499000,73.97096000,Q2573077
133764,Saligao,4009,GA,Goa,101,IN,India,15.55359000,73.79036000,Q2734462
133777,Sancoale,4009,GA,Goa,101,IN,India,15.37794000,73.90352000,Q2573142
133786,Sanguem,4009,GA,Goa,101,IN,India,15.22901000,74.15149000,Q614055
133791,Sanquelim,4009,GA,Goa,101,IN,India,15.56422000,74.00799000,Q720140
133795,Sanvordem,4009,GA,Goa,101,IN,India,15.26269000,74.11965000,Q720846
133850,Serula,4009,GA,Goa,101,IN,India,15.54774000,73.84329000,Q2726292
133987,Solim,4009,GA,Goa,101,IN,India,15.61521000,73.76740000,Q2734452
134010,"South Goa",4009,GA,Goa,101,IN,India,15.20425000,74.16733000,Q108244
134101,Taleigao,4009,GA,Goa,101,IN,India,15.46915000,73.83285000,Q7679155
134311,Vagator,4009,GA,Goa,101,IN,India,15.59766000,73.74496000,Q11909
134321,Valpoy,4009,GA,Goa,101,IN,India,15.53239000,74.13671000,Q2734533
134329,Varca,4009,GA,Goa,101,IN,India,15.23237000,73.94311000,Q2558931
134333,"Vasco da Gama",4009,GA,Goa,101,IN,India,15.39585000,73.81568000,Q978780
57588,Abrama,4030,GJ,Gujarat,101,IN,India,20.85865000,72.90648000,Q490916
57591,Adalaj,4030,GJ,Gujarat,101,IN,India,23.16453000,72.58107000,Q2350169
147572,Agol,4030,GJ,Gujarat,101,IN,India,23.15000000,72.26666667,Q4693323
57606,Ahmedabad,4030,GJ,Gujarat,101,IN,India,23.02579000,72.58727000,Q1070
57608,Ahwa,4030,GJ,Gujarat,101,IN,India,20.75718000,73.68626000,Q1964214
147573,Akrund,4030,GJ,Gujarat,101,IN,India,23.28333333,73.11666667,Q2721831
57683,Amod,4030,GJ,Gujarat,101,IN,India,21.99317000,72.87047000,Q2724262
147574,Amod,4030,GJ,Gujarat,101,IN,India,21.99100000,72.87100000,Q2724262
57685,Amreli,4030,GJ,Gujarat,101,IN,India,21.50789000,71.18323000,Q589163
57688,Amroli,4030,GJ,Gujarat,101,IN,India,21.25084000,72.83878000,Q2722516
57695,Anand,4030,GJ,Gujarat,101,IN,India,22.40000000,72.75000000,Q1798750
57709,Anjar,4030,GJ,Gujarat,101,IN,India,23.11316000,70.02671000,Q1945434
57710,Ankleshwar,4030,GJ,Gujarat,101,IN,India,21.63236000,72.99001000,Q588924
58104,Babra,4030,GJ,Gujarat,101,IN,India,21.84577000,71.30544000,Q8239185
142125,Bagasara,4030,GJ,Gujarat,101,IN,India,21.48333333,70.95000000,Q589286
57799,Bagasra,4030,GJ,Gujarat,101,IN,India,21.48719000,70.95516000,Q589286
147575,Bakharla,4030,GJ,Gujarat,101,IN,India,21.73151700,69.63529600,Q15196194
147576,Balagam,4030,GJ,Gujarat,101,IN,India,21.36666667,70.10000000,Q4849800
147577,Balasinor,4030,GJ,Gujarat,101,IN,India,22.95589100,73.33649900,Q624405
147578,Balisana,4030,GJ,Gujarat,101,IN,India,23.81643600,72.25753600,Q2765975
147579,Bamanbore,4030,GJ,Gujarat,101,IN,India,22.41666667,71.01666667,Q2765812
57858,"Banas Kantha",4030,GJ,Gujarat,101,IN,India,24.25000000,72.50000000,Q622613
147580,Bandia,4030,GJ,Gujarat,101,IN,India,23.39604000,69.01155000,Q625706
58135,Bantva,4030,GJ,Gujarat,101,IN,India,21.48815000,70.07576000,Q625718
58140,Bardoli,4030,GJ,Gujarat,101,IN,India,21.12297000,73.11151000,Q712003
57911,Bedi,4030,GJ,Gujarat,101,IN,India,22.50143000,70.04363000,Q516587
57948,Bhachau,4030,GJ,Gujarat,101,IN,India,23.29858000,70.34279000,Q759550
147581,Bhadran,4030,GJ,Gujarat,101,IN,India,22.35930000,72.90050000,Q2767005
147582,Bhandu,4030,GJ,Gujarat,101,IN,India,23.70000000,72.36666667,Q2766842
58014,Bhanvad,4030,GJ,Gujarat,101,IN,India,21.93053000,69.78081000,Q720917
57967,Bharuch,4030,GJ,Gujarat,101,IN,India,21.69482000,72.98050000,Q760153
147583,Bhatha,4030,GJ,Gujarat,101,IN,India,21.18333333,72.76666667,Q4901401
57972,Bhavnagar,4030,GJ,Gujarat,101,IN,India,21.76287000,72.15331000,Q242992
58017,Bhayavadar,4030,GJ,Gujarat,101,IN,India,21.85523000,70.24791000,Q759168
147584,Bhildi,4030,GJ,Gujarat,101,IN,India,24.18333333,72.03333333,Q2767371
147585,"Bhojpur Dharampur",4030,GJ,Gujarat,101,IN,India,23.25000000,69.67000000,Q798382
58002,Bhuj,4030,GJ,Gujarat,101,IN,India,23.25397000,69.66928000,Q798382
58045,Bilimora,4030,GJ,Gujarat,101,IN,India,20.76957000,72.96134000,Q862141
58046,Bilkha,4030,GJ,Gujarat,101,IN,India,21.44150000,70.60063000,Q11909377
58084,Borsad,4030,GJ,Gujarat,101,IN,India,22.40788000,72.89817000,Q858219
58085,Botad,4030,GJ,Gujarat,101,IN,India,22.16917000,71.66671000,Q858162
58174,Chaklasi,4030,GJ,Gujarat,101,IN,India,22.65320000,72.94497000,Q607388
58180,Chalala,4030,GJ,Gujarat,101,IN,India,21.41073000,71.16621000,Q858287
147586,Chaloda,4030,GJ,Gujarat,101,IN,India,22.80000000,72.45000000,Q5069035
147587,Champaner,4030,GJ,Gujarat,101,IN,India,22.48590000,73.53710000,Q11913591
131595,Chanasma,4030,GJ,Gujarat,101,IN,India,23.71472000,72.11279000,Q859113
131529,Chhala,4030,GJ,Gujarat,101,IN,India,23.30779000,72.77404000,Q2757294
131535,"Chhota Udepur",4030,GJ,Gujarat,101,IN,India,22.30401000,74.01580000,Q612721
131548,Chikhli,4030,GJ,Gujarat,101,IN,India,20.75751000,73.06268000,Q1945471
131582,Chotila,4030,GJ,Gujarat,101,IN,India,22.42347000,71.19641000,Q2723942
147588,Chuda,4030,GJ,Gujarat,101,IN,India,22.48333333,71.68333333,Q724951
147589,Dabhoda,4030,GJ,Gujarat,101,IN,India,23.16666667,72.73333333,Q5207476
131635,Dabhoi,4030,GJ,Gujarat,101,IN,India,22.18333000,73.43333000,Q1156554
131642,Dahegam,4030,GJ,Gujarat,101,IN,India,23.16903000,72.82161000,Q582485
142126,Dahod,4030,GJ,Gujarat,101,IN,India,22.52000000,74.15000000,Q1262380
131808,Dakor,4030,GJ,Gujarat,101,IN,India,22.75268000,73.14967000,Q1192377
131809,Damnagar,4030,GJ,Gujarat,101,IN,India,21.69232000,71.51747000,Q1189805
147590,Dandi,4030,GJ,Gujarat,101,IN,India,21.32988000,72.62484000,Q1026197
142127,"Dangs (India)",4030,GJ,Gujarat,101,IN,India,20.75000000,73.75000000,Q26780106
147591,Danta,4030,GJ,Gujarat,101,IN,India,24.18861111,72.76583333,Q3015704
131673,Dayapar,4030,GJ,Gujarat,101,IN,India,23.63371000,68.90192000,Q15242758
131680,Delvada,4030,GJ,Gujarat,101,IN,India,20.77544000,71.04646000,Q1353
142128,Delwada,4030,GJ,Gujarat,101,IN,India,20.78330000,71.05000000,Q16999192
147592,Detroj,4030,GJ,Gujarat,101,IN,India,23.33333333,72.18333333,Q2761011
131704,"Devbhumi Dwarka",4030,GJ,Gujarat,101,IN,India,22.20253000,69.65498000,Q2087756
131705,"Devgadh Bariya",4030,GJ,Gujarat,101,IN,India,22.70517000,73.90882000,Q1263667
131716,Dhandhuka,4030,GJ,Gujarat,101,IN,India,22.38185000,71.98664000,Q1259584
131717,Dhanera,4030,GJ,Gujarat,101,IN,India,24.50967000,72.02343000,Q1266017
147593,Dhansura,4030,GJ,Gujarat,101,IN,India,23.35000000,73.20000000,Q5269024
131719,Dharampur,4030,GJ,Gujarat,101,IN,India,20.53693000,73.17368000,Q2465676
147594,Dharasana,4030,GJ,Gujarat,101,IN,India,20.68333333,72.91666667,Q15213874
131755,Dhari,4030,GJ,Gujarat,101,IN,India,21.32855000,71.02645000,Q2761749
147595,Dhasa,4030,GJ,Gujarat,101,IN,India,21.80000000,71.51666667,Q5269418
131738,Dhola,4030,GJ,Gujarat,101,IN,India,21.88129000,71.77269000,Q2355879
147596,Dholera,4030,GJ,Gujarat,101,IN,India,22.24800000,72.19500000,Q2761956
131739,Dholka,4030,GJ,Gujarat,101,IN,India,22.72732000,72.44128000,Q1263568
131741,Dhoraji,4030,GJ,Gujarat,101,IN,India,21.73359000,70.45004000,Q1259573
131743,Dhrangadhra,4030,GJ,Gujarat,101,IN,India,22.99167000,71.46793000,Q1265559
131742,Dhrol,4030,GJ,Gujarat,101,IN,India,22.56700000,70.41769000,Q927778
131747,Dhuwaran,4030,GJ,Gujarat,101,IN,India,22.23779000,72.75910000,Q2761882
131817,Disa,4030,GJ,Gujarat,101,IN,India,24.25612000,72.17928000,Q31856848
131782,Dohad,4030,GJ,Gujarat,101,IN,India,22.90000000,74.00000000,Q186518
147597,Dumkhal,4030,GJ,Gujarat,101,IN,India,21.73960000,73.84490000,Q2759470
131800,Dungarpur,4030,GJ,Gujarat,101,IN,India,21.28777000,71.75560000,Q1524667
131803,Dwarka,4030,GJ,Gujarat,101,IN,India,22.23944000,68.96778000,Q817247
131888,Gadhada,4030,GJ,Gujarat,101,IN,India,21.96957000,71.57828000,Q1525333
131899,Gandevi,4030,GJ,Gujarat,101,IN,India,20.81214000,72.99811000,Q721365
132046,Gandhidham,4030,GJ,Gujarat,101,IN,India,23.08333000,70.13333000,Q41543
131900,Gandhinagar,4030,GJ,Gujarat,101,IN,India,23.21667000,72.68333000,Q11910
131925,Gariadhar,4030,GJ,Gujarat,101,IN,India,21.53889000,71.57737000,Q536870
147598,Ghodasar,4030,GJ,Gujarat,101,IN,India,24.45000000,71.85000000,Q5556817
131944,Ghogha,4030,GJ,Gujarat,101,IN,India,21.68813000,72.27630000,Q1707463
131958,"Gir Somnath",4030,GJ,Gujarat,101,IN,India,20.91287000,70.36710000,Q1524976
131964,Godhra,4030,GJ,Gujarat,101,IN,India,22.77547000,73.61488000,Q1708114
131982,Gondal,4030,GJ,Gujarat,101,IN,India,21.96074000,70.80255000,Q1536978
147599,Gorwa,4030,GJ,Gujarat,101,IN,India,22.33010000,73.16110000,Q5586976
147600,Halenda,4030,GJ,Gujarat,101,IN,India,22.08818500,71.05171000,Q647446
132139,Halol,4030,GJ,Gujarat,101,IN,India,22.50321000,73.47242000,Q1707605
132060,Halvad,4030,GJ,Gujarat,101,IN,India,23.01516000,71.18029000,Q1707007
132065,Hansot,4030,GJ,Gujarat,101,IN,India,21.58496000,72.80764000,Q2777153
132143,Harij,4030,GJ,Gujarat,101,IN,India,23.69356000,71.90700000,Q1708423
147601,Harsol,4030,GJ,Gujarat,101,IN,India,23.36000000,73.02000000,Q2776931
147602,Hathuran,4030,GJ,Gujarat,101,IN,India,21.50000000,72.97000000,Q5681558
132096,Himatnagar,4030,GJ,Gujarat,101,IN,India,23.59893000,72.96602000,Q1708155
147603,Idar,4030,GJ,Gujarat,101,IN,India,23.83000000,73.00000000,Q1755548
147604,Jakhau,4030,GJ,Gujarat,101,IN,India,23.21861111,68.71694444,Q6125153
142129,Jalalpore,4030,GJ,Gujarat,101,IN,India,20.94910000,72.91360000,Q2013180
132219,Jalalpur,4030,GJ,Gujarat,101,IN,India,20.94896000,72.89829000,Q2013180
147605,Jalia,4030,GJ,Gujarat,101,IN,India,21.80000000,70.25000000,Q2758137
147606,Jambuda,4030,GJ,Gujarat,101,IN,India,22.51666667,70.21666667,Q2757726
132226,Jambusar,4030,GJ,Gujarat,101,IN,India,22.05236000,72.80074000,Q2013301
132230,Jamnagar,4030,GJ,Gujarat,101,IN,India,22.47292000,70.06673000,Q1154
147607,Jarod,4030,GJ,Gujarat,101,IN,India,22.43300000,73.33300000,Q2757535
132243,Jasdan,4030,GJ,Gujarat,101,IN,India,22.03709000,71.20794000,Q1714838
147608,Jetalpur,4030,GJ,Gujarat,101,IN,India,22.88333333,72.60000000,Q15229532
132261,Jetalsar,4030,GJ,Gujarat,101,IN,India,21.70891000,70.57695000,Q26788212
132262,Jetpur,4030,GJ,Gujarat,101,IN,India,21.75482000,70.62347000,Q968713
147609,"Jetpur (Navagadh)",4030,GJ,Gujarat,101,IN,India,21.75482000,70.62347000,Q968713
147610,Jhalod,4030,GJ,Gujarat,101,IN,India,23.10027778,74.15611111,Q3808247
132272,Jhulasan,4030,GJ,Gujarat,101,IN,India,23.32860000,72.47314000,Q2758980
132285,Jodhpur,4030,GJ,Gujarat,101,IN,India,21.90174000,70.03270000,Q1609645
147611,"Jodhpur (Ahmedabad)",4030,GJ,Gujarat,101,IN,India,21.88000000,70.03000000,Q1609645
142130,Jodia,4030,GJ,Gujarat,101,IN,India,22.71667000,70.28333000,Q2758600
132287,"Jodiya Bandar",4030,GJ,Gujarat,101,IN,India,22.71667000,70.28333000,Q1434965
132317,Junagadh,4030,GJ,Gujarat,101,IN,India,21.25000000,70.33333000,Q11864
132321,Kachchh,4030,GJ,Gujarat,101,IN,India,23.58333000,70.00000000,Q1063417
147612,Kachholi,4030,GJ,Gujarat,101,IN,India,20.83333333,72.96666667,Q2726489
132327,Kadi,4030,GJ,Gujarat,101,IN,India,23.29908000,72.33362000,Q2726621
132329,Kadod,4030,GJ,Gujarat,101,IN,India,21.21717000,73.21972000,Q2726639
132689,Kalavad,4030,GJ,Gujarat,101,IN,India,22.20789000,70.38343000,Q2251785
132682,Kalol,4030,GJ,Gujarat,101,IN,India,22.60777000,73.46272000,Q2724740
132698,Kandla,4030,GJ,Gujarat,101,IN,India,23.03333000,70.21667000,Q581480
147613,"Kandla port",4030,GJ,Gujarat,101,IN,India,23.03000000,70.22000000,Q581480
132708,Kanodar,4030,GJ,Gujarat,101,IN,India,24.08932000,72.39354000,Q2564896
132390,Kapadvanj,4030,GJ,Gujarat,101,IN,India,23.02302000,73.07113000,Q2341421
132394,Karamsad,4030,GJ,Gujarat,101,IN,India,22.54243000,72.90392000,Q2349890
147614,Kariana,4030,GJ,Gujarat,101,IN,India,21.88333333,71.35000000,Q2727236
147615,Karjan,4030,GJ,Gujarat,101,IN,India,22.05304167,73.12351389,Q2295886
132723,Kathor,4030,GJ,Gujarat,101,IN,India,21.28854000,72.94070000,Q2726550
132425,Katpur,4030,GJ,Gujarat,101,IN,India,21.05869000,71.79457000,Q746441
132434,Kawant,4030,GJ,Gujarat,101,IN,India,22.09282000,74.05078000,Q1929610
147616,Kayavarohan,4030,GJ,Gujarat,101,IN,India,22.06700000,73.25000000,Q2723783
147617,Kerwada,4030,GJ,Gujarat,101,IN,India,21.90000000,72.85000000,Q2728727
132446,Keshod,4030,GJ,Gujarat,101,IN,India,21.30328000,70.24861000,Q599414
142132,Khambhalia,4030,GJ,Gujarat,101,IN,India,22.20000000,69.65000000,Q2120093
132462,Khambhat,4030,GJ,Gujarat,101,IN,India,22.31744000,72.61916000,Q1740527
147618,Khavda,4030,GJ,Gujarat,101,IN,India,23.85000000,69.72000000,Q6401016
132488,Kheda,4030,GJ,Gujarat,101,IN,India,22.75000000,72.83333000,Q775759
132489,Khedbrahma,4030,GJ,Gujarat,101,IN,India,24.02990000,73.04632000,Q9461
147619,Khedoi,4030,GJ,Gujarat,101,IN,India,23.05927778,69.91895556,Q6401200
147620,Kherali,4030,GJ,Gujarat,101,IN,India,22.68333333,71.60000000,Q2730823
132494,Kheralu,4030,GJ,Gujarat,101,IN,India,23.88534000,72.61869000,Q2236264
132547,Kodinar,4030,GJ,Gujarat,101,IN,India,20.79393000,70.70216000,Q2239007
132588,Kosamba,4030,GJ,Gujarat,101,IN,India,21.46202000,72.95842000,Q431049
147621,Kothara,4030,GJ,Gujarat,101,IN,India,23.13300000,68.93200000,Q6434019
147622,Kotharia,4030,GJ,Gujarat,101,IN,India,22.23000000,70.81000000,Q2729203
147623,Kukarmunda,4030,GJ,Gujarat,101,IN,India,21.51666667,74.13333333,Q2728479
147624,Kukma,4030,GJ,Gujarat,101,IN,India,23.21782200,69.77792200,Q6442533
132647,Kundla,4030,GJ,Gujarat,101,IN,India,21.34222000,71.30633000,Q2734216
142133,"Kutch district",4030,GJ,Gujarat,101,IN,India,23.91500000,70.36700000,Q1063417
132670,Kutiyana,4030,GJ,Gujarat,101,IN,India,21.62410000,69.98494000,Q2238993
147628,Ladol,4030,GJ,Gujarat,101,IN,India,23.61666667,72.73333333,Q6711592
147625,Lakhpat,4030,GJ,Gujarat,101,IN,India,23.82611111,68.77694444,Q2771159
132747,Lakhtar,4030,GJ,Gujarat,101,IN,India,22.85683000,71.78844000,Q2234278
132797,Lalpur,4030,GJ,Gujarat,101,IN,India,22.19073000,69.96351000,Q2771361
147626,Langhnaj,4030,GJ,Gujarat,101,IN,India,23.45000000,72.48333333,Q6486089
132802,Lathi,4030,GJ,Gujarat,101,IN,India,21.72310000,71.38843000,Q3827464
132764,Limbdi,4030,GJ,Gujarat,101,IN,India,22.56507000,71.81076000,Q715228
147627,Limkheda,4030,GJ,Gujarat,101,IN,India,22.81666667,73.98333333,Q2771499
132804,Lunavada,4030,GJ,Gujarat,101,IN,India,23.12841000,73.61043000,Q2240915
147629,"Madhavpur Ghed",4030,GJ,Gujarat,101,IN,India,21.29929167,70.02513889,Q2723937
147630,Madhi,4030,GJ,Gujarat,101,IN,India,22.10000000,69.10000000,Q19810113
132831,Mahemdavad,4030,GJ,Gujarat,101,IN,India,22.82359000,72.75551000,Q2233469
132834,Mahesana,4030,GJ,Gujarat,101,IN,India,23.66667000,72.50000000,Q2019694
147631,Mahisa,4030,GJ,Gujarat,101,IN,India,22.85000000,73.05000000,Q2768107
132841,Mahudha,4030,GJ,Gujarat,101,IN,India,22.82082000,72.94032000,Q2606805
147632,Mahuva,4030,GJ,Gujarat,101,IN,India,21.08330000,71.80000000,Q1924998
147633,"Mahuva (Surat)",4030,GJ,Gujarat,101,IN,India,21.02000000,73.15000000,Q2768146
133068,Malpur,4030,GJ,Gujarat,101,IN,India,23.36035000,73.46595000,Q2234238
133085,Manavadar,4030,GJ,Gujarat,101,IN,India,21.49813000,70.13775000,Q1330938
133073,Mandal,4030,GJ,Gujarat,101,IN,India,23.28865000,71.91854000,Q26783813
133076,Mandvi,4030,GJ,Gujarat,101,IN,India,22.83282000,69.35237000,Q2570689
142134,"Mandvi (Surat)",4030,GJ,Gujarat,101,IN,India,21.25526000,73.30412000,Q2768275
133077,Mangrol,4030,GJ,Gujarat,101,IN,India,21.12268000,70.11484000,Q2577440
147634,"Mangrol (Junagadh)",4030,GJ,Gujarat,101,IN,India,21.12000000,70.12000000,Q2577440
133081,Mansa,4030,GJ,Gujarat,101,IN,India,23.42564000,72.65739000,Q720211
132960,Meghraj,4030,GJ,Gujarat,101,IN,India,23.49805000,73.51352000,Q2673443
142135,Mehsana,4030,GJ,Gujarat,101,IN,India,23.60000000,72.40000000,Q1922283
132966,Mendarda,4030,GJ,Gujarat,101,IN,India,21.32112000,70.44078000,Q2768932
147635,Mithapur,4030,GJ,Gujarat,101,IN,India,22.41000000,69.00000000,Q2738453
132978,Modasa,4030,GJ,Gujarat,101,IN,India,23.46253000,73.29857000,Q2320097
132993,Morbi,4030,GJ,Gujarat,101,IN,India,22.81731000,70.83770000,Q2087713
142136,"Morva (Hadaf)",4030,GJ,Gujarat,101,IN,India,22.90469000,73.83912000,Q2769626
133000,Morwa,4030,GJ,Gujarat,101,IN,India,22.90469000,73.83912000,Q1814480
133029,Mundra,4030,GJ,Gujarat,101,IN,India,22.83918000,69.72190000,Q2234250
133106,Nadiad,4030,GJ,Gujarat,101,IN,India,22.69385000,72.86157000,Q219039
147636,Nadiad,4030,GJ,Gujarat,101,IN,India,22.70000000,72.87000000,Q219039
147637,Nagwa,4030,GJ,Gujarat,101,IN,India,25.69621000,84.23590000,Q15260788
147638,Naldhara,4030,GJ,Gujarat,101,IN,India,20.96666667,73.16666667,Q6960849
133133,Naliya,4030,GJ,Gujarat,101,IN,India,23.26058000,68.82655000,Q6960925
147639,Nargol,4030,GJ,Gujarat,101,IN,India,20.23300000,72.75000000,Q2763089
133169,Narmada,4030,GJ,Gujarat,101,IN,India,21.87377000,73.49527000,Q15261015
133170,Naroda,4030,GJ,Gujarat,101,IN,India,23.07041000,72.65702000,Q6966092
133187,Navsari,4030,GJ,Gujarat,101,IN,India,20.95000000,72.92000000,Q1922248
147640,Nikora,4030,GJ,Gujarat,101,IN,India,21.78586000,73.13968000,Q15262336
147641,Nizar,4030,GJ,Gujarat,101,IN,India,21.47727000,74.19595000,Q26928895
147642,Odadar,4030,GJ,Gujarat,101,IN,India,21.56666667,69.66666667,Q2726106
133297,Okha,4030,GJ,Gujarat,101,IN,India,22.46756000,69.07002000,Q2726034
133298,Olpad,4030,GJ,Gujarat,101,IN,India,21.33649000,72.75161000,Q2726258
133313,Paddhari,4030,GJ,Gujarat,101,IN,India,22.43654000,70.60162000,Q2575916
133315,Padra,4030,GJ,Gujarat,101,IN,India,22.23980000,73.08451000,Q2247454
133526,Palanpur,4030,GJ,Gujarat,101,IN,India,24.17128000,72.43827000,Q949907
147643,Palanswa,4030,GJ,Gujarat,101,IN,India,23.46666667,70.93333333,Q7126721
133532,Palitana,4030,GJ,Gujarat,101,IN,India,21.52519000,71.82309000,Q3786790
133533,Paliyad,4030,GJ,Gujarat,101,IN,India,22.25757000,71.56024000,Q3786790
147645,Palsana,4030,GJ,Gujarat,101,IN,India,21.08000000,72.98000000,Q2763782
133536,"Panch Mahals",4030,GJ,Gujarat,101,IN,India,22.75000000,73.60000000,Q1781463
142137,"Panchmahal district",4030,GJ,Gujarat,101,IN,India,22.75000000,73.60000000,Q1781463
133548,Pardi,4030,GJ,Gujarat,101,IN,India,20.50870000,72.94569000,Q1925363
133362,Parnera,4030,GJ,Gujarat,101,IN,India,20.56101000,72.94846000,Q2735009
133376,Patan,4030,GJ,Gujarat,101,IN,India,23.70000000,71.80000000,Q579702
142138,"Pavi Jetpur",4030,GJ,Gujarat,101,IN,India,22.34472000,73.84093000,Q26788214
133429,Petlad,4030,GJ,Gujarat,101,IN,India,22.47681000,72.79995000,Q2734226
147646,Pipavav,4030,GJ,Gujarat,101,IN,India,20.96666667,71.56666667,Q1343195
147647,Piplod,4030,GJ,Gujarat,101,IN,India,22.81666667,73.90000000,Q7197451
133480,Porbandar,4030,GJ,Gujarat,101,IN,India,21.64219000,69.60929000,Q33473477
147648,"Prabhas Patan",4030,GJ,Gujarat,101,IN,India,20.88808000,70.40129000,Q7237228
147649,Prantij,4030,GJ,Gujarat,101,IN,India,23.43841944,72.85718056,Q2724388
133657,Radhanpur,4030,GJ,Gujarat,101,IN,India,23.83238000,71.60470000,Q2068178
133679,Rajkot,4030,GJ,Gujarat,101,IN,India,22.33333000,70.83333000,Q11854
133682,Rajpipla,4030,GJ,Gujarat,101,IN,India,21.86667000,73.50000000,Q1816866
133684,Rajula,4030,GJ,Gujarat,101,IN,India,21.03854000,71.44345000,Q2734999
133718,Ranavav,4030,GJ,Gujarat,101,IN,India,21.68734000,69.74485000,Q2570700
147650,Ranpur,4030,GJ,Gujarat,101,IN,India,22.36670000,71.75000000,Q2770373
133722,Rapar,4030,GJ,Gujarat,101,IN,India,23.57267000,70.64718000,Q2724400
147651,Reha,4030,GJ,Gujarat,101,IN,India,23.15172500,69.75008600,Q7309730
133643,Roha,4030,GJ,Gujarat,101,IN,India,23.19646000,69.27076000,Q2557879
133739,"Sabar Kantha",4030,GJ,Gujarat,101,IN,India,23.62974000,73.00197000,Q2548310
133742,Sachin,4030,GJ,Gujarat,101,IN,India,21.08718000,72.88153000,Q2774361
133766,Salaya,4030,GJ,Gujarat,101,IN,India,22.31038000,69.60376000,Q2734222
147652,Samakhiali,4030,GJ,Gujarat,101,IN,India,23.30340000,70.50688000,Q7408505
134069,Sanand,4030,GJ,Gujarat,101,IN,India,22.99227000,72.38177000,Q2228906
133790,Sankheda,4030,GJ,Gujarat,101,IN,India,22.17021000,73.57820000,Q2774237
147653,Sarbhon,4030,GJ,Gujarat,101,IN,India,21.05000000,73.08330000,Q7423512
147654,Sardoi,4030,GJ,Gujarat,101,IN,India,23.56670000,73.26670000,Q2774649
133808,Sarkhej,4030,GJ,Gujarat,101,IN,India,22.98297000,72.50196000,Q3107283
147655,Sathamba,4030,GJ,Gujarat,101,IN,India,23.16912500,73.32661667,Q7426123
133831,Savarkundla,4030,GJ,Gujarat,101,IN,India,21.33726000,71.30350000,Q2734216
147656,Savli,4030,GJ,Gujarat,101,IN,India,22.56666667,73.21666667,Q7428379
134085,Sayla,4030,GJ,Gujarat,101,IN,India,22.54925000,71.48324000,Q2775259
133900,Shahpur,4030,GJ,Gujarat,101,IN,India,22.15611000,70.77068000,Q3959001
133882,Shivrajpur,4030,GJ,Gujarat,101,IN,India,22.42319000,73.60865000,Q2299042
142139,Siddhpur,4030,GJ,Gujarat,101,IN,India,23.91670000,72.38330000,Q2572203
133925,Sihor,4030,GJ,Gujarat,101,IN,India,21.71134000,71.96179000,Q2572958
133932,Sikka,4030,GJ,Gujarat,101,IN,India,22.43218000,69.84158000,Q1617473
133954,Sinor,4030,GJ,Gujarat,101,IN,India,21.91117000,73.33974000,Q2773921
133984,Sojitra,4030,GJ,Gujarat,101,IN,India,22.53884000,72.71984000,Q7555023
133995,Songadh,4030,GJ,Gujarat,101,IN,India,21.16966000,73.56357000,Q2734240
147657,Supedi,4030,GJ,Gujarat,101,IN,India,21.76200000,70.37800000,Q2775816
134096,Surat,4030,GJ,Gujarat,101,IN,India,21.17801000,72.81189000,Q4629
134050,Surendranagar,4030,GJ,Gujarat,101,IN,India,22.72706000,71.64856000,Q1023682
147658,Sutrapada,4030,GJ,Gujarat,101,IN,India,20.89280000,70.46500000,Q2775790
134107,Talaja,4030,GJ,Gujarat,101,IN,India,21.35270000,72.03524000,Q766933
134112,Tankara,4030,GJ,Gujarat,101,IN,India,22.65622000,70.74945000,Q7683522
134114,Tapi,4030,GJ,Gujarat,101,IN,India,21.12000000,73.40000000,Q670165
134164,Than,4030,GJ,Gujarat,101,IN,India,22.57422000,71.19942000,Q2231030
142140,Thangadh,4030,GJ,Gujarat,101,IN,India,22.56666667,71.18333333,Q2231030
134144,Tharad,4030,GJ,Gujarat,101,IN,India,24.39597000,71.62577000,Q2557742
134168,Thasra,4030,GJ,Gujarat,101,IN,India,22.79831000,73.21174000,Q2759268
134145,"The Dangs",4030,GJ,Gujarat,101,IN,India,20.75000000,73.75000000,Q2557742
147659,Umarpada,4030,GJ,Gujarat,101,IN,India,21.45000000,73.50000000,Q2725556
134277,Umrala,4030,GJ,Gujarat,101,IN,India,21.84353000,71.80305000,Q2725836
134275,Umreth,4030,GJ,Gujarat,101,IN,India,22.69881000,73.11561000,Q2724380
134278,Un,4030,GJ,Gujarat,101,IN,India,23.88745000,71.76975000,Q2725833
134280,Una,4030,GJ,Gujarat,101,IN,India,20.82318000,71.03795000,Q1622928
134284,Unjha,4030,GJ,Gujarat,101,IN,India,23.80366000,72.39101000,Q767916
134286,Upleta,4030,GJ,Gujarat,101,IN,India,21.74015000,70.28256000,Q2734950
134297,Utran,4030,GJ,Gujarat,101,IN,India,21.23333000,72.86667000,Q2231121
147660,Vadgam,4030,GJ,Gujarat,101,IN,India,24.08333333,72.48333333,Q2771862
134309,Vadnagar,4030,GJ,Gujarat,101,IN,India,23.78593000,72.63893000,Q2570726
134310,Vadodara,4030,GJ,Gujarat,101,IN,India,22.29941000,73.20812000,Q11909
134381,Vaghodia,4030,GJ,Gujarat,101,IN,India,22.30505000,73.40016000,Q1935461
147661,"Vaghodia INA",4030,GJ,Gujarat,101,IN,India,22.30000000,73.38330000,Q1935461
134318,"Vallabh Vidyanagar",4030,GJ,Gujarat,101,IN,India,22.53333000,72.90000000,Q2234110
142141,Vallabhipur,4030,GJ,Gujarat,101,IN,India,21.88780000,71.87950000,Q1534153
134322,Valsad,4030,GJ,Gujarat,101,IN,India,20.50000000,73.08333000,Q302654
147662,Vanala,4030,GJ,Gujarat,101,IN,India,22.45000000,71.98333333,Q7913948
142142,Vansda,4030,GJ,Gujarat,101,IN,India,20.45000000,73.22000000,Q2724780
147663,Vanthli,4030,GJ,Gujarat,101,IN,India,21.48330000,70.33330000,Q16902519
134326,Vapi,4030,GJ,Gujarat,101,IN,India,20.37175000,72.90493000,Q2087696
134331,Vartej,4030,GJ,Gujarat,101,IN,India,21.73947000,72.06553000,Q2738371
134332,Vasa,4030,GJ,Gujarat,101,IN,India,22.66079000,72.75519000,Q2738371
147664,Vasavad,4030,GJ,Gujarat,101,IN,India,21.82657000,71.02436000,Q2773098
142143,Vaso,4030,GJ,Gujarat,101,IN,India,22.66079000,72.75519000,Q2772372
147665,Vataman,4030,GJ,Gujarat,101,IN,India,22.53000000,72.42000000,Q2771843
134339,Vejalpur,4030,GJ,Gujarat,101,IN,India,22.69021000,73.56299000,Q2558274
134349,Veraval,4030,GJ,Gujarat,101,IN,India,20.90770000,70.36786000,Q518791
134357,Vijapur,4030,GJ,Gujarat,101,IN,India,23.56230000,72.74848000,Q2234286
142144,Vinchhiya,4030,GJ,Gujarat,101,IN,India,22.21027000,71.37967000,Q2773382
147666,Viramgam,4030,GJ,Gujarat,101,IN,India,23.12000000,72.03000000,Q2451172
134365,Virpur,4030,GJ,Gujarat,101,IN,India,23.18920000,73.47987000,Q2773235
134387,Visavadar,4030,GJ,Gujarat,101,IN,India,21.33954000,70.74966000,Q2452720
134371,Visnagar,4030,GJ,Gujarat,101,IN,India,23.69855000,72.55210000,Q2452712
134378,Vyara,4030,GJ,Gujarat,101,IN,India,21.11079000,73.39365000,Q1964842
142145,Wadhai,4030,GJ,Gujarat,101,IN,India,20.76666667,73.48333333,Q2771789
142146,Wadhwan,4030,GJ,Gujarat,101,IN,India,22.70000000,71.68333333,Q1023682
134389,Waghai,4030,GJ,Gujarat,101,IN,India,20.77048000,73.50074000,Q2719142
134416,Wankaner,4030,GJ,Gujarat,101,IN,India,22.61198000,70.94379000,Q2006496
57675,Ambala,4007,HR,Haryana,101,IN,India,30.32854000,76.94220000,Q2086226
134464,Asandh,4007,HR,Haryana,101,IN,India,29.52119000,76.60552000,Q1935271
57756,"Ateli Mandi",4007,HR,Haryana,101,IN,India,28.10080000,76.25980000,Q590003
57810,Bahadurgarh,4007,HR,Haryana,101,IN,India,28.69287000,76.93555000,Q633471
57861,"Bara Uchana",4007,HR,Haryana,101,IN,India,29.46747000,76.17798000,Q2557959
57890,Barwala,4007,HR,Haryana,101,IN,India,29.36747000,75.90809000,Q712480
58152,Bawal,4007,HR,Haryana,101,IN,India,28.07184000,76.58312000,Q759164
57937,"Beri Khas",4007,HR,Haryana,101,IN,India,28.70146000,76.57708000,Q2234154
57988,Bhiwani,4007,HR,Haryana,101,IN,India,28.75000000,76.16667000,Q1852857
58054,Bilaspur,4007,HR,Haryana,101,IN,India,30.30450000,77.30424000,Q3639927
58164,Buriya,4007,HR,Haryana,101,IN,India,30.15911000,77.35814000,Q862612
58200,"Charkhi Dadri",4007,HR,Haryana,101,IN,India,28.59166000,76.27161000,Q888946
131528,Chhachhrauli,4007,HR,Haryana,101,IN,India,30.24492000,77.36027000,Q885359
131638,Dabwali,4007,HR,Haryana,101,IN,India,29.94906000,74.73832000,Q1190879
131757,Dharuhera,4007,HR,Haryana,101,IN,India,28.20553000,76.79691000,Q1258723
131831,Ellenabad,4007,HR,Haryana,101,IN,India,29.45282000,74.66122000,Q1524663
131853,Faridabad,4007,HR,Haryana,101,IN,India,28.41124000,77.31316000,Q200663
131856,Farrukhnagar,4007,HR,Haryana,101,IN,India,28.44745000,76.82391000,Q1525392
131872,Fatehabad,4007,HR,Haryana,101,IN,India,29.51525000,75.45554000,Q1320989
131882,"Firozpur Jhirka",4007,HR,Haryana,101,IN,India,27.78853000,76.94496000,Q1523132
131937,Gharaunda,4007,HR,Haryana,101,IN,India,29.53692000,76.97142000,Q1708340
131968,Gohana,4007,HR,Haryana,101,IN,India,29.13777000,76.70247000,Q12424844
131991,Gorakhpur,4007,HR,Haryana,101,IN,India,29.44768000,75.67206000,Q734556
132032,Gurgaon,4007,HR,Haryana,101,IN,India,28.43891000,77.00592000,Q1815766
132141,Hansi,4007,HR,Haryana,101,IN,India,29.10239000,75.96253000,Q1707791
132084,Hasanpur,4007,HR,Haryana,101,IN,India,27.96944000,77.49544000,Q1707447
132106,Hisar,4007,HR,Haryana,101,IN,India,29.15394000,75.72294000,Q1772825
132109,Hodal,4007,HR,Haryana,101,IN,India,27.89196000,77.36744000,Q616583
132163,"Inda Chhoi",4007,HR,Haryana,101,IN,India,29.64042000,75.79041000,Q208097
132167,Indri,4007,HR,Haryana,101,IN,India,29.87999000,77.05972000,Q1619362
132194,Jagadhri,4007,HR,Haryana,101,IN,India,30.16719000,77.30367000,Q2016879
132305,Jakhal,4007,HR,Haryana,101,IN,India,29.79627000,75.82392000,Q2016886
132266,Jhajjar,4007,HR,Haryana,101,IN,India,28.60630000,76.65650000,Q2304016
132315,Jind,4007,HR,Haryana,101,IN,India,29.31577000,76.31502000,Q1807935
132340,Kaithal,4007,HR,Haryana,101,IN,India,29.80153000,76.39959000,Q1949385
132360,Kalanaur,4007,HR,Haryana,101,IN,India,28.82823000,76.39550000,Q368353
132688,Kalanwali,4007,HR,Haryana,101,IN,India,29.83573000,74.97170000,Q2452176
132389,"Kanina Khas",4007,HR,Haryana,101,IN,India,28.33093000,76.31099000,Q1320976
132405,Karnal,4007,HR,Haryana,101,IN,India,29.66667000,76.83333000,Q607915
132478,Kharkhauda,4007,HR,Haryana,101,IN,India,28.87870000,76.91069000,Q2120387
132493,"Kheri Sampla",4007,HR,Haryana,101,IN,India,28.77810000,76.77560000,Q1755447
132662,Kurukshetra,4007,HR,Haryana,101,IN,India,30.00000000,76.75000000,Q980118
132789,Ladwa,4007,HR,Haryana,101,IN,India,29.99350000,77.04563000,Q2235937
132772,Loharu,4007,HR,Haryana,101,IN,India,28.42993000,75.80779000,Q2240876
132825,Maham,4007,HR,Haryana,101,IN,India,28.96912000,76.29495000,Q429091
132832,Mahendragarh,4007,HR,Haryana,101,IN,India,28.25000000,76.16667000,Q684019
132892,"Mandholi Kalan",4007,HR,Haryana,101,IN,India,28.70850000,75.68296000,Q2249065
133047,Mustafabad,4007,HR,Haryana,101,IN,India,30.20220000,77.14873000,Q3868703
133176,Narayangarh,4007,HR,Haryana,101,IN,India,30.47798000,77.12804000,Q2734986
133272,Narnaul,4007,HR,Haryana,101,IN,India,28.04444000,76.10833000,Q2341892
133273,Narnaund,4007,HR,Haryana,101,IN,India,29.22047000,76.14278000,Q2452748
133175,Narwana,4007,HR,Haryana,101,IN,India,29.59903000,76.11927000,Q2452693
133286,Nilokheri,4007,HR,Haryana,101,IN,India,29.83671000,76.93191000,Q2558245
133290,Nuh,4007,HR,Haryana,101,IN,India,28.10296000,77.00144000,Q629396
133337,Palwal,4007,HR,Haryana,101,IN,India,28.14469000,77.32546000,Q2086217
133345,Panchkula,4007,HR,Haryana,101,IN,India,30.72883000,76.94716000,Q1898143
133350,Panipat,4007,HR,Haryana,101,IN,India,29.33259000,76.92634000,Q2086163
133378,Pataudi,4007,HR,Haryana,101,IN,India,28.32547000,76.77858000,Q1025646
133403,Pehowa,4007,HR,Haryana,101,IN,India,29.97897000,76.58249000,Q2451134
133451,Pinjaur,4007,HR,Haryana,101,IN,India,30.79873000,76.91822000,Q2718702
133568,Punahana,4007,HR,Haryana,101,IN,India,27.86371000,77.20432000,Q2557912
133567,Pundri,4007,HR,Haryana,101,IN,India,29.76096000,76.56034000,Q2737500
133579,Radaur,4007,HR,Haryana,101,IN,India,30.02706000,77.15177000,Q2735019
133715,Rania,4007,HR,Haryana,101,IN,India,29.52454000,74.83689000,Q2232515
133617,Ratia,4007,HR,Haryana,101,IN,India,29.69029000,75.57688000,Q2557870
133635,Rewari,4007,HR,Haryana,101,IN,India,28.19900000,76.61830000,Q1949364
133647,Rohtak,4007,HR,Haryana,101,IN,India,28.83333000,76.66667000,Q967388
133746,Safidon,4007,HR,Haryana,101,IN,India,29.40596000,76.67042000,Q2557947
133774,Samalkha,4007,HR,Haryana,101,IN,India,29.23552000,77.01273000,Q2557930
133891,"Shadipur Julana",4007,HR,Haryana,101,IN,India,29.12368000,76.40516000,Q3811046
133906,Shahabad,4007,HR,Haryana,101,IN,India,30.16776000,76.87046000,Q1748735
133961,Sirsa,4007,HR,Haryana,101,IN,India,29.53489000,75.02898000,Q1797298
133980,Sohna,4007,HR,Haryana,101,IN,India,28.24737000,77.06544000,Q2557903
133999,Sonipat,4007,HR,Haryana,101,IN,India,29.00000000,76.91667000,Q2241746
134238,Taoru,4007,HR,Haryana,101,IN,India,28.21173000,76.94984000,Q2557937
134167,Thanesar,4007,HR,Haryana,101,IN,India,29.97323000,76.83214000,Q2088448
134206,Tohana,4007,HR,Haryana,101,IN,India,29.71332000,75.90441000,Q527194
134211,Tosham,4007,HR,Haryana,101,IN,India,28.86993000,75.91650000,Q2557953
134265,Uklana,4007,HR,Haryana,101,IN,India,29.51124000,75.87823000,Q735101
134422,Yamunanagar,4007,HR,Haryana,101,IN,India,30.23644000,77.30498000,Q1873644
57736,Arki,4020,HP,"Himachal Pradesh",101,IN,India,31.15196000,76.96675000,Q582737
57789,Baddi,4020,HP,"Himachal Pradesh",101,IN,India,30.95783000,76.79136000,Q462577
57853,Banjar,4020,HP,"Himachal Pradesh",101,IN,India,31.63900000,77.34055000,Q8180265
58041,Bilaspur,4020,HP,"Himachal Pradesh",101,IN,India,31.33027000,76.75663000,Q795717
58181,Chamba,4020,HP,"Himachal Pradesh",101,IN,India,32.57147000,76.10229000,Q1060614
131512,Chaupal,4020,HP,"Himachal Pradesh",101,IN,India,30.94647000,77.58840000,Q2451092
131583,Chowari,4020,HP,"Himachal Pradesh",101,IN,India,32.43190000,76.01200000,Q2723942
131587,"Chuari Khas",4020,HP,"Himachal Pradesh",101,IN,India,32.43058000,76.01428000,Q1192134
131641,Dagshai,4020,HP,"Himachal Pradesh",101,IN,India,30.88431000,77.05228000,Q960817
131645,Dalhousie,4020,HP,"Himachal Pradesh",101,IN,India,32.55219000,75.94663000,Q1925180
131665,Daulatpur,4020,HP,"Himachal Pradesh",101,IN,India,31.78871000,75.99154000,Q1925028
131694,"Dera Gopipur",4020,HP,"Himachal Pradesh",101,IN,India,31.87919000,76.21871000,Q1193478
131721,Dharamsala,4020,HP,"Himachal Pradesh",101,IN,India,32.22006000,76.32013000,Q186182
131891,Gagret,4020,HP,"Himachal Pradesh",101,IN,India,31.65846000,76.06144000,Q1524343
131949,Ghumarwin,4020,HP,"Himachal Pradesh",101,IN,India,31.44166000,76.71509000,Q1707166
132063,Hamirpur,4020,HP,"Himachal Pradesh",101,IN,India,31.75000000,76.50000000,Q2086180
132255,"Jawala Mukhi",4020,HP,"Himachal Pradesh",101,IN,India,31.87456000,76.32013000,Q2317504
132289,Jogindarnagar,4020,HP,"Himachal Pradesh",101,IN,India,31.98727000,76.78906000,Q2087722
132298,Jubbal,4020,HP,"Himachal Pradesh",101,IN,India,31.10923000,77.65085000,Q2286859
132302,Jutogh,4020,HP,"Himachal Pradesh",101,IN,India,31.10000000,77.11667000,Q2317123
132681,Kalka,4020,HP,"Himachal Pradesh",101,IN,India,30.83982000,76.94065000,Q1026888
132701,Kangar,4020,HP,"Himachal Pradesh",101,IN,India,32.09135000,76.26267000,Q662868
132702,Kangra,4020,HP,"Himachal Pradesh",101,IN,India,32.16667000,76.25000000,Q727232
132416,Kasauli,4020,HP,"Himachal Pradesh",101,IN,India,30.89856000,76.96587000,Q2287036
132523,Kinnaur,4020,HP,"Himachal Pradesh",101,IN,India,31.58333000,78.41667000,Q1862950
132601,Kotkhai,4020,HP,"Himachal Pradesh",101,IN,India,31.11728000,77.53936000,Q2244259
132602,Kotla,4020,HP,"Himachal Pradesh",101,IN,India,32.25000000,76.03333000,Q6434088
132636,Kulu,4020,HP,"Himachal Pradesh",101,IN,India,32.00000000,77.25000000,Q1393339
132675,Kyelang,4020,HP,"Himachal Pradesh",101,IN,India,32.57170000,77.02448000,Q2233371
132791,"Lahul and Spiti",4020,HP,"Himachal Pradesh",101,IN,India,32.50000000,77.83333000,Q837595
132929,Manali,4020,HP,"Himachal Pradesh",101,IN,India,32.25740000,77.17481000,Q83443
132893,Mandi,4020,HP,"Himachal Pradesh",101,IN,India,31.71194000,76.93273000,Q195931
133251,Nadaun,4020,HP,"Himachal Pradesh",101,IN,India,31.78303000,76.34310000,Q2452658
133113,Nagar,4020,HP,"Himachal Pradesh",101,IN,India,32.13808000,77.17393000,Q4311529
133118,Nagrota,4020,HP,"Himachal Pradesh",101,IN,India,32.05710000,76.09139000,Q305259
133261,Nahan,4020,HP,"Himachal Pradesh",101,IN,India,30.56029000,77.29426000,Q781615
133263,Nalagarh,4020,HP,"Himachal Pradesh",101,IN,India,31.04168000,76.72285000,Q1815875
133525,Palampur,4020,HP,"Himachal Pradesh",101,IN,India,32.11453000,76.55681000,Q2718076
133539,Pandoh,4020,HP,"Himachal Pradesh",101,IN,India,31.66902000,77.05359000,Q2445471
133544,"Paonta Sahib",4020,HP,"Himachal Pradesh",101,IN,India,30.43666000,77.62462000,Q2734471
133369,Parwanoo,4020,HP,"Himachal Pradesh",101,IN,India,30.83716000,76.96143000,Q2558662
133676,Rajgarh,4020,HP,"Himachal Pradesh",101,IN,India,30.85142000,77.30066000,Q2231162
133706,Rampur,4020,HP,"Himachal Pradesh",101,IN,India,31.44943000,77.63087000,Q2566469
133646,Rohru,4020,HP,"Himachal Pradesh",101,IN,India,31.20269000,77.75484000,Q2558692
133741,Sabathu,4020,HP,"Himachal Pradesh",101,IN,India,30.97494000,76.99137000,Q514228
133794,Santokhgarh,4020,HP,"Himachal Pradesh",101,IN,India,31.35205000,76.31775000,Q2558670
133811,Sarahan,4020,HP,"Himachal Pradesh",101,IN,India,31.50988000,77.79395000,Q7422938
133807,"Sarka Ghat",4020,HP,"Himachal Pradesh",101,IN,India,31.69887000,76.73529000,Q7423978
133841,Seoni,4020,HP,"Himachal Pradesh",101,IN,India,31.24188000,77.12362000,Q3955580
133871,Shimla,4020,HP,"Himachal Pradesh",101,IN,India,31.16667000,77.58333000,Q1921404
133957,Sirmaur,4020,HP,"Himachal Pradesh",101,IN,India,30.75000000,77.50000000,Q654331
133985,Solan,4020,HP,"Himachal Pradesh",101,IN,India,31.08333000,76.83333000,Q2980937
134045,Sundarnagar,4020,HP,"Himachal Pradesh",101,IN,India,31.53523000,76.90500000,Q972593
134149,Theog,4020,HP,"Himachal Pradesh",101,IN,India,31.12155000,77.35838000,Q2452060
134246,"Tira Sujanpur",4020,HP,"Himachal Pradesh",101,IN,India,31.83364000,76.50539000,Q592107
134279,Una,4020,HP,"Himachal Pradesh",101,IN,India,31.46493000,76.26914000,Q2317314
134435,Yol,4020,HP,"Himachal Pradesh",101,IN,India,32.16423000,76.19622000,Q2637314
57622,Akhnur,4029,JK,"Jammu and Kashmir",101,IN,India,32.86667000,74.73333000,Q416835
57699,Anantnag,4029,JK,"Jammu and Kashmir",101,IN,India,33.73068000,75.15418000,Q11360899
57774,Awantipur,4029,JK,"Jammu and Kashmir",101,IN,India,33.91978000,75.01515000,Q278847
57790,Badgam,4029,JK,"Jammu and Kashmir",101,IN,India,33.89001000,74.66297000,Q2594218
57843,Bandipore,4029,JK,"Jammu and Kashmir",101,IN,India,34.50404000,74.82832000,Q2983553
57852,Banihal,4029,JK,"Jammu and Kashmir",101,IN,India,33.43647000,75.19684000,Q634172
58139,Baramula,4029,JK,"Jammu and Kashmir",101,IN,India,34.19287000,74.36920000,Q633274
57905,Batoti,4029,JK,"Jammu and Kashmir",101,IN,India,33.11826000,75.30889000,Q712099
57949,Bhadarwah,4029,JK,"Jammu and Kashmir",101,IN,India,32.97941000,75.71723000,Q760372
58033,Bijbehara,4029,JK,"Jammu and Kashmir",101,IN,India,33.79378000,75.10700000,Q100164
58065,Bishnah,4029,JK,"Jammu and Kashmir",101,IN,India,32.61060000,74.85557000,Q861136
131781,Doda,4029,JK,"Jammu and Kashmir",101,IN,India,33.14916000,75.54746000,Q1263751
131898,Ganderbal,4029,JK,"Jammu and Kashmir",101,IN,India,34.29467000,75.19996000,Q2556028
131942,"Gho Brahmanan de",4029,JK,"Jammu and Kashmir",101,IN,India,32.55590000,74.95390000,Q1708861
132135,Hajan,4029,JK,"Jammu and Kashmir",101,IN,India,34.29895000,74.61681000,Q1707355
132105,Hiranagar,4029,JK,"Jammu and Kashmir",101,IN,India,32.45493000,75.27187000,Q1707549
132229,Jammu,4029,JK,"Jammu and Kashmir",101,IN,India,32.75000000,74.83333000,Q1947371
132253,Jaurian,4029,JK,"Jammu and Kashmir",101,IN,India,32.83255000,74.57612000,Q1356060
132422,Kathua,4029,JK,"Jammu and Kashmir",101,IN,India,32.58333000,75.50000000,Q2375700
132427,Katra,4029,JK,"Jammu and Kashmir",101,IN,India,32.99167000,74.93195000,Q2668323
132485,Khaur,4029,JK,"Jammu and Kashmir",101,IN,India,32.60270000,74.80918000,Q743744
132533,Kishtwar,4029,JK,"Jammu and Kashmir",101,IN,India,33.52958000,76.01462000,Q2321899
132735,Kud,4029,JK,"Jammu and Kashmir",101,IN,India,33.07246000,75.28727000,Q2233491
132633,Kulgam,4029,JK,"Jammu and Kashmir",101,IN,India,33.64456000,75.01923000,Q83661
132654,Kupwara,4029,JK,"Jammu and Kashmir",101,IN,India,34.53193000,74.26605000,Q2297306
132740,Ladakh,4029,JK,"Jammu and Kashmir",101,IN,India,34.33333000,77.41667000,Q200667
133061,Magam,4029,JK,"Jammu and Kashmir",101,IN,India,34.09256000,74.59016000,Q2229351
133193,Nawanshahr,4029,JK,"Jammu and Kashmir",101,IN,India,32.76505000,74.52772000,Q100067
133244,Noria,4029,JK,"Jammu and Kashmir",101,IN,India,32.52095000,74.79845000,Q585098
133310,Padam,4029,JK,"Jammu and Kashmir",101,IN,India,33.46659000,76.88488000,Q1297208
133317,Pahlgam,4029,JK,"Jammu and Kashmir",101,IN,India,34.01592000,75.31899000,Q2085326
133363,Parol,4029,JK,"Jammu and Kashmir",101,IN,India,32.34598000,75.43441000,Q3896351
133388,Pattan,4029,JK,"Jammu and Kashmir",101,IN,India,34.16125000,74.55634000,Q2228603
133501,Pulwama,4029,JK,"Jammu and Kashmir",101,IN,India,33.87405000,74.89955000,Q2351777
133503,Punch,4029,JK,"Jammu and Kashmir",101,IN,India,33.70178000,74.19916000,Q2983134
133576,Qazigund,4029,JK,"Jammu and Kashmir",101,IN,India,33.63828000,75.14261000,Q63066
133593,Rajaori,4029,JK,"Jammu and Kashmir",101,IN,India,33.37526000,74.30920000,Q1949395
133673,Rajauri,4029,JK,"Jammu and Kashmir",101,IN,India,33.25000000,74.25000000,Q544279
133601,Ramban,4029,JK,"Jammu and Kashmir",101,IN,India,33.32301000,75.18610000,Q2321939
133698,Ramgarh,4029,JK,"Jammu and Kashmir",101,IN,India,33.40379000,74.22388000,Q2119813
133702,Ramnagar,4029,JK,"Jammu and Kashmir",101,IN,India,32.80728000,75.31119000,Q3929900
133640,Riasi,4029,JK,"Jammu and Kashmir",101,IN,India,33.08115000,74.83242000,Q2545016
133768,Samba,4029,JK,"Jammu and Kashmir",101,IN,India,32.57523000,75.10929000,Q1117086
133889,Shupiyan,4029,JK,"Jammu and Kashmir",101,IN,India,33.73067000,74.81869000,Q2073646
134000,Sopur,4029,JK,"Jammu and Kashmir",101,IN,India,34.28671000,74.47228000,Q2321929
134016,Soyibug,4029,JK,"Jammu and Kashmir",101,IN,India,34.07677000,74.70570000,Q15923741
134020,Srinagar,4029,JK,"Jammu and Kashmir",101,IN,India,34.08565000,74.80555000,Q170115
134043,Sumbal,4029,JK,"Jammu and Kashmir",101,IN,India,34.23072000,74.64720000,Q3976899
134139,Thang,4029,JK,"Jammu and Kashmir",101,IN,India,34.92740000,76.79336000,Q943099
134141,"Thanna Mandi",4029,JK,"Jammu and Kashmir",101,IN,India,33.54204000,74.38100000,Q15194
134213,Tral,4029,JK,"Jammu and Kashmir",101,IN,India,33.92708000,75.11585000,Q2483323
134214,"Tsrar Sharif",4029,JK,"Jammu and Kashmir",101,IN,India,33.86319000,74.76524000,Q2483323
134257,Udhampur,4029,JK,"Jammu and Kashmir",101,IN,India,33.00000000,75.16667000,Q1947311
134293,Uri,4029,JK,"Jammu and Kashmir",101,IN,India,34.08064000,74.05088000,Q2226434
57802,Bagra,4025,JH,Jharkhand,101,IN,India,23.73333000,86.31667000,Q1797363
57880,"Barka Kana",4025,JH,Jharkhand,101,IN,India,23.62118000,85.46748000,Q2552248
57878,"Barki Saria",4025,JH,Jharkhand,101,IN,India,24.17594000,85.88938000,Q712381
57889,Barwadih,4025,JH,Jharkhand,101,IN,India,23.84780000,84.11049000,Q712480
57992,Bhojudih,4025,JH,Jharkhand,101,IN,India,23.63962000,86.44105000,Q795805
58076,Bokaro,4025,JH,Jharkhand,101,IN,India,23.68562000,85.99026000,Q2295925
58163,Bundu,4025,JH,Jharkhand,101,IN,India,23.16095000,85.59007000,Q862612
131608,Chaibasa,4025,JH,Jharkhand,101,IN,India,22.55038000,85.80249000,Q532883
58175,Chakradharpur,4025,JH,Jharkhand,101,IN,India,22.67611000,85.62892000,Q278913
131591,Chakulia,4025,JH,Jharkhand,101,IN,India,22.48301000,86.71793000,Q858180
131598,Chandil,4025,JH,Jharkhand,101,IN,India,22.95745000,86.05331000,Q720244
131606,Chas,4025,JH,Jharkhand,101,IN,India,23.63556000,86.16712000,Q886561
131511,Chatra,4025,JH,Jharkhand,101,IN,India,24.20645000,84.87085000,Q5087769
131570,Chiria,4025,JH,Jharkhand,101,IN,India,22.31093000,85.27601000,Q1193823
131648,Daltonganj,4025,JH,Jharkhand,101,IN,India,24.03971000,84.06580000,Q936464
131684,Deogarh,4025,JH,Jharkhand,101,IN,India,24.44382000,86.72607000,Q2030017
131715,Dhanbad,4025,JH,Jharkhand,101,IN,India,23.80199000,86.44324000,Q244159
131718,Dhanwar,4025,JH,Jharkhand,101,IN,India,24.41074000,85.98183000,Q720234
131794,Dugda,4025,JH,Jharkhand,101,IN,India,23.74516000,86.17175000,Q1387263
131797,Dumka,4025,JH,Jharkhand,101,IN,India,24.30000000,87.25000000,Q2577657
131922,Garhwa,4025,JH,Jharkhand,101,IN,India,24.07494000,83.71023000,Q1655903
131952,Ghatsila,4025,JH,Jharkhand,101,IN,India,22.58531000,86.47682000,Q12425262
131959,Giridih,4025,JH,Jharkhand,101,IN,India,24.25000000,85.91667000,Q1524976
131962,Gobindpur,4025,JH,Jharkhand,101,IN,India,22.63393000,86.07162000,Q1706442
131963,Godda,4025,JH,Jharkhand,101,IN,India,24.83333000,87.21667000,Q638980
131980,Gomoh,4025,JH,Jharkhand,101,IN,India,23.87355000,86.15160000,Q1707276
131986,Gopinathpur,4025,JH,Jharkhand,101,IN,India,22.66301000,86.07500000,Q2428556
132006,Gua,4025,JH,Jharkhand,101,IN,India,22.21361000,85.38774000,Q2738419
132020,Gumia,4025,JH,Jharkhand,101,IN,India,23.79750000,85.82523000,Q1707401
132021,Gumla,4025,JH,Jharkhand,101,IN,India,23.08055000,84.53834000,Q2295865
132092,Hazaribag,4025,JH,Jharkhand,101,IN,India,24.00000000,85.25000000,Q1945416
132091,Hazaribagh,4025,JH,Jharkhand,101,IN,India,23.99241000,85.36162000,Q1024667
132094,Hesla,4025,JH,Jharkhand,101,IN,India,24.06313000,85.87905000,Q1707332
132131,Husainabad,4025,JH,Jharkhand,101,IN,India,24.52849000,84.00000000,Q1755397
132183,Jagannathpur,4025,JH,Jharkhand,101,IN,India,22.22115000,85.63917000,Q2010464
132308,Jamadoba,4025,JH,Jharkhand,101,IN,India,23.71667000,86.40000000,Q2008058
132231,Jamshedpur,4025,JH,Jharkhand,101,IN,India,22.80278000,86.18545000,Q200054
132232,Jamtara,4025,JH,Jharkhand,101,IN,India,24.00000000,86.85000000,Q2980986
132246,Jasidih,4025,JH,Jharkhand,101,IN,India,24.51379000,86.64576000,Q2558207
132268,Jharia,4025,JH,Jharkhand,101,IN,India,23.74079000,86.41456000,Q12429699
132299,Jugsalai,4025,JH,Jharkhand,101,IN,India,22.77668000,86.18351000,Q2558165
132300,"Jumri Tilaiya",4025,JH,Jharkhand,101,IN,India,24.43490000,85.52951000,Q2355907
132680,Kalikapur,4025,JH,Jharkhand,101,IN,India,22.61662000,86.28810000,Q654120
132699,Kandra,4025,JH,Jharkhand,101,IN,India,22.85170000,86.05192000,Q2558144
132703,Kanke,4025,JH,Jharkhand,101,IN,India,23.43478000,85.32059000,Q660473
132727,Katras,4025,JH,Jharkhand,101,IN,India,23.79752000,86.29834000,Q2120741
132443,Kenduadih,4025,JH,Jharkhand,101,IN,India,23.77574000,86.37609000,Q2138555
132482,Kharsawan,4025,JH,Jharkhand,101,IN,India,22.79093000,85.83102000,Q2120338
132506,Khunti,4025,JH,Jharkhand,101,IN,India,23.07602000,85.27818000,Q614401
132540,Kodarma,4025,JH,Jharkhand,101,IN,India,24.46753000,85.59397000,Q2087687
132630,Kuju,4025,JH,Jharkhand,101,IN,India,23.72536000,85.51023000,Q1925136
132758,Latehar,4025,JH,Jharkhand,101,IN,India,23.75000000,84.40000000,Q2244762
132768,Lohardaga,4025,JH,Jharkhand,101,IN,India,23.50000000,84.60000000,Q1948301
132816,Madhupur,4025,JH,Jharkhand,101,IN,India,24.27419000,86.63929000,Q1883345
132873,Malkera,4025,JH,Jharkhand,101,IN,India,23.78213000,86.28767000,Q2648554
132923,Manoharpur,4025,JH,Jharkhand,101,IN,India,22.37456000,85.19234000,Q931999
133015,Mugma,4025,JH,Jharkhand,101,IN,India,23.77015000,86.72746000,Q2738433
133044,Mushabani,4025,JH,Jharkhand,101,IN,India,22.51135000,86.45713000,Q2738423
133209,Neturhat,4025,JH,Jharkhand,101,IN,India,23.47457000,84.26780000,Q12436050
133223,Nirsa,4025,JH,Jharkhand,101,IN,India,23.78438000,86.70692000,Q2451059
133246,Noamundi,4025,JH,Jharkhand,101,IN,India,22.16094000,85.50416000,Q2738436
133320,Pakur,4025,JH,Jharkhand,101,IN,India,24.63925000,87.84239000,Q2575907
133339,Palamu,4025,JH,Jharkhand,101,IN,India,23.91667000,84.08333000,Q1797254
133374,"Pashchim Singhbhum",4025,JH,Jharkhand,101,IN,India,22.50000000,85.50000000,Q1390016
134446,patamda,4025,JH,Jharkhand,101,IN,India,24.30000000,85.41667000,Q663062
133557,Pathardih,4025,JH,Jharkhand,101,IN,India,23.66580000,86.43166000,Q2734924
133510,"Purba Singhbhum",4025,JH,Jharkhand,101,IN,India,22.59238000,86.48341000,Q2453330
133604,Ramgarh,4025,JH,Jharkhand,101,IN,India,23.63073000,85.56057000,Q2663612
133606,Ranchi,4025,JH,Jharkhand,101,IN,India,23.34316000,85.30940000,Q174461
133727,Ray,4025,JH,Jharkhand,101,IN,India,23.68430000,85.05457000,Q667224
133752,Sahibganj,4025,JH,Jharkhand,101,IN,India,24.99354000,87.67333000,Q767878
133800,Saraikela,4025,JH,Jharkhand,101,IN,India,22.69963000,85.93126000,Q2575928
134079,Sarubera,4025,JH,Jharkhand,101,IN,India,23.81813000,85.99628000,Q2317301
133927,Sijua,4025,JH,Jharkhand,101,IN,India,23.77617000,86.33028000,Q1925470
133939,Simdega,4025,JH,Jharkhand,101,IN,India,22.61523000,84.50208000,Q2483929
133952,Sini,4025,JH,Jharkhand,101,IN,India,22.79325000,85.94543000,Q3961862
134209,Topchanchi,4025,JH,Jharkhand,101,IN,India,23.90381000,86.19792000,Q2735194
57598,Afzalpur,4026,KA,Karnataka,101,IN,India,17.19986000,76.36018000,Q490688
57613,Ajjampur,4026,KA,Karnataka,101,IN,India,13.72794000,76.00680000,Q2037672
57632,Aland,4026,KA,Karnataka,101,IN,India,17.56425000,76.56854000,Q2738477
57644,Alnavar,4026,KA,Karnataka,101,IN,India,15.42727000,74.74111000,Q583849
57656,Alur,4026,KA,Karnataka,101,IN,India,12.97805000,75.99094000,Q1320963
57702,Anekal,4026,KA,Karnataka,101,IN,India,12.71110000,77.69557000,Q588701
57711,Ankola,4026,KA,Karnataka,101,IN,India,14.66049000,74.30470000,Q583926
57713,Annigeri,4026,KA,Karnataka,101,IN,India,15.42513000,75.43350000,Q589122
57735,Arkalgud,4026,KA,Karnataka,101,IN,India,12.76171000,76.06035000,Q582261
57740,Arsikere,4026,KA,Karnataka,101,IN,India,13.31446000,76.25704000,Q588587
57757,Athni,4026,KA,Karnataka,101,IN,India,16.72613000,75.06421000,Q583995
57768,Aurad,4026,KA,Karnataka,101,IN,India,18.25397000,77.41761000,Q582573
58105,Badami,4026,KA,Karnataka,101,IN,India,15.91495000,75.67683000,Q8239185
57797,Bagalkot,4026,KA,Karnataka,101,IN,India,16.18000000,75.69000000,Q1910231
58107,Bagepalli,4026,KA,Karnataka,101,IN,India,13.78338000,77.79667000,Q633164
57814,Bail-Hongal,4026,KA,Karnataka,101,IN,India,15.81370000,74.85895000,Q636552
57827,Ballari,4026,KA,Karnataka,101,IN,India,15.15000000,76.55000000,Q622840
58136,Banavar,4026,KA,Karnataka,101,IN,India,13.41029000,76.16314000,Q625718
57847,"Bangalore Rural",4026,KA,Karnataka,101,IN,India,13.22567000,77.57501000,Q806464
57848,"Bangalore Urban",4026,KA,Karnataka,101,IN,India,13.00000000,77.58333000,Q806463
57851,Bangarapet,4026,KA,Karnataka,101,IN,India,12.99116000,78.17804000,Q637792
57856,Bannur,4026,KA,Karnataka,101,IN,India,12.33295000,76.86201000,Q622613
57857,Bantval,4026,KA,Karnataka,101,IN,India,12.89050000,75.03489000,Q622613
57893,Basavakalyan,4026,KA,Karnataka,101,IN,India,17.87445000,76.94972000,Q627748
57894,"Basavana Bagevadi",4026,KA,Karnataka,101,IN,India,16.57278000,75.97252000,Q627748
57922,Belagavi,4026,KA,Karnataka,101,IN,India,16.33333000,74.75000000,Q815464
57925,Belluru,4026,KA,Karnataka,101,IN,India,12.98140000,76.73308000,Q429063
57928,Beltangadi,4026,KA,Karnataka,101,IN,India,13.98333000,75.30000000,Q721485
57930,Belur,4026,KA,Karnataka,101,IN,India,13.16558000,75.86519000,Q760603
57933,Bengaluru,4026,KA,Karnataka,101,IN,India,12.97194000,77.59369000,Q1355
57956,Bhadravati,4026,KA,Karnataka,101,IN,India,13.84846000,75.70502000,Q2284099
58010,Bhalki,4026,KA,Karnataka,101,IN,India,18.04348000,77.20600000,Q49155
57970,Bhatkal,4026,KA,Karnataka,101,IN,India,13.98534000,74.55531000,Q13403597
58154,Bidar,4026,KA,Karnataka,101,IN,India,18.08333000,77.33333000,Q1790568
58042,Bilgi,4026,KA,Karnataka,101,IN,India,16.34714000,75.61804000,Q796485
58061,Birur,4026,KA,Karnataka,101,IN,India,13.59723000,75.97167000,Q861119
58102,Byadgi,4026,KA,Karnataka,101,IN,India,14.67325000,75.48680000,Q858385
58101,Byndoor,4026,KA,Karnataka,101,IN,India,13.86667000,74.63333000,Q3595293
58166,Canacona,4026,KA,Karnataka,101,IN,India,14.99590000,74.05056000,Q861976
58178,Challakere,4026,KA,Karnataka,101,IN,India,14.31800000,76.65165000,Q2340109
58185,Chamrajnagar,4026,KA,Karnataka,101,IN,India,11.96000000,77.09000000,Q1965256
58197,Channagiri,4026,KA,Karnataka,101,IN,India,14.02399000,75.92577000,Q15427
58198,Channapatna,4026,KA,Karnataka,101,IN,India,12.65143000,77.20672000,Q721354
58199,Channarayapatna,4026,KA,Karnataka,101,IN,India,12.90642000,76.38775000,Q886632
131547,"Chik Ballapur",4026,KA,Karnataka,101,IN,India,13.43512000,77.72787000,Q1023689
131551,Chikkaballapur,4026,KA,Karnataka,101,IN,India,13.55000000,77.87000000,Q1072629
131552,Chikkamagaluru,4026,KA,Karnataka,101,IN,India,13.49000000,75.73000000,Q743077
131554,Chiknayakanhalli,4026,KA,Karnataka,101,IN,India,13.41609000,76.62063000,Q1105843
131555,Chikodi,4026,KA,Karnataka,101,IN,India,16.42898000,74.58591000,Q1105246
131560,Chincholi,4026,KA,Karnataka,101,IN,India,17.46508000,77.41874000,Q1105849
131566,Chintamani,4026,KA,Karnataka,101,IN,India,13.40051000,78.05172000,Q5766625
131613,Chitapur,4026,KA,Karnataka,101,IN,India,17.12357000,77.08240000,Q1192111
131571,Chitradurga,4026,KA,Karnataka,101,IN,India,14.20000000,76.50000000,Q165264
131616,Closepet,4026,KA,Karnataka,101,IN,India,12.72181000,77.28149000,Q13371953
131624,Coondapoor,4026,KA,Karnataka,101,IN,India,13.63126000,74.69020000,Q3440760
131644,"Dakshina Kannada",4026,KA,Karnataka,101,IN,India,12.84000000,75.29000000,Q950571
131652,Dandeli,4026,KA,Karnataka,101,IN,India,15.26667000,74.61667000,Q721378
131670,Davanagere,4026,KA,Karnataka,101,IN,India,14.43000000,75.90000000,Q1173042
131701,Devanhalli,4026,KA,Karnataka,101,IN,India,13.24655000,77.71183000,Q2087756
131729,Dharwad,4026,KA,Karnataka,101,IN,India,15.37000000,75.14000000,Q1790904
131780,"Dod Ballapur",4026,KA,Karnataka,101,IN,India,13.29452000,77.53777000,Q1264006
131879,"French Rocks",4026,KA,Karnataka,101,IN,India,12.50094000,76.67416000,Q2449488
131884,Gadag,4026,KA,Karnataka,101,IN,India,15.49835000,75.65187000,Q1452991
131885,Gadag-Betageri,4026,KA,Karnataka,101,IN,India,15.41670000,75.61670000,Q1452991
131893,Gajendragarh,4026,KA,Karnataka,101,IN,India,15.73628000,75.96976000,Q1525274
131911,Gangawati,4026,KA,Karnataka,101,IN,India,15.43130000,76.52933000,Q1656906
131904,Gangolli,4026,KA,Karnataka,101,IN,India,13.65024000,74.67072000,Q5521176
131970,Gokak,4026,KA,Karnataka,101,IN,India,16.16901000,74.82393000,Q1707176
131971,Gokarna,4026,KA,Karnataka,101,IN,India,14.55000000,74.31667000,Q1025271
131995,Goribidnur,4026,KA,Karnataka,101,IN,India,13.61072000,77.51738000,Q3773513
131996,Gorur,4026,KA,Karnataka,101,IN,India,12.82297000,76.06463000,Q3773513
132007,Gubbi,4026,KA,Karnataka,101,IN,India,13.31216000,76.94102000,Q559413
132009,Gudibanda,4026,KA,Karnataka,101,IN,India,13.67099000,77.70414000,Q1708408
132017,Guledagudda,4026,KA,Karnataka,101,IN,India,16.05025000,75.78997000,Q2641873
132025,Gundlupet,4026,KA,Karnataka,101,IN,India,11.81004000,76.69027000,Q1708600
132034,Gurmatkal,4026,KA,Karnataka,101,IN,India,16.86773000,77.39088000,Q1706530
132053,Hadagalli,4026,KA,Karnataka,101,IN,India,15.02048000,75.93185000,Q1708134
132059,Haliyal,4026,KA,Karnataka,101,IN,India,15.32864000,74.75638000,Q1707839
132061,Hampi,4026,KA,Karnataka,101,IN,India,15.33520000,76.46030000,Q1707007
132140,Hangal,4026,KA,Karnataka,101,IN,India,14.76465000,75.12460000,Q1707624
132076,Harihar,4026,KA,Karnataka,101,IN,India,14.51288000,75.80716000,Q1708108
132079,Harpanahalli,4026,KA,Karnataka,101,IN,India,14.78766000,75.98863000,Q1707612
132086,Hassan,4026,KA,Karnataka,101,IN,India,12.95000000,76.08333000,Q956732
132089,Haveri,4026,KA,Karnataka,101,IN,India,14.73732000,75.41062000,Q765481
132093,Heggadadevankote,4026,KA,Karnataka,101,IN,India,12.08809000,76.32957000,Q1707117
132103,Hirekerur,4026,KA,Karnataka,101,IN,India,14.45506000,75.39520000,Q1706912
132104,Hiriyur,4026,KA,Karnataka,101,IN,India,13.94455000,76.61723000,Q1708067
132111,Holalkere,4026,KA,Karnataka,101,IN,India,14.04295000,76.18496000,Q1122103
132112,"Hole Narsipur",4026,KA,Karnataka,101,IN,India,12.78635000,76.24331000,Q1122103
132113,Homnabad,4026,KA,Karnataka,101,IN,India,17.77074000,77.12519000,Q1708205
132115,Honavar,4026,KA,Karnataka,101,IN,India,14.28088000,74.44497000,Q1708098
132114,Honnali,4026,KA,Karnataka,101,IN,India,14.23976000,75.64507000,Q1708205
132117,Hosanagara,4026,KA,Karnataka,101,IN,India,13.91387000,75.06503000,Q1706414
132118,Hosangadi,4026,KA,Karnataka,101,IN,India,13.69756000,74.95427000,Q1706414
132119,Hosdurga,4026,KA,Karnataka,101,IN,India,13.79631000,76.28408000,Q1708080
132123,Hoskote,4026,KA,Karnataka,101,IN,India,13.07070000,77.79814000,Q1708186
132124,Hospet,4026,KA,Karnataka,101,IN,India,15.26954000,76.38710000,Q33414
132127,Hubballi,4026,KA,Karnataka,101,IN,India,15.34776000,75.13378000,Q33412
132128,Hukeri,4026,KA,Karnataka,101,IN,India,16.23082000,74.60244000,Q1755404
132129,Hungund,4026,KA,Karnataka,101,IN,India,16.06213000,76.05860000,Q46643
132130,Hunsur,4026,KA,Karnataka,101,IN,India,12.30359000,76.29275000,Q1755397
132160,Ilkal,4026,KA,Karnataka,101,IN,India,15.95923000,76.11351000,Q2282329
132165,Indi,4026,KA,Karnataka,101,IN,India,17.17735000,75.95260000,Q1629848
132182,Jagalur,4026,KA,Karnataka,101,IN,India,14.51957000,76.33915000,Q2010464
132227,Jamkhandi,4026,KA,Karnataka,101,IN,India,16.50461000,75.29146000,Q2018128
132263,Jevargi,4026,KA,Karnataka,101,IN,India,17.01394000,76.77317000,Q581554
132330,Kadur,4026,KA,Karnataka,101,IN,India,13.55285000,76.01164000,Q2351757
132016,Kalaburgi,4026,KA,Karnataka,101,IN,India,17.16667000,77.08333000,Q2641873
132351,Kalghatgi,4026,KA,Karnataka,101,IN,India,15.18315000,74.97099000,Q2452207
132365,Kampli,4026,KA,Karnataka,101,IN,India,15.40626000,76.60013000,Q2316852
132706,Kankanhalli,4026,KA,Karnataka,101,IN,India,12.54654000,77.42005000,Q861954
132719,Karkala,4026,KA,Karnataka,101,IN,India,13.21428000,74.99234000,Q2284508
132411,Karwar,4026,KA,Karnataka,101,IN,India,14.81361000,74.12972000,Q2727978
132431,Kavalur,4026,KA,Karnataka,101,IN,India,15.28829000,75.94330000,Q6379072
132445,Kerur,4026,KA,Karnataka,101,IN,India,16.01384000,75.54631000,Q2135572
132516,Khanapur,4026,KA,Karnataka,101,IN,India,15.63969000,74.50847000,Q2120803
132537,Kodagu,4026,KA,Karnataka,101,IN,India,12.41667000,75.75000000,Q1553185
132541,Kodigenahalli,4026,KA,Karnataka,101,IN,India,13.72136000,77.38629000,Q2234072
132542,Kodlipet,4026,KA,Karnataka,101,IN,India,12.80087000,75.88662000,Q2234072
132553,Kolar,4026,KA,Karnataka,101,IN,India,13.13000000,78.23000000,Q2509866
132559,Kollegal,4026,KA,Karnataka,101,IN,India,12.15449000,77.11051000,Q2238928
132563,Konanur,4026,KA,Karnataka,101,IN,India,12.63016000,76.05037000,Q1930255
132569,Konnur,4026,KA,Karnataka,101,IN,India,16.20138000,74.74886000,Q2238933
132573,Koppa,4026,KA,Karnataka,101,IN,India,13.53044000,75.36329000,Q738998
132574,Koppal,4026,KA,Karnataka,101,IN,India,15.50000000,76.20000000,Q956387
132579,Koratagere,4026,KA,Karnataka,101,IN,India,13.52200000,77.23730000,Q2237163
132610,Kotturu,4026,KA,Karnataka,101,IN,India,14.82442000,76.22005000,Q2475108
132623,Krishnarajpet,4026,KA,Karnataka,101,IN,India,12.66621000,76.48770000,Q15183
132628,Kudachi,4026,KA,Karnataka,101,IN,India,16.62784000,74.85408000,Q2235245
132736,Kudligi,4026,KA,Karnataka,101,IN,India,14.90500000,76.38527000,Q794818
132642,Kumsi,4026,KA,Karnataka,101,IN,India,14.05455000,75.39992000,Q2234421
132643,Kumta,4026,KA,Karnataka,101,IN,India,14.42853000,74.41890000,Q2238911
132646,Kundgol,4026,KA,Karnataka,101,IN,India,15.25612000,75.24735000,Q2240854
132648,Kunigal,4026,KA,Karnataka,101,IN,India,13.02319000,77.02518000,Q255432
132658,Kurgunta,4026,KA,Karnataka,101,IN,India,17.19321000,77.35772000,Q720834
132668,Kushalnagar,4026,KA,Karnataka,101,IN,India,12.45795000,75.95904000,Q254885
132666,Kushtagi,4026,KA,Karnataka,101,IN,India,15.75623000,76.19112000,Q2230846
132752,Lakshmeshwar,4026,KA,Karnataka,101,IN,India,15.12689000,75.46935000,Q2237516
132765,Lingsugur,4026,KA,Karnataka,101,IN,India,16.15876000,76.52174000,Q46641
132774,Londa,4026,KA,Karnataka,101,IN,India,15.46907000,74.51906000,Q13770162
132809,Maddagiri,4026,KA,Karnataka,101,IN,India,13.66035000,77.21239000,Q2238951
132810,Maddur,4026,KA,Karnataka,101,IN,India,12.58283000,77.04294000,Q591656
132817,Madikeri,4026,KA,Karnataka,101,IN,India,12.42602000,75.73820000,Q1883345
133060,Magadi,4026,KA,Karnataka,101,IN,India,12.95706000,77.22374000,Q3420577
132847,Mahalingpur,4026,KA,Karnataka,101,IN,India,16.38880000,75.10873000,Q2237479
132868,Malavalli,4026,KA,Karnataka,101,IN,India,12.38556000,77.06045000,Q1030918
132877,Malpe,4026,KA,Karnataka,101,IN,India,13.34962000,74.70394000,Q745078
133071,Malur,4026,KA,Karnataka,101,IN,India,13.00322000,77.93798000,Q775609
132898,Mandya,4026,KA,Karnataka,101,IN,India,12.52230000,76.89746000,Q1006277
132905,Mangaluru,4026,KA,Karnataka,101,IN,India,12.91723000,74.85603000,Q127041
132912,Manipal,4026,KA,Karnataka,101,IN,India,13.35000000,74.78333000,Q2453339
133083,Manvi,4026,KA,Karnataka,101,IN,India,15.99126000,77.05034000,Q2451070
133093,Mayakonda,4026,KA,Karnataka,101,IN,India,14.28894000,76.08305000,Q1155053
132964,Melukote,4026,KA,Karnataka,101,IN,India,12.66258000,76.64861000,Q2667680
133098,Mudbidri,4026,KA,Karnataka,101,IN,India,13.06653000,74.99525000,Q1949058
133008,Muddebihal,4026,KA,Karnataka,101,IN,India,16.33782000,76.13173000,Q12447218
133009,Mudgal,4026,KA,Karnataka,101,IN,India,16.01191000,76.44203000,Q2451106
133010,Mudgere,4026,KA,Karnataka,101,IN,India,13.13353000,75.64160000,Q2552562
133011,Mudhol,4026,KA,Karnataka,101,IN,India,16.33354000,75.28305000,Q1514203
133020,Mulbagal,4026,KA,Karnataka,101,IN,India,13.16352000,78.39346000,Q2558254
133021,Mulgund,4026,KA,Karnataka,101,IN,India,15.28070000,75.52132000,Q2552545
133101,Mulki,4026,KA,Karnataka,101,IN,India,13.09101000,74.79353000,Q2558126
133026,Mundargi,4026,KA,Karnataka,101,IN,India,15.20677000,75.88390000,Q2341660
133027,Mundgod,4026,KA,Karnataka,101,IN,India,14.97144000,75.03658000,Q2282297
133033,Munirabad,4026,KA,Karnataka,101,IN,India,15.30928000,76.33830000,Q2738447
133041,Murudeshwara,4026,KA,Karnataka,101,IN,India,14.09430000,74.48450000,Q2445448
133053,Mysuru,4026,KA,Karnataka,101,IN,India,12.23000000,76.42000000,Q591781
133254,Nagamangala,4026,KA,Karnataka,101,IN,India,12.81939000,76.75456000,Q2475066
133151,Nanjangud,4026,KA,Karnataka,101,IN,India,12.11764000,76.68397000,Q2542321
133159,Narasimharajapura,4026,KA,Karnataka,101,IN,India,13.61075000,75.51200000,Q2475130
133164,Naregal,4026,KA,Karnataka,101,IN,India,15.57316000,75.80805000,Q2552530
133167,Nargund,4026,KA,Karnataka,101,IN,India,15.72299000,75.38666000,Q1109422
133184,Navalgund,4026,KA,Karnataka,101,IN,India,15.55877000,75.35305000,Q2475087
133204,Nelamangala,4026,KA,Karnataka,101,IN,India,13.09978000,77.39364000,Q2340194
133249,Nyamti,4026,KA,Karnataka,101,IN,India,14.14869000,75.57641000,Q2738436
133541,Pangala,4026,KA,Karnataka,101,IN,India,13.25000000,74.75000000,Q7130519
133560,Pavugada,4026,KA,Karnataka,101,IN,India,14.09953000,77.28018000,Q2475098
133458,Piriyapatna,4026,KA,Karnataka,101,IN,India,12.33497000,76.10073000,Q2718126
133474,Ponnampet,4026,KA,Karnataka,101,IN,India,12.14473000,75.94514000,Q7227904
133518,Puttur,4026,KA,Karnataka,101,IN,India,12.75975000,75.20169000,Q1089504
133577,Rabkavi,4026,KA,Karnataka,101,IN,India,16.47567000,75.11060000,Q63066
133586,Raichur,4026,KA,Karnataka,101,IN,India,16.16000000,76.91000000,Q1430830
133598,Ramanagara,4026,KA,Karnataka,101,IN,India,12.65000000,77.35000000,Q427679
133719,Ranibennur,4026,KA,Karnataka,101,IN,India,14.62239000,75.62951000,Q2737504
133731,Raybag,4026,KA,Karnataka,101,IN,India,16.49178000,74.77391000,Q2349951
133642,Robertsonpet,4026,KA,Karnataka,101,IN,India,12.95629000,78.27539000,Q2557879
133649,Ron,4026,KA,Karnataka,101,IN,India,15.69935000,75.73408000,Q2624337
133743,Sadalgi,4026,KA,Karnataka,101,IN,India,16.55870000,74.53211000,Q385985
134060,Sagar,4026,KA,Karnataka,101,IN,India,14.16498000,75.02901000,Q1925358
133760,Sakleshpur,4026,KA,Karnataka,101,IN,India,12.94119000,75.78467000,Q2475072
133779,Sandur,4026,KA,Karnataka,101,IN,India,15.08613000,76.54692000,Q1698292
133788,Sanivarsante,4026,KA,Karnataka,101,IN,India,12.72824000,75.88669000,Q614055
133789,Sankeshwar,4026,KA,Karnataka,101,IN,India,16.25649000,74.48195000,Q721843
133806,Sargur,4026,KA,Karnataka,101,IN,India,11.99971000,76.39611000,Q7423978
133827,Saundatti,4026,KA,Karnataka,101,IN,India,15.76615000,75.11778000,Q2282286
133830,Savanur,4026,KA,Karnataka,101,IN,India,14.97335000,75.33724000,Q1026882
133846,Seram,4026,KA,Karnataka,101,IN,India,17.17859000,77.28998000,Q2552553
133907,Shahabad,4026,KA,Karnataka,101,IN,India,17.13070000,76.94361000,Q2738743
133898,Shahpur,4026,KA,Karnataka,101,IN,India,16.69605000,76.84220000,Q3958999
133866,Shiggaon,4026,KA,Karnataka,101,IN,India,14.99053000,75.22499000,Q2717652
133868,Shikarpur,4026,KA,Karnataka,101,IN,India,14.26980000,75.35643000,Q2717915
133872,Shimoga,4026,KA,Karnataka,101,IN,India,14.05000000,75.16000000,Q2981389
133876,Shirhatti,4026,KA,Karnataka,101,IN,India,15.23352000,75.57996000,Q2571876
133884,Shorapur,4026,KA,Karnataka,101,IN,India,16.52100000,76.75738000,Q2449498
133887,Shrirangapattana,4026,KA,Karnataka,101,IN,India,12.42264000,76.68439000,Q2566494
133920,Siddapur,4026,KA,Karnataka,101,IN,India,14.34322000,74.89400000,Q2571834
133924,Sidlaghatta,4026,KA,Karnataka,101,IN,India,13.38896000,77.86444000,Q2733455
133941,Sindgi,4026,KA,Karnataka,101,IN,India,16.91883000,76.23368000,Q46566
133942,Sindhnur,4026,KA,Karnataka,101,IN,India,15.76983000,76.75581000,Q2571844
134087,Sira,4026,KA,Karnataka,101,IN,India,13.74155000,76.90430000,Q33334
133962,Sirsi,4026,KA,Karnataka,101,IN,India,14.62072000,74.83554000,Q959109
133967,Siruguppa,4026,KA,Karnataka,101,IN,India,15.63000000,76.89217000,Q2717329
133989,Someshwar,4026,KA,Karnataka,101,IN,India,13.49112000,75.06646000,Q607071
133991,Somvarpet,4026,KA,Karnataka,101,IN,India,12.59698000,75.84957000,Q2738785
134001,Sorab,4026,KA,Karnataka,101,IN,India,14.38144000,75.09183000,Q2738723
134024,"Sravana Belgola",4026,KA,Karnataka,101,IN,India,12.85737000,76.48886000,Q1026193
134021,Sringeri,4026,KA,Karnataka,101,IN,India,13.41698000,75.25271000,Q170115
134029,Srinivaspur,4026,KA,Karnataka,101,IN,India,13.33914000,78.21175000,Q2552087
134042,Sulya,4026,KA,Karnataka,101,IN,India,12.56100000,75.38741000,Q2571896
134047,Suntikoppa,4026,KA,Karnataka,101,IN,India,12.45594000,75.82970000,Q7639941
134234,Talikota,4026,KA,Karnataka,101,IN,India,16.47311000,76.31085000,Q1026891
134116,Tarikere,4026,KA,Karnataka,101,IN,India,13.70954000,75.81382000,Q2552592
134125,Tekkalakote,4026,KA,Karnataka,101,IN,India,15.53444000,76.87703000,Q429171
134133,Terdal,4026,KA,Karnataka,101,IN,India,16.49379000,75.04667000,Q2552503
134176,Tiptur,4026,KA,Karnataka,101,IN,India,13.25630000,76.47768000,Q2475078
134247,Tirthahalli,4026,KA,Karnataka,101,IN,India,13.68835000,75.24548000,Q2350142
134182,"Tirumakudal Narsipur",4026,KA,Karnataka,101,IN,India,12.21207000,76.90180000,Q2248455
134219,Tumakuru,4026,KA,Karnataka,101,IN,India,13.50000000,77.00000000,Q1301635
134225,Turuvekere,4026,KA,Karnataka,101,IN,India,13.16374000,76.66641000,Q2738731
134260,Udupi,4026,KA,Karnataka,101,IN,India,13.50000000,74.87000000,Q1483337
134268,Ullal,4026,KA,Karnataka,101,IN,India,12.80569000,74.86058000,Q2738747
134300,"Uttar Kannada",4026,KA,Karnataka,101,IN,India,14.88333000,74.58333000,Q579205
134307,Vadigenhalli,4026,KA,Karnataka,101,IN,India,13.29724000,77.80184000,Q2449175
58031,Vijayapura,4026,KA,Karnataka,101,IN,India,16.82442000,75.71537000,Q3636023
134386,Virarajendrapet,4026,KA,Karnataka,101,IN,India,12.19644000,75.80512000,Q2541738
134414,Wadi,4026,KA,Karnataka,101,IN,India,17.05183000,76.99048000,Q2247593
134420,Yadgir,4026,KA,Karnataka,101,IN,India,16.73000000,76.94000000,Q1786949
134429,Yelahanka,4026,KA,Karnataka,101,IN,India,13.10073000,77.59632000,Q720231
134430,Yelandur,4026,KA,Karnataka,101,IN,India,12.04629000,77.03034000,Q2475035
134431,Yelbarga,4026,KA,Karnataka,101,IN,India,15.61545000,76.01184000,Q2552616
134433,Yellapur,4026,KA,Karnataka,101,IN,India,14.96370000,74.70929000,Q2340055
57596,Adur,4028,KL,Kerala,101,IN,India,9.15595000,76.73192000,Q490941
57637,Alappuzha,4028,KL,Kerala,101,IN,India,9.49004000,76.32640000,Q585026
57647,Aluva,4028,KL,Kerala,101,IN,India,10.10764000,76.35158000,Q588793
57650,Alwaye,4028,KL,Kerala,101,IN,India,10.10649000,76.35484000,Q449690
57703,Angamali,4028,KL,Kerala,101,IN,India,10.19055000,76.38789000,Q588701
57738,Aroor,4028,KL,Kerala,101,IN,India,9.86940000,76.30498000,Q588767
57742,Arukutti,4028,KL,Kerala,101,IN,India,9.86667000,76.35000000,Q588587
57762,Attingal,4028,KL,Kerala,101,IN,India,8.69609000,76.81507000,Q534444
57772,Avanoor,4028,KL,Kerala,101,IN,India,10.60826000,76.17620000,Q3430115
57778,Azhikkal,4028,KL,Kerala,101,IN,India,11.91524000,75.34761000,Q526757
57786,Badagara,4028,KL,Kerala,101,IN,India,11.59776000,75.58142000,Q2283340
57945,Beypore,4028,KL,Kerala,101,IN,India,11.17151000,75.80611000,Q759539
58195,Changanacheri,4028,KL,Kerala,101,IN,India,9.44203000,76.53604000,Q721388
131609,Chelakara,4028,KL,Kerala,101,IN,India,10.69289000,76.34387000,Q532883
131516,Chengannur,4028,KL,Kerala,101,IN,India,9.31575000,76.61513000,Q888384
131519,Cherpulassery,4028,KL,Kerala,101,IN,India,10.87655000,76.30932000,Q888377
131521,Cherthala,4028,KL,Kerala,101,IN,India,9.68444000,76.33558000,Q888665
131524,Chetwayi,4028,KL,Kerala,101,IN,India,10.52885000,76.04793000,Q888436
131576,Chittur,4028,KL,Kerala,101,IN,India,10.69967000,76.74710000,Q2568293
131617,Cochin,4028,KL,Kerala,101,IN,India,9.93988000,76.26022000,Q1800
131724,Dharmadam,4028,KL,Kerala,101,IN,India,11.77538000,75.46459000,Q1265354
131829,Edakkulam,4028,KL,Kerala,101,IN,India,10.61020000,76.18352000,Q1945304
131835,Elur,4028,KL,Kerala,101,IN,India,10.06667000,76.28333000,Q1525566
131844,Erattupetta,4028,KL,Kerala,101,IN,India,9.68747000,76.77891000,Q2475592
131840,Ernakulam,4028,KL,Kerala,101,IN,India,10.00000000,76.50000000,Q1525157
131874,Ferokh,4028,KL,Kerala,101,IN,India,11.17989000,75.84141000,Q1525568
132038,Guruvayur,4028,KL,Kerala,101,IN,India,10.59430000,76.04110000,Q1706501
132154,Idukki,4028,KL,Kerala,101,IN,India,10.00000000,77.00000000,Q301821
132170,Iringal,4028,KL,Kerala,101,IN,India,11.55929000,75.61663000,Q1753737
132171,Irinjalakuda,4028,KL,Kerala,101,IN,India,10.34238000,76.21124000,Q1754141
132323,Kadakkavoor,4028,KL,Kerala,101,IN,India,8.67921000,76.76714000,Q2441584
132344,Kalamassery,4028,KL,Kerala,101,IN,India,10.06140000,76.32631000,Q2475675
132350,Kalavoor,4028,KL,Kerala,101,IN,India,9.57046000,76.32756000,Q3530107
132356,Kalpatta,4028,KL,Kerala,101,IN,India,11.60871000,76.08343000,Q911025
132707,Kannangad,4028,KL,Kerala,101,IN,India,12.30814000,75.10632000,Q720627
132379,Kannavam,4028,KL,Kerala,101,IN,India,11.84450000,75.66266000,Q6364007
132383,Kannur,4028,KL,Kerala,101,IN,India,12.16667000,75.33333000,Q2980652
132720,Kasaragod,4028,KL,Kerala,101,IN,India,12.49838000,74.98959000,Q317217
132721,"Kasaragod District",4028,KL,Kerala,101,IN,India,12.49246000,74.99062000,Q1419703
132428,Kattanam,4028,KL,Kerala,101,IN,India,9.17614000,76.56325000,Q2668323
132731,Kayankulam,4028,KL,Kerala,101,IN,India,9.18173000,76.50093000,Q672672
132536,"Kizhake Chalakudi",4028,KL,Kerala,101,IN,India,10.30067000,76.33763000,Q3815660
132545,Kodungallur,4028,KL,Kerala,101,IN,India,10.23263000,76.19513000,Q1006282
132558,Kollam,4028,KL,Kerala,101,IN,India,8.88113000,76.58469000,Q321475
132595,Kotamangalam,4028,KL,Kerala,101,IN,India,10.06435000,76.62843000,Q279106
132609,Kottayam,4028,KL,Kerala,101,IN,India,9.66667000,76.66667000,Q1353354
132614,Kovalam,4028,KL,Kerala,101,IN,India,8.36667000,76.99667000,Q1785641
132619,Kozhikode,4028,KL,Kerala,101,IN,India,11.50000000,76.00000000,Q1142979
132639,Kumbalam,4028,KL,Kerala,101,IN,India,9.90630000,76.31127000,Q913399
132649,Kunnamangalam,4028,KL,Kerala,101,IN,India,11.30459000,75.87772000,Q255432
132650,Kunnamkulam,4028,KL,Kerala,101,IN,India,10.64667000,76.06695000,Q2234522
132652,Kunnumma,4028,KL,Kerala,101,IN,India,9.35672000,76.41343000,Q2234522
132669,Kutiatodu,4028,KL,Kerala,101,IN,India,9.80000000,76.33333000,Q254885
132671,Kuttampuzha,4028,KL,Kerala,101,IN,India,10.15033000,76.73544000,Q2238993
132794,Lalam,4028,KL,Kerala,101,IN,India,9.71667000,76.70000000,Q1929695
132852,Mahe,4028,KL,Kerala,101,IN,India,11.70172000,75.53474000,Q277480
132866,Malappuram,4028,KL,Kerala,101,IN,India,11.00000000,76.16667000,Q1030918
132913,Manjeri,4028,KL,Kerala,101,IN,India,11.12018000,76.11996000,Q2568380
132915,Manjeshvar,4028,KL,Kerala,101,IN,India,12.71287000,74.88857000,Q720793
132920,Mannarakkat,4028,KL,Kerala,101,IN,India,10.99223000,76.46418000,Q2673456
132933,Marayur,4028,KL,Kerala,101,IN,India,10.27641000,77.16205000,Q2554778
132942,Mattanur,4028,KL,Kerala,101,IN,India,11.93018000,75.57152000,Q2475713
133092,Mavelikara,4028,KL,Kerala,101,IN,India,9.25929000,76.55642000,Q1155053
132950,Mavoor,4028,KL,Kerala,101,IN,India,11.26667000,75.91667000,Q2475602
133023,Muluppilagadu,4028,KL,Kerala,101,IN,India,11.79788000,75.45111000,Q2568413
133034,Munnar,4028,KL,Kerala,101,IN,India,10.08818000,77.06239000,Q1025124
133103,Muvattupula,4028,KL,Kerala,101,IN,India,9.98493000,76.57728000,Q2544352
133050,Muvattupuzha,4028,KL,Kerala,101,IN,India,9.97985000,76.57381000,Q2341743
133253,Nadapuram,4028,KL,Kerala,101,IN,India,11.68465000,75.65493000,Q2725552
133107,Naduvannur,4028,KL,Kerala,101,IN,India,11.48772000,75.77511000,Q219039
133198,Nedumangad,4028,KL,Kerala,101,IN,India,8.60267000,77.00139000,Q932690
133211,Neyyattinkara,4028,KL,Kerala,101,IN,India,8.39854000,77.08586000,Q2569280
133287,Nileshwar,4028,KL,Kerala,101,IN,India,12.25953000,75.13520000,Q2558245
133306,Ottappalam,4028,KL,Kerala,101,IN,India,10.77350000,76.37758000,Q2568304
133321,Palackattumala,4028,KL,Kerala,101,IN,India,9.74356000,76.62940000,Q7126341
133322,"Palakkad district",4028,KL,Kerala,101,IN,India,10.77500000,76.65100000,Q1535742
133528,Palghat,4028,KL,Kerala,101,IN,India,10.77319000,76.65366000,Q1006240
133343,Panamaram,4028,KL,Kerala,101,IN,India,11.74014000,76.07369000,Q214681
133546,Pappinissheri,4028,KL,Kerala,101,IN,India,11.95655000,75.34034000,Q2475612
133357,"Paravur Tekkumbhagam",4028,KL,Kerala,101,IN,India,8.79470000,76.66798000,Q1939468
133359,Pariyapuram,4028,KL,Kerala,101,IN,India,11.01667000,75.86667000,Q1797389
133380,Pathanamthitta,4028,KL,Kerala,101,IN,India,9.26667000,76.78333000,Q1025266
133389,Pattanamtitta,4028,KL,Kerala,101,IN,India,9.28068000,76.86967000,Q634935
133399,Payyannur,4028,KL,Kerala,101,IN,India,12.09350000,75.20249000,Q539909
153628,Perinthalmanna,4028,KL,Kerala,101,IN,India,10.97768000,76.22850800,Q720812
133423,Perumbavoor,4028,KL,Kerala,101,IN,India,10.10695000,76.47366000,Q2737591
133424,Perumpavur,4028,KL,Kerala,101,IN,India,10.11544000,76.47611000,Q2737591
133427,Perya,4028,KL,Kerala,101,IN,India,11.83334000,75.85408000,Q2072728
133457,Piravam,4028,KL,Kerala,101,IN,India,9.86667000,76.50000000,Q2718126
133472,Ponmana,4028,KL,Kerala,101,IN,India,9.00798000,76.52023000,Q2287007
133477,Ponnani,4028,KL,Kerala,101,IN,India,10.76695000,75.92523000,Q2568315
133502,Punalur,4028,KL,Kerala,101,IN,India,9.01956000,76.92261000,Q742720
133692,Ramamangalam,4028,KL,Kerala,101,IN,India,9.93333000,76.50000000,Q7288856
133915,Sharanur,4028,KL,Kerala,101,IN,India,10.76181000,76.27078000,Q2720784
133865,Shertallai,4028,KL,Kerala,101,IN,India,9.68581000,76.33996000,Q2717652
134103,Talipparamba,4028,KL,Kerala,101,IN,India,12.04161000,75.35927000,Q2568358
134129,Tellicherry,4028,KL,Kerala,101,IN,India,11.74811000,75.49290000,Q367354
134142,Thanniyam,4028,KL,Kerala,101,IN,India,10.41667000,76.13333000,Q15194
134154,Thiruvananthapuram,4028,KL,Kerala,101,IN,India,8.60399000,76.98574000,Q162612
134161,Thrissur,4028,KL,Kerala,101,IN,India,10.51667000,76.21667000,Q163798
134192,Tirur,4028,KL,Kerala,101,IN,India,10.91368000,75.92118000,Q2722267
134194,Tiruvalla,4028,KL,Kerala,101,IN,India,9.38160000,76.57489000,Q2336443
134313,Vaikam,4028,KL,Kerala,101,IN,India,9.74858000,76.39637000,Q2477208
134330,Varkala,4028,KL,Kerala,101,IN,India,8.73330000,76.71670000,Q1012951
134336,Vayalar,4028,KL,Kerala,101,IN,India,9.71158000,76.33888000,Q978780
134353,Vettur,4028,KL,Kerala,101,IN,India,8.71742000,76.72582000,Q2540924
134400,Wayanad,4028,KL,Kerala,101,IN,India,11.60500000,76.08300000,Q1364427
132399,Kargil,4852,LA,Ladakh,101,IN,India,34.55765000,76.12622000,Q2088176
132762,Leh,4852,LA,Ladakh,101,IN,India,34.16504000,77.58402000,Q230818
132432,Kavaratti,4019,LD,Lakshadweep,101,IN,India,10.56688000,72.64203000,Q6379072
132750,Lakshadweep,4019,LD,Lakshadweep,101,IN,India,11.27333000,74.04582000,Q10784153
57599,Agar,4039,MP,"Madhya Pradesh",101,IN,India,23.71177000,76.01571000,Q490688
57611,Ajaigarh,4039,MP,"Madhya Pradesh",101,IN,India,24.89879000,80.25921000,Q583090
57626,Akodia,4039,MP,"Madhya Pradesh",101,IN,India,23.38027000,76.59875000,Q582235
57631,Alampur,4039,MP,"Madhya Pradesh",101,IN,India,26.02514000,78.79697000,Q14201843
57639,Alirajpur,4039,MP,"Madhya Pradesh",101,IN,India,22.31384000,74.36452000,Q2667586
57646,Alot,4039,MP,"Madhya Pradesh",101,IN,India,23.76336000,75.55662000,Q583826
57691,Amanganj,4039,MP,"Madhya Pradesh",101,IN,India,24.42664000,80.03579000,Q583720
57659,Amarkantak,4039,MP,"Madhya Pradesh",101,IN,India,22.67486000,81.75908000,Q588826
57663,Amarpatan,4039,MP,"Madhya Pradesh",101,IN,India,24.31371000,80.97703000,Q589830
57664,Amarwara,4039,MP,"Madhya Pradesh",101,IN,India,22.29780000,79.16943000,Q585696
57673,Ambah,4039,MP,"Madhya Pradesh",101,IN,India,26.70423000,78.22678000,Q583837
57680,Amla,4039,MP,"Madhya Pradesh",101,IN,India,21.92485000,78.12786000,Q583603
57706,Anjad,4039,MP,"Madhya Pradesh",101,IN,India,22.04171000,75.05519000,Q585729
57719,Antri,4039,MP,"Madhya Pradesh",101,IN,India,26.05804000,78.21027000,Q585742
57721,Anuppur,4039,MP,"Madhya Pradesh",101,IN,India,23.05674000,81.68399000,Q2299093
134462,Aron,4039,MP,"Madhya Pradesh",101,IN,India,24.38109000,77.41739000,Q581765
57750,Ashoknagar,4039,MP,"Madhya Pradesh",101,IN,India,24.58000000,77.73000000,Q2246416
57752,Ashta,4039,MP,"Madhya Pradesh",101,IN,India,23.01754000,76.72208000,Q582291
58103,Babai,4039,MP,"Madhya Pradesh",101,IN,India,22.70256000,77.93494000,Q765367
57788,Badarwas,4039,MP,"Madhya Pradesh",101,IN,India,24.97516000,77.56490000,Q583295
57793,Badnawar,4039,MP,"Madhya Pradesh",101,IN,India,23.02181000,75.23268000,Q584989
58106,Bagh,4039,MP,"Madhya Pradesh",101,IN,India,22.35905000,74.79052000,Q1924964
58111,Bagli,4039,MP,"Madhya Pradesh",101,IN,India,22.64124000,76.34877000,Q2719910
57811,Baihar,4039,MP,"Madhya Pradesh",101,IN,India,22.10133000,80.54967000,Q625392
57813,Baikunthpur,4039,MP,"Madhya Pradesh",101,IN,India,24.72768000,81.40975000,Q623920
57821,Bakshwaha,4039,MP,"Madhya Pradesh",101,IN,India,24.25106000,79.28618000,Q622831
58119,Balaghat,4039,MP,"Madhya Pradesh",101,IN,India,21.96667000,80.33333000,Q641904
57824,Baldeogarh,4039,MP,"Madhya Pradesh",101,IN,India,24.75619000,79.06715000,Q637094
57838,Bamna,4039,MP,"Madhya Pradesh",101,IN,India,23.09454000,74.76164000,Q627037
58122,"Bamor Kalan",4039,MP,"Madhya Pradesh",101,IN,India,24.89298000,78.15105000,Q622611
57839,Bamora,4039,MP,"Madhya Pradesh",101,IN,India,24.05539000,78.08925000,Q636529
57842,Banda,4039,MP,"Madhya Pradesh",101,IN,India,24.04488000,78.96094000,Q637818
57868,Barela,4039,MP,"Madhya Pradesh",101,IN,India,23.09678000,80.05084000,Q637110
57870,Barghat,4039,MP,"Madhya Pradesh",101,IN,India,22.03065000,79.73280000,Q613463
57871,Bargi,4039,MP,"Madhya Pradesh",101,IN,India,22.99138000,79.87550000,Q613463
57872,Barhi,4039,MP,"Madhya Pradesh",101,IN,India,23.90326000,80.81516000,Q709090
57888,Barwani,4039,MP,"Madhya Pradesh",101,IN,India,22.02485000,74.91805000,Q2126754
58148,Basoda,4039,MP,"Madhya Pradesh",101,IN,India,23.85153000,77.93652000,Q714617
57913,Begamganj,4039,MP,"Madhya Pradesh",101,IN,India,23.59917000,78.34064000,Q760167
57935,Beohari,4039,MP,"Madhya Pradesh",101,IN,India,24.02423000,81.37831000,Q2314377
57936,Berasia,4039,MP,"Madhya Pradesh",101,IN,India,23.63134000,77.43351000,Q2281620
57940,Betma,4039,MP,"Madhya Pradesh",101,IN,India,22.68653000,75.61456000,Q757845
57942,Betul,4039,MP,"Madhya Pradesh",101,IN,India,21.83333000,77.83333000,Q1815279
57943,"Betul Bazar",4039,MP,"Madhya Pradesh",101,IN,India,21.85572000,77.92913000,Q2314399
58006,Bhabhra,4039,MP,"Madhya Pradesh",101,IN,India,22.53048000,74.32846000,Q796650
57959,Bhainsdehi,4039,MP,"Madhya Pradesh",101,IN,India,21.64491000,77.63023000,Q759139
58011,Bhander,4039,MP,"Madhya Pradesh",101,IN,India,25.73581000,78.74555000,Q759166
58012,Bhanpura,4039,MP,"Madhya Pradesh",101,IN,India,24.51300000,75.74690000,Q674268
57975,Bhawaniganj,4039,MP,"Madhya Pradesh",101,IN,India,24.41582000,75.83552000,Q4901597
57980,Bhikangaon,4039,MP,"Madhya Pradesh",101,IN,India,21.86764000,75.96391000,Q2314441
57982,Bhind,4039,MP,"Madhya Pradesh",101,IN,India,26.50000000,78.75000000,Q2341700
57985,Bhitarwar,4039,MP,"Madhya Pradesh",101,IN,India,25.79216000,78.11085000,Q796805
57995,Bhopal,4039,MP,"Madhya Pradesh",101,IN,India,23.25469000,77.40289000,Q80989
58025,Biaora,4039,MP,"Madhya Pradesh",101,IN,India,23.92050000,76.91074000,Q796769
58038,Bijawar,4039,MP,"Madhya Pradesh",101,IN,India,24.62351000,79.48994000,Q797222
58036,Bijrauni,4039,MP,"Madhya Pradesh",101,IN,India,24.93296000,77.64352000,Q1937865
58073,Bodri,4039,MP,"Madhya Pradesh",101,IN,India,23.16524000,81.43262000,Q858405
58096,Burhanpur,4039,MP,"Madhya Pradesh",101,IN,India,21.31000000,76.23000000,Q2125592
58097,Burhar,4039,MP,"Madhya Pradesh",101,IN,India,23.21494000,81.53204000,Q861346
58188,Chanderi,4039,MP,"Madhya Pradesh",101,IN,India,24.71312000,78.13809000,Q860192
58189,Chandia,4039,MP,"Madhya Pradesh",101,IN,India,23.65647000,80.70911000,Q2446932
58191,Chandla,4039,MP,"Madhya Pradesh",101,IN,India,25.07148000,80.19294000,Q858413
131532,Chhatarpur,4039,MP,"Madhya Pradesh",101,IN,India,24.75000000,79.75000000,Q2449785
131534,Chhindwara,4039,MP,"Madhya Pradesh",101,IN,India,22.05697000,78.93958000,Q986135
131543,Chichli,4039,MP,"Madhya Pradesh",101,IN,India,22.83363000,78.82611000,Q1104216
131581,Chorhat,4039,MP,"Madhya Pradesh",101,IN,India,24.42743000,81.66948000,Q1191532
131636,Daboh,4039,MP,"Madhya Pradesh",101,IN,India,26.00239000,78.87658000,Q385237
131637,Dabra,4039,MP,"Madhya Pradesh",101,IN,India,25.88572000,78.33221000,Q1190879
131651,Damoh,4039,MP,"Madhya Pradesh",101,IN,India,23.75000000,79.58333000,Q2479331
131662,Datia,4039,MP,"Madhya Pradesh",101,IN,India,25.75000000,78.50000000,Q2206266
131691,"Deori Khas",4039,MP,"Madhya Pradesh",101,IN,India,23.39017000,79.01630000,Q1649811
131693,Depalpur,4039,MP,"Madhya Pradesh",101,IN,India,22.85095000,75.54224000,Q2446961
131707,Dewas,4039,MP,"Madhya Pradesh",101,IN,India,23.00000000,76.16667000,Q2025998
131749,Dhamnod,4039,MP,"Madhya Pradesh",101,IN,India,22.20928000,75.47057000,Q1259705
131751,Dhana,4039,MP,"Madhya Pradesh",101,IN,India,23.74697000,78.86234000,Q1259557
131753,Dhar,4039,MP,"Madhya Pradesh",101,IN,India,22.59373000,75.29774000,Q617987
131720,Dharampuri,4039,MP,"Madhya Pradesh",101,IN,India,22.14951000,75.34439000,Q1266025
131775,Dindori,4039,MP,"Madhya Pradesh",101,IN,India,22.80000000,81.10000000,Q2398551
131848,Etawa,4039,MP,"Madhya Pradesh",101,IN,India,24.18351000,78.20289000,Q858501
132043,Gadarwara,4039,MP,"Madhya Pradesh",101,IN,India,22.92350000,78.78490000,Q1525301
131917,"Garha Brahman",4039,MP,"Madhya Pradesh",101,IN,India,23.86873000,77.35731000,Q1654825
131924,Garhakota,4039,MP,"Madhya Pradesh",101,IN,India,23.77910000,79.14321000,Q1655893
131930,Gautampura,4039,MP,"Madhya Pradesh",101,IN,India,22.98664000,75.51921000,Q279871
131936,Ghansor,4039,MP,"Madhya Pradesh",101,IN,India,22.65976000,79.95013000,Q2313263
131965,Gogapur,4039,MP,"Madhya Pradesh",101,IN,India,23.55746000,75.51665000,Q1708114
131966,Gohadi,4039,MP,"Madhya Pradesh",101,IN,India,26.43278000,78.44205000,Q1707618
132002,Govindgarh,4039,MP,"Madhya Pradesh",101,IN,India,24.37845000,81.29644000,Q2228620
132024,Guna,4039,MP,"Madhya Pradesh",101,IN,India,24.55464000,77.20082000,Q930027
132033,Gurh,4039,MP,"Madhya Pradesh",101,IN,India,24.50265000,81.50037000,Q1706610
132040,Gwalior,4039,MP,"Madhya Pradesh",101,IN,India,26.22983000,78.17337000,Q158467
132070,Harda,4039,MP,"Madhya Pradesh",101,IN,India,22.23406000,76.96431000,Q2173003
132071,"Harda Khas",4039,MP,"Madhya Pradesh",101,IN,India,22.34414000,77.09536000,Q1707802
132080,Harpalpur,4039,MP,"Madhya Pradesh",101,IN,India,25.28773000,79.33279000,Q1709670
132081,Harrai,4039,MP,"Madhya Pradesh",101,IN,India,22.61428000,79.22207000,Q1706431
132082,Harsud,4039,MP,"Madhya Pradesh",101,IN,India,22.09947000,76.73423000,Q1708353
132145,Hatod,4039,MP,"Madhya Pradesh",101,IN,India,22.79378000,75.73928000,Q1706662
132088,Hatta,4039,MP,"Madhya Pradesh",101,IN,India,24.13406000,79.60119000,Q956732
132098,Hindoria,4039,MP,"Madhya Pradesh",101,IN,India,23.90345000,79.56861000,Q1706686
132120,Hoshangabad,4039,MP,"Madhya Pradesh",101,IN,India,22.58827000,77.98887000,Q620801
132180,Iawar,4039,MP,"Madhya Pradesh",101,IN,India,23.00943000,76.50070000,Q928162
132152,Ichhawar,4039,MP,"Madhya Pradesh",101,IN,India,23.02816000,77.01729000,Q1753922
132158,Iklehra,4039,MP,"Madhya Pradesh",101,IN,India,23.14667000,76.39044000,Q1753642
132166,Indore,4039,MP,"Madhya Pradesh",101,IN,India,22.66667000,75.75000000,Q742938
132175,Isagarh,4039,MP,"Madhya Pradesh",101,IN,India,24.83906000,77.88274000,Q1753790
132179,Itarsi,4039,MP,"Madhya Pradesh",101,IN,India,22.61477000,77.76222000,Q928162
132181,Jabalpur,4039,MP,"Madhya Pradesh",101,IN,India,23.16000000,79.95000000,Q632093
132204,Jaisinghnagar,4039,MP,"Madhya Pradesh",101,IN,India,23.68582000,81.39085000,Q1419708
132206,Jaithari,4039,MP,"Madhya Pradesh",101,IN,India,23.20856000,78.61487000,Q547588
132309,Jamai,4039,MP,"Madhya Pradesh",101,IN,India,22.19644000,78.59191000,Q2446421
132241,Jaora,4039,MP,"Madhya Pradesh",101,IN,India,23.63783000,75.12711000,Q1287117
132251,Jatara,4039,MP,"Madhya Pradesh",101,IN,India,25.00964000,79.04869000,Q2314429
132314,Jawad,4039,MP,"Madhya Pradesh",101,IN,India,24.59916000,74.86261000,Q2314365
132275,Jhabua,4039,MP,"Madhya Pradesh",101,IN,India,22.76772000,74.59087000,Q1922267
132316,Jiran,4039,MP,"Madhya Pradesh",101,IN,India,24.30871000,74.89087000,Q2552146
132283,Jobat,4039,MP,"Madhya Pradesh",101,IN,India,22.41599000,74.56828000,Q2314355
132333,Kailaras,4039,MP,"Madhya Pradesh",101,IN,India,26.30498000,77.61600000,Q2313276
132336,Kaimori,4039,MP,"Madhya Pradesh",101,IN,India,23.38465000,79.74420000,Q2234399
132382,Kannod,4039,MP,"Madhya Pradesh",101,IN,India,22.66764000,76.74286000,Q2447720
132397,Kareli,4039,MP,"Madhya Pradesh",101,IN,India,22.91533000,79.06378000,Q1419668
132398,Karera,4039,MP,"Madhya Pradesh",101,IN,India,25.45815000,78.13583000,Q2313234
132407,Karrapur,4039,MP,"Madhya Pradesh",101,IN,India,23.94891000,78.86584000,Q2447696
132419,Kasrawad,4039,MP,"Madhya Pradesh",101,IN,India,22.12745000,75.61101000,Q2313249
132420,Katangi,4039,MP,"Madhya Pradesh",101,IN,India,21.77369000,79.80513000,Q2311273
132424,Katni,4039,MP,"Madhya Pradesh",101,IN,India,23.83555000,80.39417000,Q746441
132511,Khachrod,4039,MP,"Madhya Pradesh",101,IN,India,23.42322000,75.28185000,Q2120413
132453,Khailar,4039,MP,"Madhya Pradesh",101,IN,India,25.34127000,78.53133000,Q2119908
132457,"Khajuraho Group of Monuments",4039,MP,"Madhya Pradesh",101,IN,India,24.84809000,79.93351000,Q178948
132460,Khamaria,4039,MP,"Madhya Pradesh",101,IN,India,23.22558000,79.88007000,Q2483802
132467,Khandwa,4039,MP,"Madhya Pradesh",101,IN,India,21.82427000,76.35086000,Q1648551
132476,Khargapur,4039,MP,"Madhya Pradesh",101,IN,India,24.82300000,79.14400000,Q2120489
132474,Khargone,4039,MP,"Madhya Pradesh",101,IN,India,21.82306000,75.61028000,Q2273900
132519,Khategaon,4039,MP,"Madhya Pradesh",101,IN,India,22.59573000,76.91330000,Q939294
132497,Khilchipur,4039,MP,"Madhya Pradesh",101,IN,India,24.03943000,76.57800000,Q2230387
132498,Khirkiyan,4039,MP,"Madhya Pradesh",101,IN,India,22.16732000,76.86137000,Q2233697
132504,Khujner,4039,MP,"Madhya Pradesh",101,IN,India,23.78597000,76.61773000,Q2235923
132507,Khurai,4039,MP,"Madhya Pradesh",101,IN,India,24.04372000,78.33014000,Q2234625
132561,Kolaras,4039,MP,"Madhya Pradesh",101,IN,India,25.21928000,77.61167000,Q509592
132585,Korwai,4039,MP,"Madhya Pradesh",101,IN,India,24.11774000,78.04007000,Q6432751
132613,Kotar,4039,MP,"Madhya Pradesh",101,IN,India,24.69802000,80.98073000,Q1924838
132598,Kothi,4039,MP,"Madhya Pradesh",101,IN,India,24.75260000,80.77751000,Q2233986
132603,Kotma,4039,MP,"Madhya Pradesh",101,IN,India,23.20383000,81.97904000,Q2240936
132611,Kotwa,4039,MP,"Madhya Pradesh",101,IN,India,25.03080000,81.31908000,Q2231837
132631,Kukshi,4039,MP,"Madhya Pradesh",101,IN,India,22.20677000,74.75788000,Q2241499
132640,Kumbhraj,4039,MP,"Madhya Pradesh",101,IN,India,24.37338000,77.04841000,Q2239879
132741,Lahar,4039,MP,"Madhya Pradesh",101,IN,India,26.19401000,78.94137000,Q200667
132746,Lakhnadon,4039,MP,"Madhya Pradesh",101,IN,India,22.60049000,79.60094000,Q2234278
132763,Leteri,4039,MP,"Madhya Pradesh",101,IN,India,24.05979000,77.40858000,Q230818
132766,Lodhikheda,4039,MP,"Madhya Pradesh",101,IN,India,21.58235000,78.85911000,Q2230836
133054,Machalpur,4039,MP,"Madhya Pradesh",101,IN,India,24.12767000,76.31672000,Q2231756
132814,Madhogarh,4039,MP,"Madhya Pradesh",101,IN,India,24.56401000,80.91126000,Q1929621
132833,Maheshwar,4039,MP,"Madhya Pradesh",101,IN,India,22.17592000,75.58715000,Q1023674
132835,Mahgawan,4039,MP,"Madhya Pradesh",101,IN,India,26.49471000,78.61593000,Q2019694
132854,Maihar,4039,MP,"Madhya Pradesh",101,IN,India,24.26594000,80.76063000,Q747140
132860,Majholi,4039,MP,"Madhya Pradesh",101,IN,India,23.50114000,79.92396000,Q2552260
132864,Maksi,4039,MP,"Madhya Pradesh",101,IN,India,23.25999000,76.14567000,Q2446473
132869,Malhargarh,4039,MP,"Madhya Pradesh",101,IN,India,24.28286000,74.99024000,Q2548648
132930,Manasa,4039,MP,"Madhya Pradesh",101,IN,India,24.47764000,75.14095000,Q83443
132931,Manawar,4039,MP,"Madhya Pradesh",101,IN,India,22.23566000,75.08917000,Q2446481
132894,Mandideep,4039,MP,"Madhya Pradesh",101,IN,India,23.08166000,77.53328000,Q2446436
132895,Mandla,4039,MP,"Madhya Pradesh",101,IN,India,22.64041000,80.51344000,Q2341670
133075,Mandleshwar,4039,MP,"Madhya Pradesh",101,IN,India,22.17598000,75.65995000,Q2326728
132897,Mandsaur,4039,MP,"Madhya Pradesh",101,IN,India,24.33333000,75.25000000,Q1870014
132907,Mangawan,4039,MP,"Madhya Pradesh",101,IN,India,24.66754000,81.54644000,Q2552252
133080,Manpur,4039,MP,"Madhya Pradesh",101,IN,India,22.43151000,75.62107000,Q1924868
132943,Mau,4039,MP,"Madhya Pradesh",101,IN,India,26.26584000,78.67108000,Q3852371
132947,Mauganj,4039,MP,"Madhya Pradesh",101,IN,India,24.66721000,81.87339000,Q547781
132973,Mihona,4039,MP,"Madhya Pradesh",101,IN,India,26.28373000,78.98048000,Q2548623
132983,Mohgaon,4039,MP,"Madhya Pradesh",101,IN,India,21.63941000,78.73638000,Q2552172
133003,Morar,4039,MP,"Madhya Pradesh",101,IN,India,26.22640000,78.22482000,Q1345006
132994,Morena,4039,MP,"Madhya Pradesh",101,IN,India,26.16667000,77.50000000,Q2341467
133022,Multai,4039,MP,"Madhya Pradesh",101,IN,India,21.77463000,78.25756000,Q2446460
133028,Mundi,4039,MP,"Madhya Pradesh",101,IN,India,22.06693000,76.49326000,Q2552231
133030,Mungaoli,4039,MP,"Madhya Pradesh",101,IN,India,24.40837000,78.09588000,Q2446412
133042,Murwara,4039,MP,"Madhya Pradesh",101,IN,India,23.83776000,80.39405000,Q172581
133115,Nagda,4039,MP,"Madhya Pradesh",101,IN,India,23.45834000,75.41759000,Q1026190
133259,Nagod,4039,MP,"Madhya Pradesh",101,IN,India,24.56924000,80.58809000,Q2007857
133197,Naigarhi,4039,MP,"Madhya Pradesh",101,IN,India,24.78686000,81.77868000,Q586859
133124,Nainpur,4039,MP,"Madhya Pradesh",101,IN,India,22.42996000,80.10561000,Q2446391
133138,Namli,4039,MP,"Madhya Pradesh",101,IN,India,23.46115000,75.06036000,Q2548631
133155,Naraini,4039,MP,"Madhya Pradesh",101,IN,India,25.19033000,80.47500000,Q2542976
133276,Narayangarh,4039,MP,"Madhya Pradesh",101,IN,India,24.27083000,75.05007000,Q1925454
133171,Narsimhapur,4039,MP,"Madhya Pradesh",101,IN,India,22.91667000,79.16667000,Q15261015
133172,Narsinghgarh,4039,MP,"Madhya Pradesh",101,IN,India,23.70758000,77.09319000,Q584544
133174,Narwar,4039,MP,"Madhya Pradesh",101,IN,India,25.64390000,77.91290000,Q2563464
133179,Nasrullahganj,4039,MP,"Madhya Pradesh",101,IN,India,22.68370000,77.27069000,Q2446380
133202,Neemuch,4039,MP,"Madhya Pradesh",101,IN,India,24.47000000,74.87000000,Q12435937
133207,Nepanagar,4039,MP,"Madhya Pradesh",101,IN,India,21.45380000,76.39335000,Q15383
133304,Orchha,4039,MP,"Madhya Pradesh",101,IN,India,25.35192000,78.64033000,Q201631
133308,Pachmarhi,4039,MP,"Madhya Pradesh",101,IN,India,22.46791000,78.43312000,Q1949041
133325,Palera,4039,MP,"Madhya Pradesh",101,IN,India,25.02013000,79.22818000,Q2548639
133530,Pali,4039,MP,"Madhya Pradesh",101,IN,India,23.36453000,81.04374000,Q3786790
133354,Panagar,4039,MP,"Madhya Pradesh",101,IN,India,23.28539000,79.99509000,Q2548319
133344,Panara,4039,MP,"Madhya Pradesh",101,IN,India,22.20568000,78.55093000,Q1768640
133348,Pandhana,4039,MP,"Madhya Pradesh",101,IN,India,21.69816000,76.22487000,Q2720747
133538,Pandhurna,4039,MP,"Madhya Pradesh",101,IN,India,21.59556000,78.52628000,Q2445471
133351,Panna,4039,MP,"Madhya Pradesh",101,IN,India,24.50000000,80.25000000,Q2341630
133542,Pansemal,4039,MP,"Madhya Pradesh",101,IN,India,21.65981000,74.69937000,Q2720790
133371,Parasia,4039,MP,"Madhya Pradesh",101,IN,India,22.19130000,78.75904000,Q1390016
133555,Patan,4039,MP,"Madhya Pradesh",101,IN,India,23.28636000,79.68962000,Q3788531
133381,Patharia,4039,MP,"Madhya Pradesh",101,IN,India,23.89921000,79.19393000,Q2443517
133396,Pawai,4039,MP,"Madhya Pradesh",101,IN,India,24.26635000,80.16196000,Q2720731
133430,Petlawad,4039,MP,"Madhya Pradesh",101,IN,India,23.01102000,74.79772000,Q2720761
133454,Piploda,4039,MP,"Madhya Pradesh",101,IN,India,23.35000000,75.43333000,Q2720099
133462,Pithampur,4039,MP,"Madhya Pradesh",101,IN,India,22.60197000,75.69649000,Q2548346
133481,Porsa,4039,MP,"Madhya Pradesh",101,IN,India,26.67444000,78.37081000,Q2548362
133508,Punasa,4039,MP,"Madhya Pradesh",101,IN,India,22.23507000,76.39335000,Q1854679
133660,Raghogarh,4039,MP,"Madhya Pradesh",101,IN,India,24.44318000,77.19768000,Q2037248
133661,Rahatgarh,4039,MP,"Madhya Pradesh",101,IN,India,23.78968000,78.39473000,Q632752
133591,Raisen,4039,MP,"Madhya Pradesh",101,IN,India,23.25000000,78.08333000,Q1815223
133675,Rajgarh,4039,MP,"Madhya Pradesh",101,IN,India,22.67821000,74.94483000,Q2468221
133680,Rajnagar,4039,MP,"Madhya Pradesh",101,IN,India,24.88929000,79.91178000,Q1815245
133595,Rajpur,4039,MP,"Madhya Pradesh",101,IN,India,22.30393000,74.35568000,Q582800
133709,Rampura,4039,MP,"Madhya Pradesh",101,IN,India,24.46700000,75.43996000,Q3929948
133717,Ranapur,4039,MP,"Madhya Pradesh",101,IN,India,22.64704000,74.52118000,Q2719656
133615,Ratangarh,4039,MP,"Madhya Pradesh",101,IN,India,24.81667000,75.11667000,Q10357555
133618,Ratlam,4039,MP,"Madhya Pradesh",101,IN,India,23.33033000,75.04032000,Q652376
133623,Rehli,4039,MP,"Madhya Pradesh",101,IN,India,23.63722000,79.06275000,Q2548659
133624,Rehti,4039,MP,"Madhya Pradesh",101,IN,India,22.73781000,77.43399000,Q2720270
133633,Rewa,4039,MP,"Madhya Pradesh",101,IN,India,24.53256000,81.29234000,Q1000495
133738,Sabalgarh,4039,MP,"Madhya Pradesh",101,IN,India,26.24918000,77.40786000,Q2548310
134061,Sagar,4039,MP,"Madhya Pradesh",101,IN,India,23.75000000,78.75000000,Q1854670
133757,Sailana,4039,MP,"Madhya Pradesh",101,IN,India,23.46219000,74.92318000,Q2548299
133796,Sanawad,4039,MP,"Madhya Pradesh",101,IN,India,22.17391000,76.06993000,Q2465668
134070,Sanchi,4039,MP,"Madhya Pradesh",101,IN,India,23.48646000,77.73780000,Q2228906
134075,Sanwer,4039,MP,"Madhya Pradesh",101,IN,India,22.97415000,75.82710000,Q429215
134078,Sarangpur,4039,MP,"Madhya Pradesh",101,IN,India,23.56651000,76.47306000,Q2317301
133820,Satna,4039,MP,"Madhya Pradesh",101,IN,India,24.50000000,81.00000000,Q2577924
133824,Satwas,4039,MP,"Madhya Pradesh",101,IN,India,22.53628000,76.68452000,Q2720094
133826,Saugor,4039,MP,"Madhya Pradesh",101,IN,India,23.83877000,78.73874000,Q2247428
133829,Sausar,4039,MP,"Madhya Pradesh",101,IN,India,21.65576000,78.79669000,Q2546577
133835,Sehore,4039,MP,"Madhya Pradesh",101,IN,India,23.20000000,77.08333000,Q2077421
133838,Sendhwa,4039,MP,"Madhya Pradesh",101,IN,India,21.68562000,75.09622000,Q2624000
133840,Seondha,4039,MP,"Madhya Pradesh",101,IN,India,26.15422000,78.78120000,Q2546462
133842,Seoni,4039,MP,"Madhya Pradesh",101,IN,India,22.08503000,79.55037000,Q2287206
133843,"Seoni Malwa",4039,MP,"Madhya Pradesh",101,IN,India,22.45046000,77.46650000,Q2545959
133853,Shahdol,4039,MP,"Madhya Pradesh",101,IN,India,23.50000000,81.50000000,Q1572231
133893,Shahgarh,4039,MP,"Madhya Pradesh",101,IN,India,24.31365000,79.11806000,Q2720736
133899,Shahpur,4039,MP,"Madhya Pradesh",101,IN,India,21.23742000,76.22558000,Q3959001
133904,Shahpura,4039,MP,"Madhya Pradesh",101,IN,India,23.13663000,79.66402000,Q3959004
133910,Shajapur,4039,MP,"Madhya Pradesh",101,IN,India,23.50000000,76.25000000,Q2449803
133912,Shamgarh,4039,MP,"Madhya Pradesh",101,IN,India,24.18817000,75.63903000,Q2546410
133861,Sheopur,4039,MP,"Madhya Pradesh",101,IN,India,25.80000000,77.00000000,Q620105
133880,Shivpuri,4039,MP,"Madhya Pradesh",101,IN,India,25.42378000,77.66223000,Q2036966
133888,Shujalpur,4039,MP,"Madhya Pradesh",101,IN,India,23.40673000,76.70980000,Q2720813
133922,Sidhi,4039,MP,"Madhya Pradesh",101,IN,India,24.25000000,82.00000000,Q2449793
133926,Sihora,4039,MP,"Madhya Pradesh",101,IN,India,23.48710000,80.10404000,Q2546438
133938,Simaria,4039,MP,"Madhya Pradesh",101,IN,India,24.79497000,81.15200000,Q2720724
133947,Singoli,4039,MP,"Madhya Pradesh",101,IN,India,24.96667000,75.30000000,Q2722287
133948,Singrauli,4039,MP,"Madhya Pradesh",101,IN,India,24.19973000,82.67535000,Q255780
133956,Sirmaur,4039,MP,"Madhya Pradesh",101,IN,India,24.83648000,81.36448000,Q1928918
133959,Sironj,4039,MP,"Madhya Pradesh",101,IN,India,24.10313000,77.69055000,Q720147
134090,Sitamau,4039,MP,"Madhya Pradesh",101,IN,India,24.01473000,75.35324000,Q1815885
133981,Sohagi,4039,MP,"Madhya Pradesh",101,IN,India,24.98181000,81.69558000,Q2557903
133982,Sohagpur,4039,MP,"Madhya Pradesh",101,IN,India,22.70055000,78.19522000,Q2546550
134039,Sultanpur,4039,MP,"Madhya Pradesh",101,IN,India,23.13812000,77.93404000,Q3976891
134055,Susner,4039,MP,"Madhya Pradesh",101,IN,India,23.94667000,76.08825000,Q426442
134230,Tal,4039,MP,"Madhya Pradesh",101,IN,India,23.71979000,75.38514000,Q2336339
134102,Talen,4039,MP,"Madhya Pradesh",101,IN,India,23.56949000,76.72821000,Q2720317
134119,Tarana,4039,MP,"Madhya Pradesh",101,IN,India,23.33383000,76.04253000,Q2248410
134124,Tekanpur,4039,MP,"Madhya Pradesh",101,IN,India,25.99401000,78.28322000,Q2552125
134130,Tendukheda,4039,MP,"Madhya Pradesh",101,IN,India,23.39620000,79.53947000,Q384228
134132,Teonthar,4039,MP,"Madhya Pradesh",101,IN,India,24.98207000,81.64194000,Q2546511
134137,Thandla,4039,MP,"Madhya Pradesh",101,IN,India,23.00959000,74.57747000,Q530401
134244,Tikamgarh,4039,MP,"Madhya Pradesh",101,IN,India,24.74327000,78.83061000,Q2287213
134177,Tirodi,4039,MP,"Madhya Pradesh",101,IN,India,21.68522000,79.71906000,Q1121279
134251,Udaipura,4039,MP,"Madhya Pradesh",101,IN,India,23.07434000,78.51108000,Q2546414
134263,Ujjain,4039,MP,"Madhya Pradesh",101,IN,India,23.41667000,75.50000000,Q892641
134266,Ukwa,4039,MP,"Madhya Pradesh",101,IN,India,21.97102000,80.46625000,Q2720304
134270,Umaria,4039,MP,"Madhya Pradesh",101,IN,India,23.52473000,80.83716000,Q1109355
134276,Umri,4039,MP,"Madhya Pradesh",101,IN,India,26.51056000,78.93667000,Q2724380
134282,Unhel,4039,MP,"Madhya Pradesh",101,IN,India,23.33794000,75.55931000,Q2546487
134354,Vidisha,4039,MP,"Madhya Pradesh",101,IN,India,23.91667000,78.00000000,Q1815253
134418,Waraseoni,4039,MP,"Madhya Pradesh",101,IN,India,21.76184000,80.04301000,Q2449438
57589,Achalpur,4008,MH,Maharashtra,101,IN,India,21.25665000,77.51006000,Q490886
147667,Adawad,4008,MH,Maharashtra,101,IN,India,21.21666667,75.45000000,Q4680894
147668,"Agar Panchaitan",4008,MH,Maharashtra,101,IN,India,18.17369200,72.98853300,Q4691267
147669,Aheri,4008,MH,Maharashtra,101,IN,India,19.41166667,80.00388889,Q3606967
57604,Ahmadpur,4008,MH,Maharashtra,101,IN,India,18.70622000,76.93731000,Q590521
147670,Ahmednagar,4008,MH,Maharashtra,101,IN,India,19.08333333,74.73333333,Q223517
57609,Airoli,4008,MH,Maharashtra,101,IN,India,19.15096000,72.99625000,Q4698841
57617,Ajara,4008,MH,Maharashtra,101,IN,India,16.11601000,74.21097000,Q584021
57618,Akalkot,4008,MH,Maharashtra,101,IN,India,17.52532000,76.20611000,Q239809
147672,Akluj,4008,MH,Maharashtra,101,IN,India,17.88333333,75.01666667,Q4701451
57627,Akola,4008,MH,Maharashtra,101,IN,India,20.50000000,77.16667000,Q213014
147673,Akolner,4008,MH,Maharashtra,101,IN,India,18.98333333,74.66666667,Q4701525
57628,Akot,4008,MH,Maharashtra,101,IN,India,21.09630000,77.05880000,Q589224
147674,Akrani,4008,MH,Maharashtra,101,IN,India,21.82423611,74.21687222,Q2721836
57633,Alandi,4008,MH,Maharashtra,101,IN,India,18.67756000,73.89868000,Q589653
147675,Ale,4008,MH,Maharashtra,101,IN,India,19.17000000,74.12000000,Q4714044
57652,Alibag,4008,MH,Maharashtra,101,IN,India,18.64813000,72.87579000,Q385394
147676,Alkuti,4008,MH,Maharashtra,101,IN,India,19.05000000,74.23000000,Q4727727
57642,Allapalli,4008,MH,Maharashtra,101,IN,India,19.43172000,80.06377000,Q589789
57657,Amalner,4008,MH,Maharashtra,101,IN,India,21.03983000,75.05887000,Q589095
57660,Amarnath,4008,MH,Maharashtra,101,IN,India,19.20000000,73.16667000,Q584008
57665,Ambad,4008,MH,Maharashtra,101,IN,India,19.61301000,75.78906000,Q583887
57674,Ambajogai,4008,MH,Maharashtra,101,IN,India,18.73312000,76.38616000,Q584032
147678,Ambegaon,4008,MH,Maharashtra,101,IN,India,19.11666667,73.73333333,Q4741194
147677,Ambernath,4008,MH,Maharashtra,101,IN,India,19.20900000,73.18600000,Q584008
147679,Amgaon,4008,MH,Maharashtra,101,IN,India,20.65000000,79.95000000,Q4745985
57689,Amravati,4008,MH,Maharashtra,101,IN,India,20.93333000,77.75000000,Q269899
147680,Andheri,4008,MH,Maharashtra,101,IN,India,19.11916667,72.84694444,Q12413015
147681,Andura,4008,MH,Maharashtra,101,IN,India,20.88333333,76.86666667,Q4760315
57707,Anjangaon,4008,MH,Maharashtra,101,IN,India,21.16516000,77.30910000,Q583982
147682,Anjarle,4008,MH,Maharashtra,101,IN,India,17.85000000,73.09000000,Q4765785
57716,Anshing,4008,MH,Maharashtra,101,IN,India,20.04090000,77.31501000,Q26791820
147683,Arag,4008,MH,Maharashtra,101,IN,India,16.78000000,74.80000000,Q4783707
134461,Arangaon,4008,MH,Maharashtra,101,IN,India,19.02681000,74.71487000,Q367624
147684,Ardhapur,4008,MH,Maharashtra,101,IN,India,19.28333333,77.38333333,Q4788035
147685,Argaon,4008,MH,Maharashtra,101,IN,India,16.77899900,73.64553000,Q4682444
57741,"Artist Village",4008,MH,Maharashtra,101,IN,India,19.03227000,73.04276000,Q26794779
134463,Arvi,4008,MH,Maharashtra,101,IN,India,20.99585000,78.22914000,Q1935271
57751,Ashta,4008,MH,Maharashtra,101,IN,India,16.94943000,74.40936000,Q588688
57753,Ashti,4008,MH,Maharashtra,101,IN,India,19.37671000,76.22520000,Q582291
147686,Asoda,4008,MH,Maharashtra,101,IN,India,21.03333333,75.60000000,Q4807547
147687,Assaye,4008,MH,Maharashtra,101,IN,India,20.24512778,75.88739722,Q739902
147688,Astagaon,4008,MH,Maharashtra,101,IN,India,19.66666667,74.50000000,Q4810511
147689,"Aundh Satara",4008,MH,Maharashtra,101,IN,India,17.54583333,74.37500000,Q15194005
57765,Aurangabad,4008,MH,Maharashtra,101,IN,India,19.88467000,75.33986000,Q200713
57770,Ausa,4008,MH,Maharashtra,101,IN,India,18.24728000,76.49930000,Q591243
57792,Badlapur,4008,MH,Maharashtra,101,IN,India,19.15516000,73.26553000,Q588612
147690,Badnapur,4008,MH,Maharashtra,101,IN,India,19.86666667,75.73333333,Q2878729
147691,Badnera,4008,MH,Maharashtra,101,IN,India,20.85463056,77.72931111,Q4841063
147692,Bagewadi,4008,MH,Maharashtra,101,IN,India,16.29000000,74.60000000,Q4841558
58121,Balapur,4008,MH,Maharashtra,101,IN,India,20.66612000,76.77386000,Q2315612
147693,"Balapur Akola district",4008,MH,Maharashtra,101,IN,India,20.66612000,76.77386000,Q2315612
57829,Ballalpur,4008,MH,Maharashtra,101,IN,India,19.84696000,79.34578000,Q584644
147694,"Ballard Estate",4008,MH,Maharashtra,101,IN,India,18.95000000,72.84000000,Q4851507
147695,Ballarpur,4008,MH,Maharashtra,101,IN,India,19.83333333,79.35000000,Q633427
147696,"Banda Maharashtra",4008,MH,Maharashtra,101,IN,India,15.81273611,73.86132778,Q4854281
147697,Bandra,4008,MH,Maharashtra,101,IN,India,19.05444444,72.84055556,Q257622
147698,Baner,4008,MH,Maharashtra,101,IN,India,18.56000000,73.79027778,Q4801087
147699,Bankot,4008,MH,Maharashtra,101,IN,India,17.98333333,73.05000000,Q4856435
58146,Baramati,4008,MH,Maharashtra,101,IN,India,18.15174000,74.57767000,Q712015
58144,Barsi,4008,MH,Maharashtra,101,IN,India,18.23454000,75.69275000,Q42016
57897,Basmat,4008,MH,Maharashtra,101,IN,India,19.32872000,77.15746000,Q648370
147701,Bavdhan,4008,MH,Maharashtra,101,IN,India,18.53527778,73.78277778,Q15197602
147702,Bawanbir,4008,MH,Maharashtra,101,IN,India,21.08333333,76.71666667,Q4873756
57912,Beed,4008,MH,Maharashtra,101,IN,India,18.98921000,75.75634000,Q814033
58026,Beed,4008,MH,Maharashtra,101,IN,India,18.83333000,75.75000000,Q814037
147703,"Bhadgaon Maharashtra",4008,MH,Maharashtra,101,IN,India,20.16666667,75.23333333,Q2766664
57961,Bhandara,4008,MH,Maharashtra,101,IN,India,21.18333000,80.00000000,Q33424761
147704,Bhandardara,4008,MH,Maharashtra,101,IN,India,19.52916667,73.75138889,Q281031
147705,Bhandup,4008,MH,Maharashtra,101,IN,India,19.14000000,72.93000000,Q4900993
57978,Bhayandar,4008,MH,Maharashtra,101,IN,India,19.30157000,72.85107000,Q4901615
57979,Bhigvan,4008,MH,Maharashtra,101,IN,India,18.30070000,74.76701000,Q26791344
57987,Bhiwandi,4008,MH,Maharashtra,101,IN,India,19.30023000,73.05881000,Q31856876
147706,Bhiwapur,4008,MH,Maharashtra,101,IN,India,20.83555556,79.50111111,Q4901861
147707,Bhokar,4008,MH,Maharashtra,101,IN,India,19.21780300,77.66939200,Q4901919
147708,Bhokardan,4008,MH,Maharashtra,101,IN,India,20.27000000,75.77000000,Q796505
147709,Bhoom,4008,MH,Maharashtra,101,IN,India,18.45972222,75.66083333,Q796520
58024,Bhoom,4008,MH,Maharashtra,101,IN,India,18.45908000,75.65877000,Q796520
57997,Bhor,4008,MH,Maharashtra,101,IN,India,18.14861000,73.84336000,Q797462
58001,Bhudgaon,4008,MH,Maharashtra,101,IN,India,16.90742000,74.59954000,Q26791355
147710,Bhugaon,4008,MH,Maharashtra,101,IN,India,18.50128400,73.75016100,Q15198984
58005,Bhusaval,4008,MH,Maharashtra,101,IN,India,21.04365000,75.78506000,Q796650
147712,Bijur,4008,MH,Maharashtra,101,IN,India,13.84388889,74.63972222,Q4907289
147713,Bilashi,4008,MH,Maharashtra,101,IN,India,16.98333000,74.03333000,Q4907558
58047,Biloli,4008,MH,Maharashtra,101,IN,India,18.77385000,77.72463000,Q861330
58074,Boisar,4008,MH,Maharashtra,101,IN,India,19.80362000,72.75598000,Q858592
147714,"Borgaon Manju",4008,MH,Maharashtra,101,IN,India,20.71944444,77.15277778,Q4945014
147715,Borivali,4008,MH,Maharashtra,101,IN,India,19.23000000,72.86000000,Q4945504
147716,Brahmapuri,4008,MH,Maharashtra,101,IN,India,20.60840000,79.85590000,Q2546796
147717,"Breach Candy",4008,MH,Maharashtra,101,IN,India,18.96700000,72.80500000,Q4959100
58094,Buldana,4008,MH,Maharashtra,101,IN,India,20.58333000,76.41667000,Q1752328
147719,Byculla,4008,MH,Maharashtra,101,IN,India,18.98000000,72.83500000,Q5003979
131589,Chakan,4008,MH,Maharashtra,101,IN,India,18.76059000,73.86351000,Q1020740
147720,Chakur,4008,MH,Maharashtra,101,IN,India,18.51305556,76.87527778,Q5068446
131592,Chalisgaon,4008,MH,Maharashtra,101,IN,India,20.45781000,75.01596000,Q858598
131596,Chanda,4008,MH,Maharashtra,101,IN,India,19.95076000,79.29523000,Q861194
147721,Chandgad,4008,MH,Maharashtra,101,IN,India,15.00000000,74.00000000,Q5071026
131599,Chandor,4008,MH,Maharashtra,101,IN,India,20.33060000,74.24467000,Q720244
58192,Chandrapur,4008,MH,Maharashtra,101,IN,India,20.11793000,79.44377000,Q861194
131601,Chandur,4008,MH,Maharashtra,101,IN,India,19.73444000,79.17167000,Q3666120
131603,"Chandur Bazar",4008,MH,Maharashtra,101,IN,India,21.23853000,77.74713000,Q3666120
147722,Chausala,4008,MH,Maharashtra,101,IN,India,18.70869200,75.69159500,Q5088367
147723,Chembur,4008,MH,Maharashtra,101,IN,India,19.05871111,72.89969444,Q251170
131544,Chicholi,4008,MH,Maharashtra,101,IN,India,21.46926000,79.70151000,Q1104151
147724,"Chichondi Patil",4008,MH,Maharashtra,101,IN,India,19.00000000,74.91666667,Q5096066
131549,"Chikhli (Buldhana)",4008,MH,Maharashtra,101,IN,India,20.35046000,76.25774000,Q3674596
147725,"Chikhli (Jalna)",4008,MH,Maharashtra,101,IN,India,20.02193000,75.78544000,Q87192562
147726,Chimur,4008,MH,Maharashtra,101,IN,India,20.49694444,79.37666667,Q5099456
131558,Chinchani,4008,MH,Maharashtra,101,IN,India,19.87458000,72.68510000,Q1104169
147727,Chinchpokli,4008,MH,Maharashtra,101,IN,India,18.98333333,72.83333333,Q5100316
131567,Chiplun,4008,MH,Maharashtra,101,IN,India,17.53339000,73.50935000,Q1117869
131580,Chopda,4008,MH,Maharashtra,101,IN,India,21.24578000,75.29946000,Q1192614
147728,Colaba,4008,MH,Maharashtra,101,IN,India,18.91000000,72.81000000,Q3632559
131805,Dabhol,4008,MH,Maharashtra,101,IN,India,17.58971000,73.18001000,Q5207479
147729,Daddi,4008,MH,Maharashtra,101,IN,India,16.06666667,74.43333333,Q5207937
131807,Dahanu,4008,MH,Maharashtra,101,IN,India,19.96778000,72.71263000,Q1190226
147730,Dahivel,4008,MH,Maharashtra,101,IN,India,21.06666667,74.16666667,Q5208849
147731,Dapoli,4008,MH,Maharashtra,101,IN,India,17.75888889,73.18555556,Q5221789
131810,Darwha,4008,MH,Maharashtra,101,IN,India,20.31017000,77.77257000,Q1190716
131659,Daryapur,4008,MH,Maharashtra,101,IN,India,20.92489000,77.32644000,Q1190791
131663,Dattapur,4008,MH,Maharashtra,101,IN,India,20.78075000,78.14070000,Q2206266
131666,Daulatabad,4008,MH,Maharashtra,101,IN,India,19.93611000,75.22148000,Q2249594
131667,Daund,4008,MH,Maharashtra,101,IN,India,18.46515000,74.58375000,Q3703003
147732,"Deccan Gymkhana",4008,MH,Maharashtra,101,IN,India,18.51840000,73.84060000,Q4991859
147733,Deglur,4008,MH,Maharashtra,101,IN,India,18.54777778,77.57722222,Q1192446
131678,Dehu,4008,MH,Maharashtra,101,IN,India,18.71851000,73.76635000,Q1192430
131688,Deolali,4008,MH,Maharashtra,101,IN,India,19.94404000,73.83441000,Q958334
147734,Deolapar,4008,MH,Maharashtra,101,IN,India,21.58611111,79.36944444,Q5259979
131686,Deoli,4008,MH,Maharashtra,101,IN,India,20.64920000,78.48023000,Q2429122
147735,Deoni,4008,MH,Maharashtra,101,IN,India,18.26388889,77.08222222,Q5260026
131709,"Deulgaon Raja",4008,MH,Maharashtra,101,IN,India,20.01757000,76.03755000,Q1189972
147736,Devrukh,4008,MH,Maharashtra,101,IN,India,17.06500000,73.61583333,Q5267962
131722,Dharangaon,4008,MH,Maharashtra,101,IN,India,21.01187000,75.27407000,Q1264596
147737,Dharavi,4008,MH,Maharashtra,101,IN,India,19.05000000,72.86667000,Q649632
131728,Dharmabad,4008,MH,Maharashtra,101,IN,India,18.89116000,77.84940000,Q1266630
131758,Dharur,4008,MH,Maharashtra,101,IN,India,18.82017000,76.10937000,Q2546835
147738,Dhawalpuri,4008,MH,Maharashtra,101,IN,India,19.16666667,74.51666667,Q5269466
131746,Dhule,4008,MH,Maharashtra,101,IN,India,21.06852000,74.58837000,Q31856850
131759,Dhulia,4008,MH,Maharashtra,101,IN,India,20.90130000,74.77737000,Q773603
147739,Dighori,4008,MH,Maharashtra,101,IN,India,20.88620000,79.93420000,Q15298095
131815,Diglur,4008,MH,Maharashtra,101,IN,India,18.54829000,77.57695000,Q1192446
131768,Digras,4008,MH,Maharashtra,101,IN,India,20.10350000,77.71846000,Q1259725
147740,"Dindori Maharashtra",4008,MH,Maharashtra,101,IN,India,20.20000000,73.83305556,Q5278010
147741,Diveagar,4008,MH,Maharashtra,101,IN,India,18.17333333,72.99166667,Q5283881
131785,Dombivli,4008,MH,Maharashtra,101,IN,India,19.21667000,73.08333000,Q3034709
131786,Dondaicha,4008,MH,Maharashtra,101,IN,India,21.32360000,74.56804000,Q26789856
147742,Dongri,4008,MH,Maharashtra,101,IN,India,19.28333333,72.78333333,Q5296011
131792,Dudhani,4008,MH,Maharashtra,101,IN,India,17.35792000,76.36688000,Q1387098
131802,Durgapur,4008,MH,Maharashtra,101,IN,India,20.00540000,79.30273000,Q3716506
147743,"Durgapur Chandrapur",4008,MH,Maharashtra,101,IN,India,20.00000000,79.30000000,Q3716506
131838,Erandol,4008,MH,Maharashtra,101,IN,India,20.92206000,75.32641000,Q1523435
131850,Faizpur,4008,MH,Maharashtra,101,IN,India,21.16766000,75.86006000,Q1523144
147744,Fort,4008,MH,Maharashtra,101,IN,India,18.93500000,72.83590000,Q5470698
131886,Gadchiroli,4008,MH,Maharashtra,101,IN,India,19.80000000,80.20000000,Q1452991
131889,Gadhinglaj,4008,MH,Maharashtra,101,IN,India,16.22291000,74.35010000,Q1523294
131907,Gangakher,4008,MH,Maharashtra,101,IN,India,18.96962000,76.74946000,Q186141
131910,Gangapur,4008,MH,Maharashtra,101,IN,India,19.69718000,75.01045000,Q2546805
147745,Ganpatipule,4008,MH,Maharashtra,101,IN,India,17.14480000,73.26660000,Q5521478
131934,Gevrai,4008,MH,Maharashtra,101,IN,India,19.26372000,75.75007000,Q1654133
147746,Ghargaon,4008,MH,Maharashtra,101,IN,India,18.74868400,74.63673400,Q15221606
131951,Ghatanji,4008,MH,Maharashtra,101,IN,India,20.14183000,78.31333000,Q1707151
147747,Ghatkopar,4008,MH,Maharashtra,101,IN,India,19.08000000,72.91000000,Q3309774
131947,"Ghoti Budrukh",4008,MH,Maharashtra,101,IN,India,19.71641000,73.62821000,Q26789453
131948,Ghugus,4008,MH,Maharashtra,101,IN,India,19.93810000,79.11192000,Q1706933
147748,Girgaon,4008,MH,Maharashtra,101,IN,India,18.95300000,72.81300000,Q1931371
147749,Gondia,4008,MH,Maharashtra,101,IN,India,21.45000000,80.20000000,Q1707857
147750,Gorai,4008,MH,Maharashtra,101,IN,India,19.25005700,72.78202100,Q4932603
131994,Goregaon,4008,MH,Maharashtra,101,IN,India,18.15483000,73.29147000,Q3773513
132014,Guhagar,4008,MH,Maharashtra,101,IN,India,17.48415000,73.19289000,Q1708334
147751,"Hadapsar Pune",4008,MH,Maharashtra,101,IN,India,18.49666667,73.94166667,Q5637596
132054,Hadgaon,4008,MH,Maharashtra,101,IN,India,19.49552000,77.65863000,Q1708363
147752,Halkarni,4008,MH,Maharashtra,101,IN,India,16.16666667,74.46666667,Q5642513
147753,Harangul,4008,MH,Maharashtra,101,IN,India,18.90000000,76.66666667,Q5654144
132078,Harnai,4008,MH,Maharashtra,101,IN,India,17.81340000,73.09668000,Q1706366
147754,Helwak,4008,MH,Maharashtra,101,IN,India,17.38500000,73.73500000,Q15223544
132100,Hinganghat,4008,MH,Maharashtra,101,IN,India,20.54875000,78.83978000,Q762823
132101,Hingoli,4008,MH,Maharashtra,101,IN,India,19.70000000,77.15000000,Q1708167
147755,Hirapur,4008,MH,Maharashtra,101,IN,India,21.53000000,79.77000000,Q1707583
132149,"Hirapur Hamesha",4008,MH,Maharashtra,101,IN,India,21.55546000,79.78581000,Q1707583
147756,Hotgi,4008,MH,Maharashtra,101,IN,India,17.58333333,75.98333333,Q13122399
132150,Ichalkaranji,4008,MH,Maharashtra,101,IN,India,16.69117000,74.46054000,Q583818
132155,Igatpuri,4008,MH,Maharashtra,101,IN,India,19.69522000,73.56260000,Q1756158
132168,Indapur,4008,MH,Maharashtra,101,IN,India,18.30000000,73.25000000,Q1753960
132205,Jaisingpur,4008,MH,Maharashtra,101,IN,India,16.77639000,74.55361000,Q547588
147757,Jaitapur,4008,MH,Maharashtra,101,IN,India,16.59000000,73.35000000,Q3160598
147758,Jakhangaon,4008,MH,Maharashtra,101,IN,India,17.64639000,74.32111000,Q6125136
132214,Jalgaon,4008,MH,Maharashtra,101,IN,India,21.00292000,75.56602000,Q30951
132215,"Jalgaon Jamod",4008,MH,Maharashtra,101,IN,India,21.05194000,76.53464000,Q2016803
147759,Jalkot,4008,MH,Maharashtra,101,IN,India,18.62916667,77.18111111,Q6126876
132216,Jalna,4008,MH,Maharashtra,101,IN,India,19.80000000,75.90000000,Q30771
147760,Jamkhed,4008,MH,Maharashtra,101,IN,India,18.72000000,75.32000000,Q510832
147761,Jamod,4008,MH,Maharashtra,101,IN,India,21.10000000,76.60000000,Q6148130
147762,Janephal,4008,MH,Maharashtra,101,IN,India,20.29361111,76.57583333,Q15229313
147763,Jaoli,4008,MH,Maharashtra,101,IN,India,17.90000000,76.40000000,Q6156428
147764,"Jat Sangli",4008,MH,Maharashtra,101,IN,India,17.05000000,75.21666667,Q6164443
147765,Jategaon,4008,MH,Maharashtra,101,IN,India,19.91666667,73.65000000,Q6164539
132254,Jawhar,4008,MH,Maharashtra,101,IN,India,19.91213000,73.22679000,Q2317504
147766,Jaysingpur,4008,MH,Maharashtra,101,IN,India,16.78350556,74.56644167,Q547588
132260,Jejuri,4008,MH,Maharashtra,101,IN,India,18.27658000,74.16008000,Q1755879
132282,Jintur,4008,MH,Maharashtra,101,IN,India,19.61186000,76.68740000,Q2444446
147767,Jogeshwari,4008,MH,Maharashtra,101,IN,India,19.12000000,72.85000000,Q5456464
147768,Juhu,4008,MH,Maharashtra,101,IN,India,19.10000000,72.83000000,Q674362
132301,Junnar,4008,MH,Maharashtra,101,IN,India,19.20815000,73.87520000,Q2445461
147769,Kachurwahi,4008,MH,Maharashtra,101,IN,India,21.33330000,79.38330000,Q6344728
147770,Kadegaon,4008,MH,Maharashtra,101,IN,India,17.30000000,74.35000000,Q13640586
147771,Kadus,4008,MH,Maharashtra,101,IN,India,18.88333333,73.81666667,Q6345782
132677,Kagal,4008,MH,Maharashtra,101,IN,India,16.57702000,74.31544000,Q2442675
147772,Kaij,4008,MH,Maharashtra,101,IN,India,18.70000000,76.08333333,Q6347714
132345,Kalamb,4008,MH,Maharashtra,101,IN,India,19.04437000,73.95554000,Q3812558
147773,"Kalamb Osmanabad",4008,MH,Maharashtra,101,IN,India,18.57416667,76.02166667,Q3812558
147774,Kalamboli,4008,MH,Maharashtra,101,IN,India,19.03333000,73.10000000,Q5457414
132346,Kalamnuri,4008,MH,Maharashtra,101,IN,India,19.67386000,77.31149000,Q2442616
132348,Kalas,4008,MH,Maharashtra,101,IN,India,18.17241000,74.79045000,Q2625405
147775,Kali(DK),4008,MH,Maharashtra,101,IN,India,19.93877800,77.73285700,Q6352372
132355,Kalmeshwar,4008,MH,Maharashtra,101,IN,India,21.23219000,78.91988000,Q26788279
132684,Kalundri,4008,MH,Maharashtra,101,IN,India,18.98020000,73.12708000,Q2281643
132359,Kalyan,4008,MH,Maharashtra,101,IN,India,19.24370000,73.13554000,Q366754
147776,"Kalyani Nagar",4008,MH,Maharashtra,101,IN,India,18.54810000,73.90330000,Q6354979
147777,Kamargaon,4008,MH,Maharashtra,101,IN,India,20.61666667,77.50000000,Q6356028
147778,Kamatgi,4008,MH,Maharashtra,101,IN,India,16.11900000,75.84820000,Q6356167
147779,Kamptee,4008,MH,Maharashtra,101,IN,India,21.23330000,79.20000000,Q2283184
132700,Kandri,4008,MH,Maharashtra,101,IN,India,21.42030000,79.27663000,Q520995
132375,Kankauli,4008,MH,Maharashtra,101,IN,India,16.26609000,73.71217000,Q2549200
147780,Kankavli,4008,MH,Maharashtra,101,IN,India,16.28551111,73.68446111,Q2549200
132377,Kannad,4008,MH,Maharashtra,101,IN,India,20.25684000,75.13786000,Q2340084
132412,Karad,4008,MH,Maharashtra,101,IN,India,17.28937000,74.18183000,Q2445542
147781,Karajagi,4008,MH,Maharashtra,101,IN,India,17.11666667,75.58333333,Q6368045
132717,Karanja,4008,MH,Maharashtra,101,IN,India,20.48273000,77.48857000,Q2317517
147782,"Karanja Lad",4008,MH,Maharashtra,101,IN,India,20.48330000,77.48330000,Q2317517
132403,Karjat,4008,MH,Maharashtra,101,IN,India,18.91070000,73.32354000,Q2283155
147783,Karkamb,4008,MH,Maharashtra,101,IN,India,17.86530000,75.29640000,Q16893153
132404,Karmala,4008,MH,Maharashtra,101,IN,India,18.40770000,75.19386000,Q2283149
147784,Kasara,4008,MH,Maharashtra,101,IN,India,19.63330000,73.48330000,Q2390873
147785,Kasoda,4008,MH,Maharashtra,101,IN,India,20.81666667,75.30000000,Q6374615
132724,Kati,4008,MH,Maharashtra,101,IN,India,17.96137000,75.88895000,Q2019118
132725,Katol,4008,MH,Maharashtra,101,IN,India,21.27388000,78.58580000,Q2445558
147786,Katral,4008,MH,Maharashtra,101,IN,India,17.16666667,75.63333333,Q6377849
132450,Khadki,4008,MH,Maharashtra,101,IN,India,18.56350000,73.85205000,Q2234392
147787,Khalapur,4008,MH,Maharashtra,101,IN,India,18.81666667,73.26666667,Q4494967
147788,Khallar,4008,MH,Maharashtra,101,IN,India,21.04028690,77.46562960,Q6399815
132513,Khamgaon,4008,MH,Maharashtra,101,IN,India,20.70738000,76.56827000,Q2138775
147789,Khanapur,4008,MH,Maharashtra,101,IN,India,17.26111111,74.70166667,Q6400170
147790,Khandala,4008,MH,Maharashtra,101,IN,India,18.05918056,74.01262778,Q3595887
147791,Khangaon,4008,MH,Maharashtra,101,IN,India,20.50000000,78.61666667,Q6400302
132517,Khapa,4008,MH,Maharashtra,101,IN,India,21.42243000,78.98168000,Q2135471
132471,Kharakvasla,4008,MH,Maharashtra,101,IN,India,18.43997000,73.77545000,Q26787499
147792,Kharda,4008,MH,Maharashtra,101,IN,India,18.63753000,75.47513000,Q6400611
147793,Kharghar,4008,MH,Maharashtra,101,IN,India,19.03614722,73.06172222,Q2722343
147794,Kharsundi,4008,MH,Maharashtra,101,IN,India,17.34158500,74.77599600,Q15236521
132487,Khed,4008,MH,Maharashtra,101,IN,India,17.71888000,73.39693000,Q2119988
132495,Khetia,4008,MH,Maharashtra,101,IN,India,21.67124000,74.58535000,Q2231812
147796,Khoni,4008,MH,Maharashtra,101,IN,India,19.31130000,73.05440000,Q2248426
132500,Khopoli,4008,MH,Maharashtra,101,IN,India,18.78562000,73.34589000,Q12422734
132505,Khuldabad,4008,MH,Maharashtra,101,IN,India,20.00671000,75.19245000,Q1025625
132524,Kinwat,4008,MH,Maharashtra,101,IN,India,19.62557000,78.19870000,Q2237173
132543,Kodoli,4008,MH,Maharashtra,101,IN,India,16.87639000,74.19090000,Q2237032
132556,Kolhapur,4008,MH,Maharashtra,101,IN,India,16.69013000,74.22981000,Q209698
132566,Kondalwadi,4008,MH,Maharashtra,101,IN,India,18.80727000,77.77031000,Q2234676
147797,Kondhali,4008,MH,Maharashtra,101,IN,India,21.15000000,78.61666667,Q6428989
147798,"Kopar Khairane",4008,MH,Maharashtra,101,IN,India,19.10305556,73.01055556,Q4934244
132572,Kopargaon,4008,MH,Maharashtra,101,IN,India,19.88239000,74.47605000,Q2241490
147799,Kopela,4008,MH,Maharashtra,101,IN,India,18.83000000,80.23000000,Q6431067
132586,Koradi,4008,MH,Maharashtra,101,IN,India,21.24758000,79.10575000,Q6432751
132582,Koregaon,4008,MH,Maharashtra,101,IN,India,18.64573000,74.05909000,Q2729341
132618,Koynanagar,4008,MH,Maharashtra,101,IN,India,17.40000000,73.76667000,Q6435154
132629,Kudal,4008,MH,Maharashtra,101,IN,India,16.01148000,73.68867000,Q2239036
147800,Kuhi,4008,MH,Maharashtra,101,IN,India,21.01082222,79.35242222,Q6442100
132656,Kurandvad,4008,MH,Maharashtra,101,IN,India,16.68317000,74.58892000,Q1949085
147801,Kurankhed,4008,MH,Maharashtra,101,IN,India,20.70194444,77.24972222,Q6445605
132657,Kurduvadi,4008,MH,Maharashtra,101,IN,India,18.09339000,75.41567000,Q2238903
147802,Kusumba,4008,MH,Maharashtra,101,IN,India,20.91666667,74.65000000,Q6448221
147803,Lakhandur,4008,MH,Maharashtra,101,IN,India,20.75000000,79.88333333,Q6479500
132799,Lanja,4008,MH,Maharashtra,101,IN,India,16.86086000,73.54993000,Q2237794
132800,Lasalgaon,4008,MH,Maharashtra,101,IN,India,20.14270000,74.23946000,Q2235584
132759,Latur,4008,MH,Maharashtra,101,IN,India,18.40000000,76.80000000,Q61394
147804,Lavasa,4008,MH,Maharashtra,101,IN,India,18.40528056,73.50626944,Q989925
132770,Lohogaon,4008,MH,Maharashtra,101,IN,India,18.59921000,73.92701000,Q26786371
132776,Lonar,4008,MH,Maharashtra,101,IN,India,19.98533000,76.52046000,Q61436
132773,Lonavla,4008,MH,Maharashtra,101,IN,India,18.75275000,73.40575000,Q1929511
132844,Mahabaleshwar,4008,MH,Maharashtra,101,IN,India,17.56000000,73.40000000,Q463273
132846,Mahad,4008,MH,Maharashtra,101,IN,India,18.08333000,73.41667000,Q2238564
147805,Mahape,4008,MH,Maharashtra,101,IN,India,19.11776000,73.02693800,Q15243710
147806,Mahim,4008,MH,Maharashtra,101,IN,India,19.03500000,72.84000000,Q674501
132856,Maindargi,4008,MH,Maharashtra,101,IN,India,17.45739000,76.29320000,Q2546729
133062,Majalgaon,4008,MH,Maharashtra,101,IN,India,19.15988000,76.20832000,Q2546703
133063,Makhjan,4008,MH,Maharashtra,101,IN,India,17.26980000,73.50031000,Q2546703
147807,"Malabar Hill",4008,MH,Maharashtra,101,IN,India,18.95000000,72.79500000,Q6373912
147808,Malad,4008,MH,Maharashtra,101,IN,India,19.18611111,72.84861111,Q6740929
133065,Malegaon,4008,MH,Maharashtra,101,IN,India,20.54966000,74.53462000,Q580965
132872,Malkapur,4008,MH,Maharashtra,101,IN,India,17.26214000,74.17574000,Q2631025
133070,Malvan,4008,MH,Maharashtra,101,IN,India,16.05981000,73.46290000,Q2450888
132886,Manchar,4008,MH,Maharashtra,101,IN,India,19.00436000,73.94346000,Q1320215
147809,Mandangad,4008,MH,Maharashtra,101,IN,India,17.98333333,73.25000000,Q15244520
147810,Mandhal,4008,MH,Maharashtra,101,IN,India,20.95000000,79.46666667,Q6748015
147811,Mandwa,4008,MH,Maharashtra,101,IN,India,18.80300000,72.88200000,Q6748267
147812,Mangaon,4008,MH,Maharashtra,101,IN,India,18.23333333,73.28333333,Q6748809
132909,"Mangrul Pir",4008,MH,Maharashtra,101,IN,India,20.31379000,77.34178000,Q2552130
147813,Manjlegaon,4008,MH,Maharashtra,101,IN,India,19.15000000,76.23000000,Q2546703
147814,Mankeshwar,4008,MH,Maharashtra,101,IN,India,18.35416667,75.63916667,Q6750510
147815,Mankhurd,4008,MH,Maharashtra,101,IN,India,19.05000000,72.93000000,Q4856120
132918,Manmad,4008,MH,Maharashtra,101,IN,India,20.25334000,74.43755000,Q2317441
132924,Manor,4008,MH,Maharashtra,101,IN,India,19.72440000,72.90966000,Q3844824
132926,Mansar,4008,MH,Maharashtra,101,IN,India,21.39602000,79.26350000,Q1320187
133084,Manwat,4008,MH,Maharashtra,101,IN,India,19.30133000,76.49735000,Q2546880
147817,Maregaon,4008,MH,Maharashtra,101,IN,India,20.10000000,78.81666667,Q15246932
147818,Mastiholi,4008,MH,Maharashtra,101,IN,India,16.08333333,74.55000000,Q6785553
147819,"Masur India",4008,MH,Maharashtra,101,IN,India,17.40000000,74.15000000,Q6785717
133090,Matheran,4008,MH,Maharashtra,101,IN,India,18.98281000,73.26520000,Q463526
147820,Matunga,4008,MH,Maharashtra,101,IN,India,19.01798056,72.84476389,Q5226775
147821,Mazagaon,4008,MH,Maharashtra,101,IN,India,18.97000000,72.85000000,Q5121900
132961,Mehekar,4008,MH,Maharashtra,101,IN,India,20.15050000,76.56841000,Q2673732
147822,Mehergaon,4008,MH,Maharashtra,101,IN,India,20.96666667,74.63333333,Q6809474
147823,Mehkar,4008,MH,Maharashtra,101,IN,India,20.15000000,76.57500000,Q2673732
132971,Mhasla,4008,MH,Maharashtra,101,IN,India,18.13340000,73.11162000,Q2546690
132972,Mhasvad,4008,MH,Maharashtra,101,IN,India,17.63359000,74.78773000,Q26782291
147824,Miraj,4008,MH,Maharashtra,101,IN,India,16.83000000,74.63000000,Q522760
147825,Mohadi,4008,MH,Maharashtra,101,IN,India,21.30833333,79.67500000,Q6890830
147826,Mohol,4008,MH,Maharashtra,101,IN,India,17.81670000,75.66670000,Q6894280
132985,Mohpa,4008,MH,Maharashtra,101,IN,India,21.31012000,78.82969000,Q751161
147827,"Mokhada taluka",4008,MH,Maharashtra,101,IN,India,19.93333333,73.33333333,Q6895283
147828,"Mora Maharashtra",4008,MH,Maharashtra,101,IN,India,18.88900000,72.93400000,Q6908888
132992,Moram,4008,MH,Maharashtra,101,IN,India,17.78812000,76.47077000,Q26782317
132999,Morsi,4008,MH,Maharashtra,101,IN,India,21.34030000,78.01258000,Q26782328
133006,Mowad,4008,MH,Maharashtra,101,IN,India,21.46475000,78.45103000,Q1774606
133012,Mudkhed,4008,MH,Maharashtra,101,IN,India,19.15657000,77.50304000,Q2546606
133018,Mukher,4008,MH,Maharashtra,101,IN,India,18.70636000,77.36795000,Q26782341
133099,Mul,4008,MH,Maharashtra,101,IN,India,20.06987000,79.67826000,Q3824950
147829,Mulher,4008,MH,Maharashtra,101,IN,India,20.78138889,74.06388889,Q6933986
147830,Mulund,4008,MH,Maharashtra,101,IN,India,19.17168056,72.95600000,Q6935217
133024,Mumbai,4008,MH,Maharashtra,101,IN,India,19.07283000,72.88261000,Q1156
133025,"Mumbai Suburban",4008,MH,Maharashtra,101,IN,India,19.12636000,72.84897000,Q2341660
133035,Murbad,4008,MH,Maharashtra,101,IN,India,19.25395000,73.38993000,Q2546816
133036,Murgud,4008,MH,Maharashtra,101,IN,India,16.39604000,74.19142000,Q2445568
133039,Murtajapur,4008,MH,Maharashtra,101,IN,India,20.73299000,77.36694000,Q2445448
133040,"Murud (Raigad)",4008,MH,Maharashtra,101,IN,India,18.32817000,72.96210000,Q1924853
147831,"Murud (Ratnagiri)",4008,MH,Maharashtra,101,IN,India,17.77494444,73.11815000,Q6939780
147832,Murum,4008,MH,Maharashtra,101,IN,India,17.78777778,76.47000000,Q2546781
147833,Nadgaon,4008,MH,Maharashtra,101,IN,India,20.90101389,76.01396389,Q6957648
147834,Nagapur,4008,MH,Maharashtra,101,IN,India,18.87000000,76.43000000,Q2546917
133260,Nagothana,4008,MH,Maharashtra,101,IN,India,18.54225000,73.13493000,Q592673
133116,Nagpur,4008,MH,Maharashtra,101,IN,India,21.14631000,79.08491000,Q1513
133117,"Nagpur Division",4008,MH,Maharashtra,101,IN,India,21.14911000,79.10748000,Q305259
147835,"Nala Sopara",4008,MH,Maharashtra,101,IN,India,19.41540000,72.86130000,Q12435629
133131,Naldurg,4008,MH,Maharashtra,101,IN,India,17.81667000,76.28182000,Q2572967
147836,Nalegaon,4008,MH,Maharashtra,101,IN,India,18.41666667,76.81666667,Q6960863
147837,Nampur,4008,MH,Maharashtra,101,IN,India,20.72861111,74.31083333,Q6962047
133141,Nanded,4008,MH,Maharashtra,101,IN,India,18.91667000,77.50000000,Q855122
133267,Nandgaon,4008,MH,Maharashtra,101,IN,India,20.30680000,74.65501000,Q1931382
147838,Nandnee,4008,MH,Maharashtra,101,IN,India,17.45500000,75.84555556,Q6963358
147839,Nandura,4008,MH,Maharashtra,101,IN,India,20.83333333,76.45972222,Q546955
133268,"Nandura Buzurg",4008,MH,Maharashtra,101,IN,India,20.83417000,76.45924000,Q546955
133145,Nandurbar,4008,MH,Maharashtra,101,IN,India,21.37000000,74.20000000,Q2087583
147840,Narayangaon,4008,MH,Maharashtra,101,IN,India,19.07000000,73.97000000,Q6965557
147841,Nardana,4008,MH,Maharashtra,101,IN,India,21.20000000,74.81666667,Q6965708
147842,"Nariman Point",4008,MH,Maharashtra,101,IN,India,18.92000000,72.83000000,Q3632268
147843,Narkhed,4008,MH,Maharashtra,101,IN,India,21.47000000,78.53000000,Q938857
133177,Nashik,4008,MH,Maharashtra,101,IN,India,19.99727000,73.79096000,Q200235
133178,"Nashik Division",4008,MH,Maharashtra,101,IN,India,19.98295000,73.78942000,Q526400
147844,Navapur,4008,MH,Maharashtra,101,IN,India,21.17000000,73.78000000,Q2722255
133186,"Navi Mumbai",4008,MH,Maharashtra,101,IN,India,19.03681000,73.01582000,Q61445
133208,Neral,4008,MH,Maharashtra,101,IN,India,19.02475000,73.31688000,Q2247572
147845,Nerur,4008,MH,Maharashtra,101,IN,India,15.98333333,73.65000000,Q6996771
147846,Nevasa,4008,MH,Maharashtra,101,IN,India,19.53333333,74.93333333,Q7003750
147847,Nighoj,4008,MH,Maharashtra,101,IN,India,18.95972222,74.27694444,Q15262323
133217,Nilanga,4008,MH,Maharashtra,101,IN,India,18.11675000,76.75279000,Q2546766
133220,Nipani,4008,MH,Maharashtra,101,IN,India,16.39900000,74.38285000,Q2283213
147848,Niphad,4008,MH,Maharashtra,101,IN,India,20.08330000,73.80000000,Q2763226
147849,"Nira Narsingpur",4008,MH,Maharashtra,101,IN,India,17.98350000,75.12396000,Q7039851
133305,Osmanabad,4008,MH,Maharashtra,101,IN,India,18.25000000,76.16667000,Q2462135
133307,Ozar,4008,MH,Maharashtra,101,IN,India,20.09473000,73.92816000,Q2719433
147850,Pabal,4008,MH,Maharashtra,101,IN,India,18.83083333,74.05277778,Q7121516
133520,Pachora,4008,MH,Maharashtra,101,IN,India,20.66727000,75.35305000,Q2719146
147851,"Pahur Maharashtra",4008,MH,Maharashtra,101,IN,India,20.70000000,75.68333333,Q7124601
133319,Paithan,4008,MH,Maharashtra,101,IN,India,19.47506000,75.38558000,Q2445534
133527,Palghar,4008,MH,Maharashtra,101,IN,India,19.69693000,72.76543000,Q2724596
147852,"Pali Raigad",4008,MH,Maharashtra,101,IN,India,18.54138400,73.21996500,Q3891768
147853,Palso,4008,MH,Maharashtra,101,IN,India,20.76666667,77.23333333,Q7128747
133537,Panchgani,4008,MH,Maharashtra,101,IN,India,17.92449000,73.80080000,Q463437
133347,Pandharpur,4008,MH,Maharashtra,101,IN,India,17.67924000,75.33098000,Q1779418
147854,Pandhurli,4008,MH,Maharashtra,101,IN,India,19.82905200,73.85474500,Q15265284
133349,Panhala,4008,MH,Maharashtra,101,IN,India,16.81210000,74.11007000,Q2719424
133353,Panvel,4008,MH,Maharashtra,101,IN,India,18.98878000,73.11013000,Q297511
133358,Parbhani,4008,MH,Maharashtra,101,IN,India,19.50000000,76.75000000,Q1920284
147855,Parel,4008,MH,Maharashtra,101,IN,India,18.99000000,72.84000000,Q4856263
133360,"Parli Vaijnath",4008,MH,Maharashtra,101,IN,India,18.85057000,76.53163000,Q1797389
147856,Parner,4008,MH,Maharashtra,101,IN,India,19.00300000,74.43800000,Q7139330
133364,Parola,4008,MH,Maharashtra,101,IN,India,20.88098000,75.11937000,Q3786783
147857,Parseoni,4008,MH,Maharashtra,101,IN,India,21.38333333,79.15000000,Q7139955
133367,Partur,4008,MH,Maharashtra,101,IN,India,19.59925000,76.21541000,Q2719414
133554,Patan,4008,MH,Maharashtra,101,IN,India,17.37513000,73.90143000,Q3788531
133556,Pathardi,4008,MH,Maharashtra,101,IN,India,19.17279000,75.17425000,Q368499
133558,Pathri,4008,MH,Maharashtra,101,IN,India,19.25880000,76.43412000,Q2719439
133559,Patur,4008,MH,Maharashtra,101,IN,India,20.46093000,76.93725000,Q2544958
147858,Paturda,4008,MH,Maharashtra,101,IN,India,20.95000000,76.71666667,Q7148764
147859,Paud,4008,MH,Maharashtra,101,IN,India,18.52416667,73.61583333,Q4801215
147860,Pauni,4008,MH,Maharashtra,101,IN,India,20.78000000,79.63000000,Q2719440
133397,Pawni,4008,MH,Maharashtra,101,IN,India,20.79229000,79.63644000,Q2719440
147861,Pedgaon,4008,MH,Maharashtra,101,IN,India,18.51166667,74.70750000,Q7159163
147862,Peint,4008,MH,Maharashtra,101,IN,India,20.25844722,73.50305278,Q7160927
133404,Pen,4008,MH,Maharashtra,101,IN,India,18.73734000,73.09603000,Q1382194
133434,Phaltan,4008,MH,Maharashtra,101,IN,India,17.99113000,74.43177000,Q2341367
147863,Phulambri,4008,MH,Maharashtra,101,IN,India,20.10000000,75.41666667,Q7188306
147864,Piliv,4008,MH,Maharashtra,101,IN,India,17.67884200,74.96641200,Q7194065
147865,"Pimpalgaon Baswant",4008,MH,Maharashtra,101,IN,India,20.16666667,73.98333333,Q7194685
147866,"Pimpalgaon Raja",4008,MH,Maharashtra,101,IN,India,20.71666667,76.43333333,Q7194687
133449,Pimpri,4008,MH,Maharashtra,101,IN,India,18.62292000,73.80696000,Q11941642
147867,Pimpri-Chinchwad,4008,MH,Maharashtra,101,IN,India,18.62777778,73.81305556,Q119219
133564,Pipri,4008,MH,Maharashtra,101,IN,India,19.79371000,75.53519000,Q2980705
133484,Powai,4008,MH,Maharashtra,101,IN,India,19.11640000,72.90471000,Q13118508
147868,Prabhadevi,4008,MH,Maharashtra,101,IN,India,19.01690500,72.82864900,Q5456385
147869,Prakasha,4008,MH,Maharashtra,101,IN,India,21.51666667,74.31666667,Q7238200
133496,Pulgaon,4008,MH,Maharashtra,101,IN,India,20.72204000,78.32056000,Q2719107
133504,Pune,4008,MH,Maharashtra,101,IN,India,18.51957000,73.85535000,Q1538
133505,"Pune Division",4008,MH,Maharashtra,101,IN,India,18.74673000,73.75465000,Q1854679
147870,Puntamba,4008,MH,Maharashtra,101,IN,India,19.75000000,74.63333333,Q7260576
147871,Pural,4008,MH,Maharashtra,101,IN,India,16.45000000,73.36666667,Q7260809
133571,Purna,4008,MH,Maharashtra,101,IN,India,19.18170000,77.02566000,Q2545550
133515,Pusad,4008,MH,Maharashtra,101,IN,India,19.91274000,77.57838000,Q2724580
147872,Radhanagari,4008,MH,Maharashtra,101,IN,India,16.41388889,73.99777778,Q7280215
147873,Rahata,4008,MH,Maharashtra,101,IN,India,19.71666667,74.48333333,Q7283322
133583,Rahimatpur,4008,MH,Maharashtra,101,IN,India,17.59210000,74.19966000,Q2573077
133663,Rahuri,4008,MH,Maharashtra,101,IN,India,19.39069000,74.64979000,Q2544979
133588,Raigarh,4008,MH,Maharashtra,101,IN,India,18.57000000,73.13000000,Q2286310
147874,Raireshwar,4008,MH,Maharashtra,101,IN,India,18.05000000,73.73333333,Q7285054
133687,Rajapur,4008,MH,Maharashtra,101,IN,India,16.65679000,73.51701000,Q2718772
133677,Rajgurunagar,4008,MH,Maharashtra,101,IN,India,18.86667000,73.90000000,Q2719101
133685,Rajur,4008,MH,Maharashtra,101,IN,India,20.11087000,78.89311000,Q2719488
133689,Rajura,4008,MH,Maharashtra,101,IN,India,19.77947000,79.36459000,Q2570708
147875,Ralegaon,4008,MH,Maharashtra,101,IN,India,20.25000000,79.81000000,Q7286873
147876,Ramewadi,4008,MH,Maharashtra,101,IN,India,16.03333333,74.35000000,Q7289479
133710,Ramtek,4008,MH,Maharashtra,101,IN,India,21.39562000,79.32725000,Q2545077
133619,Ratnagiri,4008,MH,Maharashtra,101,IN,India,17.00000000,73.50000000,Q1922257
133724,Raver,4008,MH,Maharashtra,101,IN,India,21.24757000,76.03509000,Q2362462
147877,Renapur,4008,MH,Maharashtra,101,IN,India,18.51666667,76.60000000,Q7312547
147878,Renavi,4008,MH,Maharashtra,101,IN,India,17.26972222,74.61055556,Q7312752
133631,Revadanda,4008,MH,Maharashtra,101,IN,India,18.55363000,72.92559000,Q7317762
147879,Revdanda,4008,MH,Maharashtra,101,IN,India,18.55000000,72.93333333,Q7317762
133639,Risod,4008,MH,Maharashtra,101,IN,India,19.97671000,76.78799000,Q2545016
133644,Roha,4008,MH,Maharashtra,101,IN,India,18.43687000,73.11964000,Q15272986
147880,Sailu,4008,MH,Maharashtra,101,IN,India,19.47000000,76.47000000,Q2718737
147881,Sakol,4008,MH,Maharashtra,101,IN,India,18.28250000,76.88444444,Q15274503
147882,Sakoli,4008,MH,Maharashtra,101,IN,India,21.08000000,79.98000000,Q7403046
147883,Sakri,4008,MH,Maharashtra,101,IN,India,20.99027778,74.31444444,Q13121881
147884,Samudrapur,4008,MH,Maharashtra,101,IN,India,20.65000000,78.96666667,Q2774601
147885,Sangameshwar,4008,MH,Maharashtra,101,IN,India,17.18694444,73.55305556,Q7417805
133780,Sangamner,4008,MH,Maharashtra,101,IN,India,19.56784000,74.21154000,Q2466083
133782,Sangli,4008,MH,Maharashtra,101,IN,India,17.11202000,74.76990000,Q429215
134074,Sangola,4008,MH,Maharashtra,101,IN,India,17.43948000,75.19379000,Q429215
147887,"Sangrampur Maharashtra",4008,MH,Maharashtra,101,IN,India,21.03000000,76.68000000,Q7418104
147888,Saoli,4008,MH,Maharashtra,101,IN,India,20.08133056,79.78286111,Q7420857
133797,Saoner,4008,MH,Maharashtra,101,IN,India,21.38510000,78.92155000,Q2544743
147889,Sarangkheda,4008,MH,Maharashtra,101,IN,India,21.43327300,74.52642100,Q7423132
147890,Saswad,4008,MH,Maharashtra,101,IN,India,18.55000000,74.00000000,Q2544796
133825,Satana,4008,MH,Maharashtra,101,IN,India,20.59483000,74.20301000,Q2247428
133815,Satara,4008,MH,Maharashtra,101,IN,India,17.68589000,73.99333000,Q581562
133816,"Satara Division",4008,MH,Maharashtra,101,IN,India,17.72601000,74.06433000,Q581562
147891,Satpati,4008,MH,Maharashtra,101,IN,India,19.71666667,72.70000000,Q7426445
134082,Savantvadi,4008,MH,Maharashtra,101,IN,India,15.90413000,73.82191000,Q1130165
134083,Savda,4008,MH,Maharashtra,101,IN,India,21.15054000,75.88938000,Q3238579
147892,Savlaj,4008,MH,Maharashtra,101,IN,India,17.10000000,74.78000000,Q7428375
147893,Sawantvadi,4008,MH,Maharashtra,101,IN,India,16.00000000,73.75000000,Q1130165
133836,Selu,4008,MH,Maharashtra,101,IN,India,19.45512000,76.44073000,Q2718737
147894,Sevagram,4008,MH,Maharashtra,101,IN,India,20.73499167,78.66256944,Q3630222
147895,Sewri,4008,MH,Maharashtra,101,IN,India,19.00000000,72.86000000,Q4933909
133908,Shahada,4008,MH,Maharashtra,101,IN,India,21.54538000,74.47106000,Q2738743
133909,Shahapur,4008,MH,Maharashtra,101,IN,India,19.45231000,73.32572000,Q589527
147896,Shedbal,4008,MH,Maharashtra,101,IN,India,16.68916667,74.75425556,Q7492294
133857,Shegaon,4008,MH,Maharashtra,101,IN,India,20.79320000,76.69921000,Q2566517
147897,Shevgaon,4008,MH,Maharashtra,101,IN,India,19.35000000,75.23333333,Q7495714
147898,Shikrapur,4008,MH,Maharashtra,101,IN,India,18.69361111,74.13805556,Q15277258
133873,Shiraguppi,4008,MH,Maharashtra,101,IN,India,16.61875000,74.70907000,Q26795347
147899,Shirala,4008,MH,Maharashtra,101,IN,India,16.98401111,74.12415278,Q7498256
133874,Shirdi,4008,MH,Maharashtra,101,IN,India,19.76616000,74.47738000,Q1949112
133875,Shirgaon,4008,MH,Maharashtra,101,IN,India,19.69589000,72.71527000,Q26780636
147900,Shirol,4008,MH,Maharashtra,101,IN,India,16.73333333,74.60000000,Q7498928
133877,Shirpur,4008,MH,Maharashtra,101,IN,India,21.34821000,74.88035000,Q7498967
147901,Shirud,4008,MH,Maharashtra,101,IN,India,20.71666667,74.90000000,Q7498993
133878,Shirwal,4008,MH,Maharashtra,101,IN,India,18.15059000,73.97788000,Q2544718
133879,"Shivaji Nagar",4008,MH,Maharashtra,101,IN,India,18.53017000,73.85263000,Q26793755
133886,Shrigonda,4008,MH,Maharashtra,101,IN,India,18.61527000,74.69895000,Q2566494
133936,Sillod,4008,MH,Maharashtra,101,IN,India,20.30303000,75.65284000,Q2450958
147902,Sindewahi,4008,MH,Maharashtra,101,IN,India,20.28333333,79.65000000,Q2775412
133943,Sindhudurg,4008,MH,Maharashtra,101,IN,India,16.17000000,73.70000000,Q768332
133944,Sindi,4008,MH,Maharashtra,101,IN,India,20.80509000,78.88752000,Q1946403
147903,Sindkheda,4008,MH,Maharashtra,101,IN,India,21.26666667,74.73333333,Q2773905
133953,Sinnar,4008,MH,Maharashtra,101,IN,India,19.84505000,73.99866000,Q2724534
147904,"Sion Mumbai",4008,MH,Maharashtra,101,IN,India,19.04000000,72.86000000,Q7525343
147905,Sironcha,4008,MH,Maharashtra,101,IN,India,18.83000000,79.96000000,Q7530566
133970,Sirur,4008,MH,Maharashtra,101,IN,India,18.82760000,74.37475000,Q2717592
147906,"Sivala East Godavari district",4008,MH,Maharashtra,101,IN,India,16.75722222,82.08861111,Q13010473
133986,Solapur,4008,MH,Maharashtra,101,IN,India,17.75000000,75.50000000,Q237847
147907,Sonala,4008,MH,Maharashtra,101,IN,India,21.11666667,76.73333333,Q15278521
133993,Sonegaon,4008,MH,Maharashtra,101,IN,India,20.62915000,78.69207000,Q26780008
147908,Songir,4008,MH,Maharashtra,101,IN,India,21.08333333,74.78333333,Q7561272
147909,Sonvad,4008,MH,Maharashtra,101,IN,India,21.08333333,75.35000000,Q7562416
134015,Soygaon,4008,MH,Maharashtra,101,IN,India,20.59606000,75.61765000,Q26780029
134033,Srivardhan,4008,MH,Maharashtra,101,IN,India,18.04592000,73.01552000,Q2269015
134052,Surgana,4008,MH,Maharashtra,101,IN,India,20.55956000,73.63747000,Q2341453
147910,Taklibhan,4008,MH,Maharashtra,101,IN,India,19.61670000,74.80000000,Q7678449
147911,Talbid,4008,MH,Maharashtra,101,IN,India,17.35000000,74.13000000,Q7679000
134100,"Talegaon Dabhade",4008,MH,Maharashtra,101,IN,India,18.73502000,73.67561000,Q2719127
147912,"Talegaon Dhamdhere",4008,MH,Maharashtra,101,IN,India,18.66780000,74.15360000,Q16901085
134104,Taloda,4008,MH,Maharashtra,101,IN,India,21.56128000,74.21238000,Q26780072
147913,Talode,4008,MH,Maharashtra,101,IN,India,21.56074167,74.83000000,Q2570716
134241,Tarapur,4008,MH,Maharashtra,101,IN,India,19.86499000,72.68426000,Q993332
147914,Tardeo,4008,MH,Maharashtra,101,IN,India,18.97000000,72.81000000,Q7685715
134242,Tasgaon,4008,MH,Maharashtra,101,IN,India,17.03700000,74.60171000,Q2544755
134128,Telhara,4008,MH,Maharashtra,101,IN,India,21.02694000,76.83889000,Q2544731
147915,Thalner,4008,MH,Maharashtra,101,IN,India,21.25000000,74.96670000,Q7709740
134138,Thane,4008,MH,Maharashtra,101,IN,India,19.33333000,73.25000000,Q207749
134212,Trimbak,4008,MH,Maharashtra,101,IN,India,19.93268000,73.52907000,Q26778822
147916,Trombay,4008,MH,Maharashtra,101,IN,India,19.00000000,72.90000000,Q3595610
134217,Tuljapur,4008,MH,Maharashtra,101,IN,India,18.00804000,76.07011000,Q2724627
134221,Tumsar,4008,MH,Maharashtra,101,IN,India,21.38333000,79.73333000,Q338371
134255,Udgir,4008,MH,Maharashtra,101,IN,India,18.39258000,77.11756000,Q934153
134267,Ulhasnagar,4008,MH,Maharashtra,101,IN,India,19.21667000,73.15000000,Q460222
134269,Umarga,4008,MH,Maharashtra,101,IN,India,17.83841000,76.62331000,Q1109355
134272,Umarkhed,4008,MH,Maharashtra,101,IN,India,19.60144000,77.68878000,Q2718792
134274,Umred,4008,MH,Maharashtra,101,IN,India,20.85396000,79.32466000,Q2544787
134291,Uran,4008,MH,Maharashtra,101,IN,India,18.87813000,72.93924000,Q1113891
147917,"Uruli Kanchan",4008,MH,Maharashtra,101,IN,India,18.48333333,74.13333333,Q7901522
134379,Vada,4008,MH,Maharashtra,101,IN,India,19.65347000,73.14811000,Q4007184
147918,Vadgaon,4008,MH,Maharashtra,101,IN,India,18.74860000,73.64100000,Q2719142
147919,Vadner,4008,MH,Maharashtra,101,IN,India,20.25000000,74.03330000,Q7908334
134312,Vaijapur,4008,MH,Maharashtra,101,IN,India,19.92672000,74.72750000,Q2451016
147920,Vairag,4008,MH,Maharashtra,101,IN,India,18.05000000,75.80000000,Q7908830
147921,Valsang,4008,MH,Maharashtra,101,IN,India,17.60000000,76.08330000,Q7912608
147922,Vangaon,4008,MH,Maharashtra,101,IN,India,19.86666667,72.75000000,Q7914756
134328,Varangaon,4008,MH,Maharashtra,101,IN,India,21.01767000,75.91042000,Q7915443
147923,Vashi,4008,MH,Maharashtra,101,IN,India,19.08000000,73.01000000,Q297732
134334,Vasind,4008,MH,Maharashtra,101,IN,India,19.40844000,73.26285000,Q7916821
147924,Vatul,4008,MH,Maharashtra,101,IN,India,16.75000000,73.60000000,Q7917225
147925,"Velas Maharashtra",4008,MH,Maharashtra,101,IN,India,17.95850000,73.04980000,Q7918828
147926,Velneshwar,4008,MH,Maharashtra,101,IN,India,17.38330000,73.20000000,Q7919247
134346,Vengurla,4008,MH,Maharashtra,101,IN,India,15.86125000,73.63182000,Q2445434
147927,Vijaydurg,4008,MH,Maharashtra,101,IN,India,16.56670000,73.33330000,Q14862297
147928,Vikhroli,4008,MH,Maharashtra,101,IN,India,19.11000000,72.94000000,Q5383080
147929,"Vile Parle",4008,MH,Maharashtra,101,IN,India,19.10000000,72.83000000,Q3558400
147930,Vinchur,4008,MH,Maharashtra,101,IN,India,20.11666667,74.28333333,Q11954840
134368,Virar,4008,MH,Maharashtra,101,IN,India,19.45591000,72.81136000,Q2487341
147931,"Vita Maharashtra",4008,MH,Maharashtra,101,IN,India,17.27110000,74.53780000,Q7936679
134372,Vite,4008,MH,Maharashtra,101,IN,India,17.27343000,74.53792000,Q7936679
147932,Wadala,4008,MH,Maharashtra,101,IN,India,19.02163056,72.86458889,Q4856518
134388,Wadgaon,4008,MH,Maharashtra,101,IN,India,18.73920000,73.63945000,Q2719142
147933,Wadner,4008,MH,Maharashtra,101,IN,India,20.84972222,76.33333333,Q7959304
147934,Wadwani,4008,MH,Maharashtra,101,IN,India,18.98333333,76.05000000,Q7959361
147935,Wagholi,4008,MH,Maharashtra,101,IN,India,17.90000000,74.08300000,Q7959561
134390,Wai,4008,MH,Maharashtra,101,IN,India,17.95276000,73.89058000,Q1748687
147936,Wakad,4008,MH,Maharashtra,101,IN,India,18.59930000,73.76250000,Q7960750
147937,Walgaon,4008,MH,Maharashtra,101,IN,India,20.99890000,77.70640000,Q7961875
147938,Walki,4008,MH,Maharashtra,101,IN,India,18.95000000,74.75000000,Q7962403
134393,Wani,4008,MH,Maharashtra,101,IN,India,20.05507000,78.95313000,Q1748341
134396,Wardha,4008,MH,Maharashtra,101,IN,India,20.73933000,78.59784000,Q1772819
134397,Warora,4008,MH,Maharashtra,101,IN,India,20.22885000,79.00277000,Q584146
134398,Warud,4008,MH,Maharashtra,101,IN,India,21.47101000,78.26965000,Q2546677
134399,Washim,4008,MH,Maharashtra,101,IN,India,20.20000000,77.20000000,Q2299018
147939,Worli,4008,MH,Maharashtra,101,IN,India,19.00000000,72.81500000,Q1934607
134438,Yaval,4008,MH,Maharashtra,101,IN,India,21.16772000,75.69762000,Q564781
134427,Yavatmal,4008,MH,Maharashtra,101,IN,India,20.15000000,78.35000000,Q280709
134434,Yeola,4008,MH,Maharashtra,101,IN,India,20.04240000,74.48944000,Q2445508
58064,Bishnupur,4010,MN,Manipur,101,IN,India,24.60769000,93.77998000,Q859094
153522,Chandel,4010,MN,Manipur,101,IN,India,24.57390000,94.29130000,Q706371
131585,Churachandpur,4010,MN,Manipur,101,IN,India,24.33333000,93.68333000,Q2577281
132162,"Imphal East",4010,MN,Manipur,101,IN,India,24.79110000,93.93480000,Q706291
132953,"Imphal West",4010,MN,Manipur,101,IN,India,24.60998000,93.88873000,Q706300
153527,Jiribam,4010,MN,Manipur,101,IN,India,24.79410040,93.11709860,Q28419387
132341,Kakching,4010,MN,Manipur,101,IN,India,24.49820000,93.98126000,Q2466061
153526,Kamjong,4010,MN,Manipur,101,IN,India,24.85996860,94.50586430,Q28419390
153523,Kangpokpi,4010,MN,Manipur,101,IN,India,24.08950000,93.99010000,Q706442
153528,Noney,4010,MN,Manipur,101,IN,India,24.84911310,93.59673660,Q28419389
153525,Pherzawl,4010,MN,Manipur,101,IN,India,24.14370000,93.52700000,Q706492
133837,Senapati,4010,MN,Manipur,101,IN,India,25.26705000,94.02237000,Q2718737
134109,Tamenglong,4010,MN,Manipur,101,IN,India,24.97548000,93.51563000,Q2301717
153524,Tengnoupal,4010,MN,Manipur,101,IN,India,24.39450000,94.10530000,Q706488
134159,Thoubal,4010,MN,Manipur,101,IN,India,24.62205000,94.01001000,Q2086198
134264,Ukhrul,4010,MN,Manipur,101,IN,India,25.04828000,94.35883000,Q735101
131520,Cherrapunji,4006,ML,Meghalaya,101,IN,India,25.30089000,91.69619000,Q211030
131824,"East Garo Hills",4006,ML,Meghalaya,101,IN,India,25.61372000,90.62426000,Q2085455
131825,"East Jaintia Hills",4006,ML,Meghalaya,101,IN,India,25.35976000,92.36680000,Q15923776
131827,"East Khasi Hills",4006,ML,Meghalaya,101,IN,India,25.38050000,91.78905000,Q1945304
132858,Mairang,4006,ML,Meghalaya,101,IN,India,25.56165000,91.63602000,Q2606858
132916,Mankachar,4006,ML,Meghalaya,101,IN,India,25.53347000,89.86373000,Q720860
133232,Nongpoh,4006,ML,Meghalaya,101,IN,India,25.90230000,91.87694000,Q2483960
133233,Nongstoin,4006,ML,Meghalaya,101,IN,India,25.51704000,91.26484000,Q2341832
133237,"North Garo Hills",4006,ML,Meghalaya,101,IN,India,25.89682000,90.61602000,Q7055466
133636,Ri-Bhoi,4006,ML,Meghalaya,101,IN,India,25.88997000,91.82707000,Q1884672
133870,Shillong,4006,ML,Meghalaya,101,IN,India,25.56892000,91.88313000,Q207752
134009,"South Garo Hills",4006,ML,Meghalaya,101,IN,India,25.30162000,90.58530000,Q2329228
134013,"South West Garo Hills",4006,ML,Meghalaya,101,IN,India,25.47245000,89.93399000,Q15961576
134014,"South West Khasi Hills",4006,ML,Meghalaya,101,IN,India,25.32155000,91.29462000,Q15923741
134223,Tura,4006,ML,Meghalaya,101,IN,India,25.51421000,90.20239000,Q2317186
134406,"West Garo Hills",4006,ML,Meghalaya,101,IN,India,25.56794000,90.22447000,Q2329181
134408,"West Jaintia Hills",4006,ML,Meghalaya,101,IN,India,25.50000000,92.25000000,Q13181190
134410,"West Khasi Hills",4006,ML,Meghalaya,101,IN,India,25.54776000,91.26957000,Q2064752
57610,Aizawl,4036,MZ,Mizoram,101,IN,India,23.80000000,92.90000000,Q1947322
58184,Champhai,4036,MZ,Mizoram,101,IN,India,23.47444000,93.32556000,Q1965256
131656,Darlawn,4036,MZ,Mizoram,101,IN,India,24.01336000,92.92439000,Q1190883
132486,Khawhai,4036,MZ,Mizoram,101,IN,India,23.37807000,93.12797000,Q2119988
132554,Kolasib,4036,MZ,Mizoram,101,IN,India,24.22388000,92.67869000,Q1112188
132761,Lawngtlai,4036,MZ,Mizoram,101,IN,India,22.53000000,92.90000000,Q1948713
132787,Lunglei,4036,MZ,Mizoram,101,IN,India,22.90000000,92.75000000,Q1947352
132879,Mamit,4036,MZ,Mizoram,101,IN,India,23.78492000,92.46939000,Q751531
133242,"North Vanlaiphai",4036,MZ,Mizoram,101,IN,India,23.13227000,93.06532000,Q2726315
133756,Saiha,4036,MZ,Mizoram,101,IN,India,22.49183000,92.98143000,Q2576192
133759,Sairang,4036,MZ,Mizoram,101,IN,India,23.81034000,92.65226000,Q2726267
134063,Saitlaw,4036,MZ,Mizoram,101,IN,India,23.97187000,92.57454000,Q2726255
133847,Serchhip,4036,MZ,Mizoram,101,IN,India,23.28172000,92.90039000,Q2086190
134148,Thenzawl,4036,MZ,Mizoram,101,IN,India,23.31667000,92.75000000,Q2726305
131771,Dimapur,4018,NL,Nagaland,101,IN,India,25.77852000,93.78508000,Q634262
132549,Kohima,4018,NL,Nagaland,101,IN,India,25.67467000,94.11099000,Q234056
132989,Mokokchung,4018,NL,Nagaland,101,IN,India,26.31393000,94.51675000,Q2175311
132990,Mon,4018,NL,Nagaland,101,IN,India,26.75000000,94.83333000,Q2339648
133416,Peren,4018,NL,Nagaland,101,IN,India,25.51276000,93.73716000,Q2716752
133438,Phek,4018,NL,Nagaland,101,IN,India,25.75000000,94.50000000,Q590882
134215,Tuensang,4018,NL,Nagaland,101,IN,India,26.26704000,94.82415000,Q2726329
134216,"Tuensang District",4018,NL,Nagaland,101,IN,India,26.25000000,94.75000000,Q2571393
134413,Wokha,4018,NL,Nagaland,101,IN,India,26.16667000,94.25000000,Q1947570
134445,Zunheboto,4018,NL,Nagaland,101,IN,India,26.00000000,94.50000000,Q663062
57704,Angul,4013,OR,Odisha,101,IN,India,20.84089000,85.10192000,Q518237
57705,"Angul District",4013,OR,Odisha,101,IN,India,20.84903000,85.06079000,Q1772807
134465,Asika,4013,OR,Odisha,101,IN,India,19.61114000,84.65998000,Q588678
134467,Athagarh,4013,OR,Odisha,101,IN,India,20.51999000,85.62965000,Q589902
57785,"Bada Barabil",4013,OR,Odisha,101,IN,India,22.11186000,85.38684000,Q582783
57835,Balangir,4013,OR,Odisha,101,IN,India,20.75000000,83.25000000,Q612328
57823,Balasore,4013,OR,Odisha,101,IN,India,21.49266000,86.93348000,Q641098
58114,Baleshwar,4013,OR,Odisha,101,IN,India,21.50000000,86.75000000,Q2022279
57826,Balimila,4013,OR,Odisha,101,IN,India,18.25167000,82.10659000,Q622840
58117,Balugaon,4013,OR,Odisha,101,IN,India,20.17838000,85.11327000,Q632799
58123,Banapur,4013,OR,Odisha,101,IN,India,19.77889000,85.17033000,Q632773
58128,Banki,4013,OR,Odisha,101,IN,India,20.37912000,85.52953000,Q2563333
58129,Banposh,4013,OR,Odisha,101,IN,India,22.24834000,84.81044000,Q2563333
57862,Baragarh,4013,OR,Odisha,101,IN,India,21.33333000,83.61667000,Q808140
57866,Barbil,4013,OR,Odisha,101,IN,India,22.10194000,85.37752000,Q708505
57869,Bargarh,4013,OR,Odisha,101,IN,India,21.33348000,83.61905000,Q637110
57886,Barpali,4013,OR,Odisha,101,IN,India,21.19005000,83.58721000,Q712508
58149,Basudebpur,4013,OR,Odisha,101,IN,India,21.11974000,86.72896000,Q712632
57907,Baud,4013,OR,Odisha,101,IN,India,20.83773000,84.32618000,Q303761
57908,Baudh,4013,OR,Odisha,101,IN,India,20.83300000,84.33300000,Q2363639
57921,Belaguntha,4013,OR,Odisha,101,IN,India,19.88249000,84.63801000,Q2444458
57953,Bhadrak,4013,OR,Odisha,101,IN,India,21.00000000,86.60000000,Q685638
57954,Bhadrakh,4013,OR,Odisha,101,IN,India,21.05447000,86.51560000,Q759556
57963,Bhanjanagar,4013,OR,Odisha,101,IN,India,19.92719000,84.58201000,Q760179
57976,Bhawanipatna,4013,OR,Odisha,101,IN,India,19.90717000,83.16697000,Q759348
57999,Bhuban,4013,OR,Odisha,101,IN,India,20.88197000,85.83334000,Q796742
58000,Bhubaneswar,4013,OR,Odisha,101,IN,India,20.27241000,85.83385000,Q171771
58058,Binka,4013,OR,Odisha,101,IN,India,21.02626000,83.81197000,Q860226
58060,Birmitrapur,4013,OR,Odisha,101,IN,India,22.40000000,84.76667000,Q860226
58079,Bolanikhodan,4013,OR,Odisha,101,IN,India,22.11312000,85.33645000,Q1926941
58086,Brahmapur,4013,OR,Odisha,101,IN,India,19.31151000,84.79290000,Q860210
58087,Brajarajnagar,4013,OR,Odisha,101,IN,India,21.81667000,83.91667000,Q860215
58092,Buguda,4013,OR,Odisha,101,IN,India,19.80806000,84.79084000,Q858514
58099,Burla,4013,OR,Odisha,101,IN,India,21.50976000,83.87259000,Q1937513
131594,Champua,4013,OR,Odisha,101,IN,India,22.06734000,85.66463000,Q860201
131597,Chandbali,4013,OR,Odisha,101,IN,India,20.77519000,86.74139000,Q861194
131510,Chatrapur,4013,OR,Odisha,101,IN,India,19.35574000,84.98359000,Q656584
131550,Chikitigarh,4013,OR,Odisha,101,IN,India,19.20233000,84.61450000,Q1105855
131573,Chittarkonda,4013,OR,Odisha,101,IN,India,18.12533000,82.10890000,Q165264
131633,Cuttack,4013,OR,Odisha,101,IN,India,20.50000000,86.25000000,Q2022256
131643,Daitari,4013,OR,Odisha,101,IN,India,21.10000000,85.75000000,Q1190218
131683,Deogarh,4013,OR,Odisha,101,IN,India,21.53827000,84.73337000,Q1193197
131735,Dhenkanal,4013,OR,Odisha,101,IN,India,20.75000000,85.50000000,Q1948389
131765,Digapahandi,4013,OR,Odisha,101,IN,India,19.37275000,84.57184000,Q1255951
131892,Gajapati,4013,OR,Odisha,101,IN,India,18.91000000,84.20000000,Q1947292
131914,Ganjam,4013,OR,Odisha,101,IN,India,19.38705000,85.05079000,Q12422937
131988,Gopalpur,4013,OR,Odisha,101,IN,India,19.25861000,84.90517000,Q1747725
132013,Gudari,4013,OR,Odisha,101,IN,India,19.34762000,83.78128000,Q1320157
132030,Gunupur,4013,OR,Odisha,101,IN,India,19.08040000,83.80879000,Q1707762
132102,Hinjilikatu,4013,OR,Odisha,101,IN,India,19.48166000,84.74489000,Q1708660
132148,Hirakud,4013,OR,Odisha,101,IN,India,21.52502000,83.87275000,Q1620116
132185,Jagatsinghpur,4013,OR,Odisha,101,IN,India,20.20000000,86.30000000,Q971581
132209,Jajpur,4013,OR,Odisha,101,IN,India,20.84149000,86.31237000,Q2087771
132213,Jaleshwar,4013,OR,Odisha,101,IN,India,21.80176000,87.22250000,Q2008618
132250,Jatani,4013,OR,Odisha,101,IN,India,20.15975000,85.70742000,Q2352196
132265,Jeypore,4013,OR,Odisha,101,IN,India,18.85630000,82.57160000,Q2281629
132269,Jharsuguda,4013,OR,Odisha,101,IN,India,21.85531000,84.00698000,Q2088489
132270,"Jharsuguda District",4013,OR,Odisha,101,IN,India,21.85000000,84.00000000,Q569181
132338,Kaintragarh,4013,OR,Odisha,101,IN,India,20.72115000,84.53514000,Q588668
132687,Kalahandi,4013,OR,Odisha,101,IN,India,19.75000000,83.00000000,Q1876588
132695,Kamakhyanagar,4013,OR,Odisha,101,IN,India,20.93385000,85.54489000,Q2480576
132371,Kandhamal,4013,OR,Odisha,101,IN,India,20.30000000,84.00000000,Q2085500
132387,Kantabanji,4013,OR,Odisha,101,IN,India,20.46709000,82.92042000,Q1723964
132386,Kantilo,4013,OR,Odisha,101,IN,India,20.36152000,85.19212000,Q2549190
132441,Kendrapara,4013,OR,Odisha,101,IN,India,20.50000000,86.50000000,Q2299172
132444,Kendujhar,4013,OR,Odisha,101,IN,India,21.50000000,85.50000000,Q2138555
132448,Kesinga,4013,OR,Odisha,101,IN,India,20.18778000,83.21949000,Q2135894
132458,Khallikot,4013,OR,Odisha,101,IN,India,19.60908000,85.08609000,Q178948
132477,Kharhial,4013,OR,Odisha,101,IN,India,20.28845000,82.76060000,Q2120387
132501,Khordha,4013,OR,Odisha,101,IN,India,20.20000000,85.60000000,Q662818
132508,Khurda,4013,OR,Odisha,101,IN,India,20.18268000,85.61629000,Q2241122
132527,"Kiri Buru",4013,OR,Odisha,101,IN,India,22.08333000,85.35000000,Q747765
132539,Kodala,4013,OR,Odisha,101,IN,India,19.62425000,84.94075000,Q1170466
132570,Konarka,4013,OR,Odisha,101,IN,India,19.89758000,86.11413000,Q749189
132578,Koraput,4013,OR,Odisha,101,IN,India,19.00000000,83.00000000,Q1947300
132624,Kuchaiburi,4013,OR,Odisha,101,IN,India,22.26675000,86.17385000,Q2726074
132626,Kuchinda,4013,OR,Odisha,101,IN,India,21.74356000,84.34848000,Q2241549
132871,Malkangiri,4013,OR,Odisha,101,IN,India,18.25000000,81.95000000,Q5122619
132954,Mayurbhanj,4013,OR,Odisha,101,IN,India,21.75000000,86.50000000,Q1914546
133104,Nabarangpur,4013,OR,Odisha,101,IN,India,19.23330000,82.55000000,Q2396798
133196,Nayagarh,4013,OR,Odisha,101,IN,India,20.12882000,85.09626000,Q586859
133195,"Nayagarh District",4013,OR,Odisha,101,IN,India,20.13000000,85.10000000,Q100067
133285,Nilgiri,4013,OR,Odisha,101,IN,India,21.46235000,86.76794000,Q2563320
133219,Nimaparha,4013,OR,Odisha,101,IN,India,20.05756000,86.00436000,Q15188
133245,Nowrangapur,4013,OR,Odisha,101,IN,India,19.23114000,82.54826000,Q2085319
133247,Nuapada,4013,OR,Odisha,101,IN,India,20.60000000,82.50000000,Q2738436
133312,Padampur,4013,OR,Odisha,101,IN,India,20.99932000,83.06325000,Q1297208
133370,"Paradip Garh",4013,OR,Odisha,101,IN,India,20.31641000,86.60850000,Q2726083
133393,Patamundai,4013,OR,Odisha,101,IN,India,20.57806000,86.56063000,Q2716570
133387,Patnagarh,4013,OR,Odisha,101,IN,India,20.70833000,83.13263000,Q2038554
133441,Phulbani,4013,OR,Odisha,101,IN,India,20.48101000,84.23063000,Q2296037
133453,Pipili,4013,OR,Odisha,101,IN,India,20.11357000,85.83147000,Q2471613
133467,Polasara,4013,OR,Odisha,101,IN,India,19.69386000,84.81401000,Q954271
133511,Puri,4013,OR,Odisha,101,IN,India,19.90000000,85.60000000,Q1817158
133513,Purushottampur,4013,OR,Odisha,101,IN,India,19.52024000,84.88514000,Q100082
133602,Rambha,4013,OR,Odisha,101,IN,India,19.51667000,85.10000000,Q3929858
133620,Raurkela,4013,OR,Odisha,101,IN,India,22.22496000,84.86414000,Q1012706
133622,Rayagada,4013,OR,Odisha,101,IN,India,19.40000000,83.50000000,Q2577997
133625,Remuna,4013,OR,Odisha,101,IN,India,21.52798000,86.87156000,Q2428731
133626,Rengali,4013,OR,Odisha,101,IN,India,21.64602000,84.05311000,Q2428731
133769,Sambalpur,4013,OR,Odisha,101,IN,India,21.40000000,83.88333000,Q1267306
133994,Sonepur,4013,OR,Odisha,101,IN,India,20.83333000,83.91667000,Q1026366
134002,Sorada,4013,OR,Odisha,101,IN,India,19.76082000,84.42997000,Q2545590
134004,Soro,4013,OR,Odisha,101,IN,India,21.27851000,86.68833000,Q3965109
134034,Subarnapur,4013,OR,Odisha,101,IN,India,20.93154000,83.82486000,Q1473957
134044,Sundargarh,4013,OR,Odisha,101,IN,India,22.25000000,84.50000000,Q2296047
134232,Talcher,4013,OR,Odisha,101,IN,India,20.94927000,85.23354000,Q2336339
134115,Tarabha,4013,OR,Odisha,101,IN,India,20.73252000,83.67443000,Q132295
134201,Titlagarh,4013,OR,Odisha,101,IN,India,20.28961000,83.15233000,Q1411490
134254,Udayagiri,4013,OR,Odisha,101,IN,India,20.12416000,84.36869000,Q988483
132715,Karaikal,4011,PY,Puducherry,101,IN,India,10.92209000,79.83353000,Q639264
132830,Mahe,4011,PY,Puducherry,101,IN,India,11.70000000,75.53333000,Q639279
133490,Puducherry,4011,PY,Puducherry,101,IN,India,11.93381000,79.82979000,Q639421
134425,Yanam,4011,PY,Puducherry,101,IN,India,16.73463000,82.21773000,Q2126598
57587,Abohar,4015,PB,Punjab,101,IN,India,30.14453000,74.19552000,Q490878
57592,Adampur,4015,PB,Punjab,101,IN,India,31.43224000,75.71484000,Q2350169
57612,Ajitgarh,4015,PB,Punjab,101,IN,India,30.65000000,76.70000000,Q2037672
57615,Ajnala,4015,PB,Punjab,101,IN,India,31.84473000,74.76295000,Q585651
57629,Akalgarh,4015,PB,Punjab,101,IN,India,29.82074000,75.89078000,Q585750
57651,Alawalpur,4015,PB,Punjab,101,IN,India,31.43161000,75.65614000,Q583873
57681,Amloh,4015,PB,Punjab,101,IN,India,30.60837000,76.23199000,Q582278
57686,Amritsar,4015,PB,Punjab,101,IN,India,31.67000000,74.84000000,Q202822
57697,"Anandpur Sahib",4015,PB,Punjab,101,IN,India,31.23926000,76.50253000,Q589664
57791,"Badhni Kalan",4015,PB,Punjab,101,IN,India,30.68130000,75.29087000,Q585375
58109,"Bagha Purana",4015,PB,Punjab,101,IN,India,30.68809000,75.09838000,Q625714
57819,Bakloh,4015,PB,Punjab,101,IN,India,32.47939000,75.91874000,Q622831
58118,Balachor,4015,PB,Punjab,101,IN,India,31.06062000,76.30166000,Q632799
57846,Banga,4015,PB,Punjab,101,IN,India,31.18874000,75.99495000,Q3634124
57859,Banur,4015,PB,Punjab,101,IN,India,30.55407000,76.71948000,Q622613
57882,Barnala,4015,PB,Punjab,101,IN,India,30.37451000,75.54870000,Q711996
57906,Batala,4015,PB,Punjab,101,IN,India,31.80921000,75.20294000,Q709254
57914,Begowal,4015,PB,Punjab,101,IN,India,31.61152000,75.52135000,Q760357
57950,Bhadaur,4015,PB,Punjab,101,IN,India,30.47651000,75.33049000,Q757840
57904,Bhatinda,4015,PB,Punjab,101,IN,India,30.20747000,74.93893000,Q33424787
57977,Bhawanigarh,4015,PB,Punjab,101,IN,India,30.26685000,76.03854000,Q760176
58018,Bhikhi,4015,PB,Punjab,101,IN,India,30.05918000,75.53500000,Q2546717
57990,Bhogpur,4015,PB,Punjab,101,IN,India,31.55442000,75.64271000,Q796770
143761,Bholath,4015,PB,Punjab,101,IN,India,31.54277778,75.50750000,Q26791353
58090,Budhlada,4015,PB,Punjab,101,IN,India,29.92799000,75.56205000,Q783187
131610,Chima,4015,PB,Punjab,101,IN,India,30.68540000,76.08643000,Q532883
131661,Dasuya,4015,PB,Punjab,101,IN,India,31.81679000,75.65310000,Q1190082
131696,"Dera Baba Nanak",4015,PB,Punjab,101,IN,India,32.03733000,75.02787000,Q1190222
143763,"Dera Bassi",4015,PB,Punjab,101,IN,India,30.58720000,76.84280000,Q1191548
131713,Dhanaula,4015,PB,Punjab,101,IN,India,30.28216000,75.57341000,Q1265949
131756,Dhariwal,4015,PB,Punjab,101,IN,India,31.95616000,75.32386000,Q2761749
131736,Dhilwan,4015,PB,Punjab,101,IN,India,31.51432000,75.34574000,Q1258759
143762,Dhudi,4015,PB,Punjab,101,IN,India,30.69636000,74.85246000,Q31788667
131760,Dhuri,4015,PB,Punjab,101,IN,India,30.36846000,75.86791000,Q1259563
131816,"Dina Nagar",4015,PB,Punjab,101,IN,India,32.13664000,75.47291000,Q1258159
131777,Dirba,4015,PB,Punjab,101,IN,India,30.07222000,75.99607000,Q1257699
131790,Doraha,4015,PB,Punjab,101,IN,India,30.79953000,76.02355000,Q1193432
131859,Faridkot,4015,PB,Punjab,101,IN,India,30.67399000,74.75579000,Q1780350
131865,"Fatehgarh Churian",4015,PB,Punjab,101,IN,India,31.86431000,74.95665000,Q1524046
131866,"Fatehgarh Sahib",4015,PB,Punjab,101,IN,India,30.64379000,76.34787000,Q1524046
131881,Fazilka,4015,PB,Punjab,101,IN,India,30.40207000,74.02836000,Q1525269
131875,Firozpur,4015,PB,Punjab,101,IN,India,30.92574000,74.61311000,Q652098
131877,"Firozpur District",4015,PB,Punjab,101,IN,India,30.89000000,74.56000000,Q172385
131918,Gardhiwala,4015,PB,Punjab,101,IN,India,31.74147000,75.75567000,Q1657028
131921,Garhshankar,4015,PB,Punjab,101,IN,India,31.21537000,76.14149000,Q1655903
131935,Ghanaur,4015,PB,Punjab,101,IN,India,30.33092000,76.61203000,Q1656935
131956,Giddarbaha,4015,PB,Punjab,101,IN,India,30.19953000,74.66627000,Q1708540
132031,Gurdaspur,4015,PB,Punjab,101,IN,India,31.92000000,75.27000000,Q146708
132037,"Guru Har Sahai",4015,PB,Punjab,101,IN,India,30.70862000,74.40407000,Q1706501
132136,Hajipur,4015,PB,Punjab,101,IN,India,31.97714000,75.75438000,Q1707355
132077,Hariana,4015,PB,Punjab,101,IN,India,31.63512000,75.83887000,Q1706366
132122,Hoshiarpur,4015,PB,Punjab,101,IN,India,31.53723000,75.91269000,Q928349
143764,Ishanpur,4015,PB,Punjab,101,IN,India,30.63929000,76.11761000,Q25623605
132192,Jagraon,4015,PB,Punjab,101,IN,India,30.78783000,75.47391000,Q2016667
132207,Jaito,4015,PB,Punjab,101,IN,India,30.45126000,74.89189000,Q547588
132223,Jalalabad,4015,PB,Punjab,101,IN,India,30.60622000,74.25727000,Q2016869
132211,Jalandhar,4015,PB,Punjab,101,IN,India,31.41667000,75.61667000,Q1817425
132236,Jandiala,4015,PB,Punjab,101,IN,India,31.15930000,75.61755000,Q532365
132237,"Jandiala Guru",4015,PB,Punjab,101,IN,India,31.56198000,75.02770000,Q3806985
132347,Kalanaur,4015,PB,Punjab,101,IN,India,32.01227000,75.15063000,Q2625405
132392,Kapurthala,4015,PB,Punjab,101,IN,India,31.38011000,75.38105000,Q781354
132408,Kartarpur,4015,PB,Punjab,101,IN,India,31.44268000,75.49847000,Q3813164
132465,Khamanon,4015,PB,Punjab,101,IN,India,30.81725000,76.35478000,Q542614
132469,Khanna,4015,PB,Punjab,101,IN,India,30.70547000,76.22196000,Q1101873
132472,Kharar,4015,PB,Punjab,101,IN,India,30.74632000,76.64689000,Q2120147
132491,Khemkaran,4015,PB,Punjab,101,IN,India,31.14443000,74.55938000,Q581774
132591,"Kot Isa Khan",4015,PB,Punjab,101,IN,India,30.94659000,75.13780000,Q6433178
132600,Kotkapura,4015,PB,Punjab,101,IN,India,30.58190000,74.83298000,Q2235570
132760,Laungowal,4015,PB,Punjab,101,IN,India,30.19393000,75.68089000,Q1948713
132785,Ludhiana,4015,PB,Punjab,101,IN,India,30.91204000,75.85379000,Q200123
133056,Machhiwara,4015,PB,Punjab,101,IN,India,30.91557000,76.20016000,Q2241537
132861,Majitha,4015,PB,Punjab,101,IN,India,31.75711000,74.95891000,Q584810
132862,Makhu,4015,PB,Punjab,101,IN,India,31.10335000,74.99631000,Q2444472
132867,Malaut,4015,PB,Punjab,101,IN,India,30.21121000,74.48180000,Q1030918
133066,Malerkotla,4015,PB,Punjab,101,IN,India,30.53090000,75.87949000,Q1470987
133082,Mansa,4015,PB,Punjab,101,IN,India,29.98844000,75.40167000,Q2573916
132948,"Maur Mandi",4015,PB,Punjab,101,IN,India,30.08333000,75.25000000,Q3852404
132979,Moga,4015,PB,Punjab,101,IN,India,30.80376000,75.14938000,Q1946896
132980,Mohali,4015,PB,Punjab,101,IN,India,30.67995000,76.72211000,Q1949069
132996,Morinda,4015,PB,Punjab,101,IN,India,30.79014000,76.49883000,Q1748062
133017,Mukerian,4015,PB,Punjab,101,IN,India,31.95394000,75.61716000,Q2442516
133250,Nabha,4015,PB,Punjab,101,IN,India,30.37577000,76.15292000,Q1023691
133128,Nakodar,4015,PB,Punjab,101,IN,India,31.12586000,75.47508000,Q2546657
133147,Nangal,4015,PB,Punjab,101,IN,India,31.38966000,76.37574000,Q2311518
133190,Nawanshahr,4015,PB,Punjab,101,IN,India,31.12450000,76.11613000,Q2233964
133291,Nurmahal,4015,PB,Punjab,101,IN,India,31.09662000,75.59386000,Q10938567
133293,"Nurpur Kalan",4015,PB,Punjab,101,IN,India,31.16667000,76.48333000,Q10938567
133382,Pathankot,4015,PB,Punjab,101,IN,India,32.27484000,75.65287000,Q1647167
133384,Patiala,4015,PB,Punjab,101,IN,India,30.33625000,76.39220000,Q208162
133390,Patti,4015,PB,Punjab,101,IN,India,31.28092000,74.85849000,Q942642
133431,Phagwara,4015,PB,Punjab,101,IN,India,31.22452000,75.77387000,Q338696
133439,Phillaur,4015,PB,Punjab,101,IN,India,31.01887000,75.79111000,Q2719352
133575,Qadian,4015,PB,Punjab,101,IN,India,31.82198000,75.37663000,Q1026436
133662,Rahon,4015,PB,Punjab,101,IN,India,31.05275000,76.11907000,Q2545885
133665,Raikot,4015,PB,Punjab,101,IN,India,30.65000000,75.60000000,Q2442782
133670,Rajasansi,4015,PB,Punjab,101,IN,India,31.72021000,74.80080000,Q387676
133681,Rajpura,4015,PB,Punjab,101,IN,India,30.47856000,76.59284000,Q2546585
133690,"Ram Das",4015,PB,Punjab,101,IN,India,31.96739000,74.90870000,Q2570708
133708,Rampura,4015,PB,Punjab,101,IN,India,30.25600000,75.24116000,Q3929948
133654,Rupnagar,4015,PB,Punjab,101,IN,India,31.04000000,76.52000000,Q1805059
133772,Samrala,4015,PB,Punjab,101,IN,India,30.83601000,76.19324000,Q2545261
133776,Sanaur,4015,PB,Punjab,101,IN,India,30.30182000,76.45786000,Q2545523
133785,Sangrur,4015,PB,Punjab,101,IN,India,30.24506000,75.84488000,Q2441398
133804,Sardulgarh,4015,PB,Punjab,101,IN,India,29.69224000,75.23608000,Q2546476
133854,"Shahid Bhagat Singh Nagar",4015,PB,Punjab,101,IN,India,31.13183000,76.13328000,Q202710
133897,Shahkot,4015,PB,Punjab,101,IN,India,31.08173000,75.33708000,Q2545272
133911,"Sham Churasi",4015,PB,Punjab,101,IN,India,31.50028000,75.74917000,Q2449803
133955,Sirhind-Fategarh,4015,PB,Punjab,101,IN,India,30.64321000,76.38421000,Q2672955
133019,"Sri Muktsar Sahib",4015,PB,Punjab,101,IN,India,30.47426000,74.51660000,Q2087676
134037,"Sultanpur Lodhi",4015,PB,Punjab,101,IN,India,31.21468000,75.19602000,Q2545249
134048,Sunam,4015,PB,Punjab,101,IN,India,30.12883000,75.79943000,Q512825
134105,"Talwandi Bhai",4015,PB,Punjab,101,IN,India,30.85584000,74.92979000,Q2568358
134106,Talwara,4015,PB,Punjab,101,IN,India,31.93760000,75.88657000,Q2465707
134118,"Tarn Taran Sahib",4015,PB,Punjab,101,IN,India,31.45191000,74.92777000,Q2341728
134443,Zira,4015,PB,Punjab,101,IN,India,30.96853000,74.99106000,Q2201222
57584,Abhaneri,4014,RJ,Rajasthan,101,IN,India,27.00743000,76.60760000,Q4667324
134449,Abu,4014,RJ,Rajasthan,101,IN,India,24.59365000,72.71756000,Q695221
134450,"Abu Road",4014,RJ,Rajasthan,101,IN,India,24.48012000,72.78186000,Q490659
57614,Ajmer,4014,RJ,Rajasthan,101,IN,India,26.25000000,74.66667000,Q413037
57625,Aklera,4014,RJ,Rajasthan,101,IN,India,24.41288000,76.56719000,Q587185
57649,Alwar,4014,RJ,Rajasthan,101,IN,India,27.50000000,76.50000000,Q449690
57676,Amet,4014,RJ,Rajasthan,101,IN,India,25.30609000,73.92580000,Q583756
57717,Anta,4014,RJ,Rajasthan,101,IN,India,25.15000000,76.30000000,Q585798
57722,Anupgarh,4014,RJ,Rajasthan,101,IN,India,29.19111000,73.20861000,Q583742
134466,Asind,4014,RJ,Rajasthan,101,IN,India,25.73420000,74.33278000,Q589902
57798,Bagar,4014,RJ,Rajasthan,101,IN,India,28.18784000,75.50012000,Q1910231
57822,Bakani,4014,RJ,Rajasthan,101,IN,India,24.28624000,76.23709000,Q638714
58115,Bali,4014,RJ,Rajasthan,101,IN,India,25.19725000,73.29117000,Q632862
58116,Balotra,4014,RJ,Rajasthan,101,IN,India,25.83242000,72.24000000,Q638695
58125,Bandikui,4014,RJ,Rajasthan,101,IN,India,27.05087000,76.57325000,Q629203
58134,Banswara,4014,RJ,Rajasthan,101,IN,India,23.54109000,74.44250000,Q633308
57863,Baran,4014,RJ,Rajasthan,101,IN,India,25.09000000,76.66000000,Q808140
58142,Bari,4014,RJ,Rajasthan,101,IN,India,26.64661000,77.61634000,Q707848
57874,"Bari Sadri",4014,RJ,Rajasthan,101,IN,India,24.41339000,74.47331000,Q712396
58143,Barmer,4014,RJ,Rajasthan,101,IN,India,25.75000000,71.50000000,Q42016
57895,Basi,4014,RJ,Rajasthan,101,IN,India,26.83150000,76.04856000,Q627748
57899,Basni,4014,RJ,Rajasthan,101,IN,India,27.17232000,73.64519000,Q708834
57903,Baswa,4014,RJ,Rajasthan,101,IN,India,27.14955000,76.58345000,Q2574579
57910,Bayana,4014,RJ,Rajasthan,101,IN,India,26.90791000,77.28985000,Q760257
57946,Beawar,4014,RJ,Rajasthan,101,IN,India,26.10119000,74.32028000,Q757855
57917,Begun,4014,RJ,Rajasthan,101,IN,India,24.98333000,75.00000000,Q759147
57919,Behror,4014,RJ,Rajasthan,101,IN,India,27.88832000,76.28108000,Q760169
58008,Bhadasar,4014,RJ,Rajasthan,101,IN,India,28.31457000,74.28952000,Q777668
58007,Bhadra,4014,RJ,Rajasthan,101,IN,India,29.10298000,75.17138000,Q777668
57964,Bharatpur,4014,RJ,Rajasthan,101,IN,India,27.21000000,77.29000000,Q854846
57968,Bhasawar,4014,RJ,Rajasthan,101,IN,India,27.03895000,77.04849000,Q26791337
58019,Bhilwara,4014,RJ,Rajasthan,101,IN,India,25.50000000,74.75000000,Q41991
57983,Bhindar,4014,RJ,Rajasthan,101,IN,India,24.50235000,74.18551000,Q2341700
58023,Bhinmal,4014,RJ,Rajasthan,101,IN,India,24.99944000,72.27141000,Q797437
57986,Bhiwadi,4014,RJ,Rajasthan,101,IN,India,28.21024000,76.86056000,Q796761
58004,Bhuma,4014,RJ,Rajasthan,101,IN,India,27.78333000,74.93333000,Q4902137
58156,Bikaner,4014,RJ,Rajasthan,101,IN,India,28.01762000,73.31495000,Q200718
58051,Bilara,4014,RJ,Rajasthan,101,IN,India,26.18067000,73.70550000,Q796497
58067,Bissau,4014,RJ,Rajasthan,101,IN,India,28.24737000,75.07666000,Q739697
58083,Borkhera,4014,RJ,Rajasthan,101,IN,India,25.52115000,75.64028000,Q4945504
58162,Bundi,4014,RJ,Rajasthan,101,IN,India,25.43855000,75.63735000,Q862612
58177,Chaksu,4014,RJ,Rajasthan,101,IN,India,26.60510000,75.94814000,Q861891
131513,Chechat,4014,RJ,Rajasthan,101,IN,India,24.76667000,75.88333000,Q885611
131527,Chhabra,4014,RJ,Rajasthan,101,IN,India,24.66472000,76.84379000,Q888797
131539,Chhapar,4014,RJ,Rajasthan,101,IN,India,27.81900000,74.43936000,Q888928
131536,"Chhoti Sadri",4014,RJ,Rajasthan,101,IN,India,24.38145000,74.70120000,Q986875
131546,Chidawa,4014,RJ,Rajasthan,101,IN,India,28.23937000,75.64035000,Q1190810
131574,Chittaurgarh,4014,RJ,Rajasthan,101,IN,India,24.50000000,74.50000000,Q1075011
131614,Churu,4014,RJ,Rajasthan,101,IN,India,28.30415000,74.96718000,Q1192416
131655,Dariba,4014,RJ,Rajasthan,101,IN,India,24.94865000,74.13420000,Q1192796
131669,Dausa,4014,RJ,Rajasthan,101,IN,India,26.88269000,76.57053000,Q1173042
131685,Deoli,4014,RJ,Rajasthan,101,IN,India,25.75728000,75.37991000,Q3299159
131697,Deshnoke,4014,RJ,Rajasthan,101,IN,India,27.79836000,73.34297000,Q1190784
131706,Devgarh,4014,RJ,Rajasthan,101,IN,India,25.52533000,73.90812000,Q1007981
131730,Dhaulpur,4014,RJ,Rajasthan,101,IN,India,26.71183000,77.73956000,Q1207709
131813,Didwana,4014,RJ,Rajasthan,101,IN,India,27.40096000,74.57537000,Q1264589
131814,Dig,4014,RJ,Rajasthan,101,IN,India,27.47188000,77.32564000,Q1192807
131819,Dungarpur,4014,RJ,Rajasthan,101,IN,India,23.84306000,73.71466000,Q741991
131867,Fatehpur,4014,RJ,Rajasthan,101,IN,India,27.99486000,74.95628000,Q2720811
131896,Galiakot,4014,RJ,Rajasthan,101,IN,India,23.51995000,74.02028000,Q1656995
131908,Ganganagar,4014,RJ,Rajasthan,101,IN,India,29.92009000,73.87496000,Q490883
131909,Gangapur,4014,RJ,Rajasthan,101,IN,India,26.47249000,76.71744000,Q12422879
132003,Govindgarh,4014,RJ,Rajasthan,101,IN,India,27.50423000,76.99938000,Q2228620
132018,Gulabpura,4014,RJ,Rajasthan,101,IN,India,25.90448000,74.66025000,Q1709684
132066,Hanumangarh,4014,RJ,Rajasthan,101,IN,India,29.11000000,74.60000000,Q2777153
132097,Hindaun,4014,RJ,Rajasthan,101,IN,India,26.73411000,77.03519000,Q1709662
132199,Jahazpur,4014,RJ,Rajasthan,101,IN,India,25.61994000,75.27609000,Q2007612
132201,Jaipur,4014,RJ,Rajasthan,101,IN,India,27.00000000,76.00000000,Q1134781
132203,Jaisalmer,4014,RJ,Rajasthan,101,IN,India,26.99382000,71.00889000,Q1419708
132208,Jaitaran,4014,RJ,Rajasthan,101,IN,India,26.20446000,73.93676000,Q2007146
132217,Jalor,4014,RJ,Rajasthan,101,IN,India,25.34558000,72.61559000,Q1804863
132218,Jalore,4014,RJ,Rajasthan,101,IN,India,25.08000000,72.29000000,Q1804863
132278,Jhalawar,4014,RJ,Rajasthan,101,IN,India,24.59633000,76.16499000,Q538013
132276,Jhalrapatan,4014,RJ,Rajasthan,101,IN,India,24.54205000,76.17242000,Q925884
132273,Jhunjhunun,4014,RJ,Rajasthan,101,IN,India,28.12559000,75.39797000,Q1006350
132284,Jobner,4014,RJ,Rajasthan,101,IN,India,26.97257000,75.38752000,Q2442024
132286,Jodhpur,4014,RJ,Rajasthan,101,IN,India,26.75000000,72.75000000,Q1434965
132692,Kaman,4014,RJ,Rajasthan,101,IN,India,27.65791000,77.26908000,Q8104138
132709,Kanor,4014,RJ,Rajasthan,101,IN,India,24.43437000,74.26546000,Q1928835
132713,Kapren,4014,RJ,Rajasthan,101,IN,India,25.40529000,76.07431000,Q2725679
132395,Karanpur,4014,RJ,Rajasthan,101,IN,India,29.84042000,73.45519000,Q2441948
132396,Karauli,4014,RJ,Rajasthan,101,IN,India,26.58000000,77.10000000,Q1419668
132438,Kekri,4014,RJ,Rajasthan,101,IN,India,25.97132000,75.14992000,Q2138432
132447,"Keshorai Patan",4014,RJ,Rajasthan,101,IN,India,25.29275000,75.93948000,Q599414
132466,Khandela,4014,RJ,Rajasthan,101,IN,India,27.60499000,75.50200000,Q2120436
132515,Khanpur,4014,RJ,Rajasthan,101,IN,India,24.73241000,76.39601000,Q3418055
132496,Khetri,4014,RJ,Rajasthan,101,IN,India,28.00069000,75.78644000,Q2234697
132530,Kishangarh,4014,RJ,Rajasthan,101,IN,India,26.59006000,74.85397000,Q927794
132593,Kota,4014,RJ,Rajasthan,101,IN,India,25.17512000,75.84412000,Q999432
132604,Kotputli,4014,RJ,Rajasthan,101,IN,India,27.70207000,76.19911000,Q2241196
132627,Kuchaman,4014,RJ,Rajasthan,101,IN,India,27.14745000,74.85655000,Q2241549
132625,Kuchera,4014,RJ,Rajasthan,101,IN,India,26.98747000,73.97108000,Q2232971
132738,Kumher,4014,RJ,Rajasthan,101,IN,India,27.31657000,77.37079000,Q1791992
132667,Kushalgarh,4014,RJ,Rajasthan,101,IN,India,23.19899000,74.45074000,Q2234705
132739,"Lachhmangarh Sikar",4014,RJ,Rajasthan,101,IN,India,27.82294000,75.02754000,Q2237414
132788,Ladnun,4014,RJ,Rajasthan,101,IN,India,27.65312000,74.39993000,Q1947352
132792,Lakheri,4014,RJ,Rajasthan,101,IN,India,25.67237000,76.17692000,Q2234659
132798,Lalsot,4014,RJ,Rajasthan,101,IN,India,26.55951000,76.32915000,Q2229760
132778,Losal,4014,RJ,Rajasthan,101,IN,India,27.40000000,74.91667000,Q2233448
132843,Mahwah,4014,RJ,Rajasthan,101,IN,India,27.04594000,76.93152000,Q2234118
132863,Makrana,4014,RJ,Rajasthan,101,IN,India,27.04361000,74.72445000,Q2650203
133069,Malpura,4014,RJ,Rajasthan,101,IN,India,26.28380000,75.36458000,Q2544554
133072,Mandal,4014,RJ,Rajasthan,101,IN,India,25.44126000,74.56979000,Q775609
133074,Mandalgarh,4014,RJ,Rajasthan,101,IN,India,25.19407000,75.07215000,Q2442085
132900,Mandawar,4014,RJ,Rajasthan,101,IN,India,27.86374000,76.54999000,Q2441875
133078,Mangrol,4014,RJ,Rajasthan,101,IN,India,25.33061000,76.50973000,Q674716
132921,"Manohar Thana",4014,RJ,Rajasthan,101,IN,India,24.24000000,76.80182000,Q931999
132922,Manoharpur,4014,RJ,Rajasthan,101,IN,India,27.29769000,75.94950000,Q931999
132959,"Meethari Marwar",4014,RJ,Rajasthan,101,IN,India,27.57615000,74.68661000,Q1764627
132967,Merta,4014,RJ,Rajasthan,101,IN,India,26.64859000,74.03414000,Q2544240
133102,Mundwa,4014,RJ,Rajasthan,101,IN,India,27.06310000,73.82304000,Q2544352
133252,Nadbai,4014,RJ,Rajasthan,101,IN,India,27.22288000,77.19569000,Q2725552
133112,Nagar,4014,RJ,Rajasthan,101,IN,India,27.42397000,77.09922000,Q1925183
133256,Nagaur,4014,RJ,Rajasthan,101,IN,India,27.20201000,73.73394000,Q2299130
133125,Nainwa,4014,RJ,Rajasthan,101,IN,India,25.77145000,75.84978000,Q2544256
133153,Napasar,4014,RJ,Rajasthan,101,IN,India,27.96059000,73.55913000,Q632960
133154,Naraina,4014,RJ,Rajasthan,101,IN,India,26.79069000,75.20608000,Q632960
133180,Nasirabad,4014,RJ,Rajasthan,101,IN,India,26.30473000,74.73364000,Q3870501
133280,Nathdwara,4014,RJ,Rajasthan,101,IN,India,24.93805000,73.82392000,Q2281634
133282,Nawa,4014,RJ,Rajasthan,101,IN,India,27.01950000,75.00226000,Q3873467
133189,Nawalgarh,4014,RJ,Rajasthan,101,IN,India,27.85161000,75.27384000,Q2233964
133201,"Neem ka Thana",4014,RJ,Rajasthan,101,IN,India,27.73976000,75.78652000,Q12435937
133289,Nimaj,4014,RJ,Rajasthan,101,IN,India,26.14995000,74.00094000,Q7037551
133288,Nimbahera,4014,RJ,Rajasthan,101,IN,India,24.62166000,74.67999000,Q2441995
133224,Niwai,4014,RJ,Rajasthan,101,IN,India,26.36073000,75.91836000,Q2544247
133229,Nohar,4014,RJ,Rajasthan,101,IN,India,29.18292000,74.77064000,Q2544415
133231,Nokha,4014,RJ,Rajasthan,101,IN,India,27.56155000,73.47141000,Q1749714
133311,Padampur,4014,RJ,Rajasthan,101,IN,India,29.70885000,73.62539000,Q1297208
133529,Pali,4014,RJ,Rajasthan,101,IN,India,25.77276000,73.32335000,Q6634626
133366,Partapur,4014,RJ,Rajasthan,101,IN,India,23.59276000,74.17396000,Q2228748
133368,Parvatsar,4014,RJ,Rajasthan,101,IN,India,26.88604000,74.76602000,Q2718760
133433,Phalodi,4014,RJ,Rajasthan,101,IN,India,27.13102000,72.36826000,Q2718721
133442,Phulera,4014,RJ,Rajasthan,101,IN,India,26.87401000,75.24171000,Q2718672
133448,Pilani,4014,RJ,Rajasthan,101,IN,India,28.36725000,75.60352000,Q1936947
133446,Pilibangan,4014,RJ,Rajasthan,101,IN,India,29.44964000,74.10093000,Q2718833
133450,Pindwara,4014,RJ,Rajasthan,101,IN,India,24.79749000,73.05505000,Q2718702
133565,Pipar,4014,RJ,Rajasthan,101,IN,India,26.38441000,73.54394000,Q2980705
133460,Pirawa,4014,RJ,Rajasthan,101,IN,India,24.15506000,76.02728000,Q2228786
133466,Pokaran,4014,RJ,Rajasthan,101,IN,India,26.92007000,71.91631000,Q2563530
133486,Pratapgarh,4014,RJ,Rajasthan,101,IN,India,24.03000000,74.78000000,Q1585433
133516,Pushkar,4014,RJ,Rajasthan,101,IN,India,26.49022000,74.55211000,Q749170
133589,Raipur,4014,RJ,Rajasthan,101,IN,India,26.04259000,74.02373000,Q2286310
133667,Raisinghnagar,4014,RJ,Rajasthan,101,IN,India,29.53583000,73.44917000,Q2551329
133686,Rajakhera,4014,RJ,Rajasthan,101,IN,India,26.89802000,78.17100000,Q2718772
133672,Rajaldesar,4014,RJ,Rajasthan,101,IN,India,28.02849000,74.47442000,Q931170
133674,Rajgarh,4014,RJ,Rajasthan,101,IN,India,27.23731000,76.62243000,Q3813222
133596,Rajsamand,4014,RJ,Rajasthan,101,IN,India,25.23822000,73.93503000,Q596693
133695,"Ramganj Mandi",4014,RJ,Rajasthan,101,IN,India,24.64648000,75.94325000,Q2718708
133696,Ramgarh,4014,RJ,Rajasthan,101,IN,India,27.25097000,75.17893000,Q2119813
133714,Rani,4014,RJ,Rajasthan,101,IN,India,25.35031000,73.30885000,Q1936774
133614,Ratangarh,4014,RJ,Rajasthan,101,IN,India,28.08137000,74.61854000,Q3930456
133725,Rawatbhata,4014,RJ,Rajasthan,101,IN,India,24.92981000,75.59209000,Q2554975
133726,Rawatsar,4014,RJ,Rajasthan,101,IN,India,29.26724000,74.40288000,Q667224
133736,Ringas,4014,RJ,Rajasthan,101,IN,India,27.36360000,75.56838000,Q2718839
134058,Sadri,4014,RJ,Rajasthan,101,IN,India,25.18555000,73.45288000,Q2551307
134064,Salumbar,4014,RJ,Rajasthan,101,IN,India,24.13524000,74.04442000,Q2544199
134068,Sambhar,4014,RJ,Rajasthan,101,IN,India,26.90806000,75.19137000,Q1925370
133771,Samdari,4014,RJ,Rajasthan,101,IN,India,25.81299000,72.57879000,Q7409136
134071,Sanchor,4014,RJ,Rajasthan,101,IN,India,24.75361000,71.77280000,Q2228906
133781,Sangaria,4014,RJ,Rajasthan,101,IN,India,29.79886000,74.46683000,Q1320932
133783,Sangod,4014,RJ,Rajasthan,101,IN,India,24.92707000,76.28649000,Q2718817
133805,Sardarshahr,4014,RJ,Rajasthan,101,IN,India,28.44062000,74.49100000,Q2546476
133810,Sarwar,4014,RJ,Rajasthan,101,IN,India,26.06272000,75.01104000,Q2544188
133832,"Sawai Madhopur",4014,RJ,Rajasthan,101,IN,India,26.02301000,76.34408000,Q946827
133903,Shahpura,4014,RJ,Rajasthan,101,IN,India,25.62094000,74.92487000,Q3959004
133859,Sheoganj,4014,RJ,Rajasthan,101,IN,India,25.13915000,73.06784000,Q2228878
134086,Sikar,4014,RJ,Rajasthan,101,IN,India,27.61206000,75.13996000,Q33334
133958,Sirohi,4014,RJ,Rajasthan,101,IN,India,24.83333000,72.75000000,Q205719
133978,Siwana,4014,RJ,Rajasthan,101,IN,India,25.65154000,72.42243000,Q7532533
133983,Sojat,4014,RJ,Rajasthan,101,IN,India,25.92493000,73.66633000,Q2726340
134017,"Sri Dungargarh",4014,RJ,Rajasthan,101,IN,India,28.09617000,74.00868000,Q1525583
134018,"Sri Madhopur",4014,RJ,Rajasthan,101,IN,India,27.46599000,75.59736000,Q967961
134092,Sujangarh,4014,RJ,Rajasthan,101,IN,India,27.70000000,74.46667000,Q2248468
134036,Suket,4014,RJ,Rajasthan,101,IN,India,24.64609000,76.04170000,Q2718626
134046,Sunel,4014,RJ,Rajasthan,101,IN,India,24.37065000,75.95708000,Q7639941
134094,Surajgarh,4014,RJ,Rajasthan,101,IN,India,28.31005000,75.73271000,Q1818140
134097,Suratgarh,4014,RJ,Rajasthan,101,IN,India,29.32150000,73.89979000,Q2566526
134098,Takhatgarh,4014,RJ,Rajasthan,101,IN,India,25.32235000,73.00487000,Q2720802
134240,Taranagar,4014,RJ,Rajasthan,101,IN,India,28.66860000,75.03207000,Q2248494
134169,Tijara,4014,RJ,Rajasthan,101,IN,India,27.93411000,76.85541000,Q2719176
134204,Todabhim,4014,RJ,Rajasthan,101,IN,India,26.91667000,76.81667000,Q2719210
134205,Todaraisingh,4014,RJ,Rajasthan,101,IN,India,26.02401000,75.48182000,Q2719131
134208,Tonk,4014,RJ,Rajasthan,101,IN,India,26.16667000,75.58333000,Q915880
134250,Udaipur,4014,RJ,Rajasthan,101,IN,India,24.33000000,73.77000000,Q1321577
134258,Udpura,4014,RJ,Rajasthan,101,IN,India,24.73355000,75.97514000,Q2718780
134283,Uniara,4014,RJ,Rajasthan,101,IN,India,26.15336000,75.21523000,Q2546487
134403,Wer,4014,RJ,Rajasthan,101,IN,India,27.01860000,77.17636000,Q1749236
131822,"East District",4034,SK,Sikkim,101,IN,India,27.33333000,88.66667000,Q1772832
131905,Gangtok,4034,SK,Sikkim,101,IN,India,27.32574000,88.61216000,Q186141
132041,Gyalshing,4034,SK,Sikkim,101,IN,India,27.28952000,88.25764000,Q1707638
132293,Jorethang,4034,SK,Sikkim,101,IN,India,27.10696000,88.32332000,Q2342106
132906,Mangan,4034,SK,Sikkim,101,IN,India,27.50965000,88.52206000,Q2308307
133137,Namchi,4034,SK,Sikkim,101,IN,India,27.16494000,88.36380000,Q2483862
133194,"Naya Bazar",4034,SK,Sikkim,101,IN,India,27.13082000,88.23972000,Q100067
133235,"North District",4034,SK,Sikkim,101,IN,India,27.66667000,88.50000000,Q693367
133609,Rangpo,4034,SK,Sikkim,101,IN,India,27.17733000,88.53358000,Q2726240
133949,Singtam,4034,SK,Sikkim,101,IN,India,27.23467000,88.50168000,Q255780
134008,"South District",4034,SK,Sikkim,101,IN,India,27.33333000,88.41667000,Q2061938
134405,"West District",4034,SK,Sikkim,101,IN,India,27.33333000,88.25000000,Q549807
57586,Abiramam,4035,TN,"Tamil Nadu",101,IN,India,9.44230000,78.43990000,Q490715
57594,Adirampattinam,4035,TN,"Tamil Nadu",101,IN,India,10.34059000,79.37905000,Q490694
57595,Aduthurai,4035,TN,"Tamil Nadu",101,IN,India,11.01542000,79.48093000,Q490694
57630,Alagapuram,4035,TN,"Tamil Nadu",101,IN,India,11.88705000,78.91758000,Q585750
57634,Alandur,4035,TN,"Tamil Nadu",101,IN,India,13.00250000,80.20611000,Q584845
57635,Alanganallur,4035,TN,"Tamil Nadu",101,IN,India,10.04697000,78.09033000,Q582312
57636,Alangayam,4035,TN,"Tamil Nadu",101,IN,India,12.62235000,78.75207000,Q590029
134455,Alangudi,4035,TN,"Tamil Nadu",101,IN,India,10.36060000,78.98492000,Q589741
134456,Alangulam,4035,TN,"Tamil Nadu",101,IN,India,8.86404000,77.49937000,Q584054
134457,Alappakkam,4035,TN,"Tamil Nadu",101,IN,India,11.59895000,79.71893000,Q584054
57648,"Alwa Tirunagari",4035,TN,"Tamil Nadu",101,IN,India,8.60635000,77.93983000,Q588793
57667,Ambasamudram,4035,TN,"Tamil Nadu",101,IN,India,8.71068000,77.45190000,Q585696
57668,Ambattur,4035,TN,"Tamil Nadu",101,IN,India,13.09818000,80.16152000,Q456737
57671,Ambur,4035,TN,"Tamil Nadu",101,IN,India,12.79163000,78.71644000,Q584854
57682,Ammapettai,4035,TN,"Tamil Nadu",101,IN,India,10.79476000,79.31986000,Q653744
57694,Anamalais,4035,TN,"Tamil Nadu",101,IN,India,10.58303000,76.93441000,Q584411
134460,Andippatti,4035,TN,"Tamil Nadu",101,IN,India,9.99797000,77.62097000,Q367624
57715,Annamalainagar,4035,TN,"Tamil Nadu",101,IN,India,11.40000000,79.73333000,Q585798
57712,Annavasal,4035,TN,"Tamil Nadu",101,IN,India,10.46060000,78.70029000,Q589776
57714,Annur,4035,TN,"Tamil Nadu",101,IN,India,11.23616000,77.10514000,Q585798
57718,Anthiyur,4035,TN,"Tamil Nadu",101,IN,India,11.57506000,77.59043000,Q585742
57726,Arakkonam,4035,TN,"Tamil Nadu",101,IN,India,13.08449000,79.67053000,Q584823
57729,Arantangi,4035,TN,"Tamil Nadu",101,IN,India,10.17235000,78.99118000,Q589854
57731,Arcot,4035,TN,"Tamil Nadu",101,IN,India,12.90569000,79.31897000,Q589185
57732,Arimalam,4035,TN,"Tamil Nadu",101,IN,India,10.25498000,78.88403000,Q582338
57733,Ariyalur,4035,TN,"Tamil Nadu",101,IN,India,11.15000000,79.25000000,Q15112
57737,Arni,4035,TN,"Tamil Nadu",101,IN,India,12.66771000,79.28529000,Q581497
57743,Arumbavur,4035,TN,"Tamil Nadu",101,IN,India,11.38096000,78.72965000,Q585033
57744,Arumuganeri,4035,TN,"Tamil Nadu",101,IN,India,8.56880000,78.09091000,Q582527
57745,Aruppukkottai,4035,TN,"Tamil Nadu",101,IN,India,9.50960000,78.09588000,Q584327
57746,Aruvankad,4035,TN,"Tamil Nadu",101,IN,India,11.36315000,76.75790000,Q584458
134468,Attayyampatti,4035,TN,"Tamil Nadu",101,IN,India,11.53272000,78.05363000,Q585898
57763,Attur,4035,TN,"Tamil Nadu",101,IN,India,11.59414000,78.60143000,Q282637
57767,Auroville,4035,TN,"Tamil Nadu",101,IN,India,12.00549000,79.80885000,Q590361
134469,Avadi,4035,TN,"Tamil Nadu",101,IN,India,13.11470000,80.10981000,Q584494
57773,Avinashi,4035,TN,"Tamil Nadu",101,IN,India,11.19297000,77.26865000,Q278847
57775,Ayakudi,4035,TN,"Tamil Nadu",101,IN,India,10.44992000,77.55198000,Q589926
57776,Ayyampettai,4035,TN,"Tamil Nadu",101,IN,India,10.90141000,79.17984000,Q3631399
57929,Belur,4035,TN,"Tamil Nadu",101,IN,India,11.70752000,78.41437000,Q721485
57973,Bhavani,4035,TN,"Tamil Nadu",101,IN,India,11.44553000,77.68215000,Q1749241
58072,Bodinayakkanur,4035,TN,"Tamil Nadu",101,IN,India,10.01171000,77.34976000,Q859153
131515,Chengam,4035,TN,"Tamil Nadu",101,IN,India,12.30889000,78.79137000,Q888598
131517,Chennai,4035,TN,"Tamil Nadu",101,IN,India,13.08784000,80.27847000,Q1352
131518,Chennimalai,4035,TN,"Tamil Nadu",101,IN,India,11.16378000,77.60388000,Q888377
131522,Chetput,4035,TN,"Tamil Nadu",101,IN,India,13.07000000,80.24083000,Q888665
131523,Chettipalaiyam,4035,TN,"Tamil Nadu",101,IN,India,10.91248000,77.03699000,Q2443984
131525,Cheyyar,4035,TN,"Tamil Nadu",101,IN,India,12.66052000,79.54308000,Q5094634
131526,Cheyyur,4035,TN,"Tamil Nadu",101,IN,India,12.34948000,80.00304000,Q5308120
131545,Chidambaram,4035,TN,"Tamil Nadu",101,IN,India,11.39933000,79.69144000,Q1104151
131561,Chingleput,4035,TN,"Tamil Nadu",101,IN,India,12.69184000,79.97661000,Q888769
131562,"Chinna Salem",4035,TN,"Tamil Nadu",101,IN,India,11.63422000,78.87412000,Q130577
131564,Chinnamanur,4035,TN,"Tamil Nadu",101,IN,India,9.83999000,77.38109000,Q1104025
131565,Chinnasekkadu,4035,TN,"Tamil Nadu",101,IN,India,13.16089000,80.25727000,Q1103998
131578,Cholapuram,4035,TN,"Tamil Nadu",101,IN,India,9.35193000,77.56839000,Q1190702
131618,Coimbatore,4035,TN,"Tamil Nadu",101,IN,India,10.80000000,77.09000000,Q15136
131619,Colachel,4035,TN,"Tamil Nadu",101,IN,India,8.17938000,77.25818000,Q727731
131626,Cuddalore,4035,TN,"Tamil Nadu",101,IN,India,11.52000000,79.51000000,Q15150
131629,Cumbum,4035,TN,"Tamil Nadu",101,IN,India,9.73647000,77.28470000,Q2282438
131681,Denkanikota,4035,TN,"Tamil Nadu",101,IN,India,12.53010000,77.78887000,Q1353
131698,Desur,4035,TN,"Tamil Nadu",101,IN,India,12.43727000,79.48145000,Q1190753
131699,Devadanappatti,4035,TN,"Tamil Nadu",101,IN,India,10.14673000,77.64390000,Q1260462
131700,Devakottai,4035,TN,"Tamil Nadu",101,IN,India,9.94704000,78.82330000,Q1260517
131711,Dhali,4035,TN,"Tamil Nadu",101,IN,India,10.51049000,77.18806000,Q2554844
131723,Dharapuram,4035,TN,"Tamil Nadu",101,IN,India,10.73828000,77.53223000,Q325951
131726,Dharmapuri,4035,TN,"Tamil Nadu",101,IN,India,12.12770000,78.15794000,Q9894
131774,Dindigul,4035,TN,"Tamil Nadu",101,IN,India,10.40000000,77.80000000,Q15154
131820,Dusi,4035,TN,"Tamil Nadu",101,IN,India,12.77574000,79.67892000,Q2541621
131834,Elayirampannai,4035,TN,"Tamil Nadu",101,IN,India,9.27033000,77.82494000,Q1525566
131833,Elumalai,4035,TN,"Tamil Nadu",101,IN,India,9.86501000,77.69923000,Q1525119
131837,Eral,4035,TN,"Tamil Nadu",101,IN,India,8.62584000,78.02282000,Q1525095
131839,Eraniel,4035,TN,"Tamil Nadu",101,IN,India,8.20589000,77.31726000,Q1525157
131841,Erode,4035,TN,"Tamil Nadu",101,IN,India,11.34000000,77.55000000,Q15155
131843,Erumaippatti,4035,TN,"Tamil Nadu",101,IN,India,11.14671000,78.28996000,Q720903
131847,Ettaiyapuram,4035,TN,"Tamil Nadu",101,IN,India,9.14405000,77.99066000,Q1773429
132045,"Gandhi Nagar",4035,TN,"Tamil Nadu",101,IN,India,13.00639000,80.25417000,Q1657026
131901,Gangaikondan,4035,TN,"Tamil Nadu",101,IN,India,8.85785000,77.78019000,Q1656451
131902,Gangavalli,4035,TN,"Tamil Nadu",101,IN,India,11.49828000,78.64966000,Q1656922
131957,Gingee,4035,TN,"Tamil Nadu",101,IN,India,12.25282000,79.41727000,Q1524976
131961,Gobichettipalayam,4035,TN,"Tamil Nadu",101,IN,India,11.45496000,77.44220000,Q254244
132008,Gudalur,4035,TN,"Tamil Nadu",101,IN,India,9.67826000,77.24951000,Q1708408
132011,Gudiyatham,4035,TN,"Tamil Nadu",101,IN,India,12.94601000,78.87377000,Q1707438
132050,Guduvancheri,4035,TN,"Tamil Nadu",101,IN,India,12.84519000,80.06055000,Q202132
132023,Gummidipundi,4035,TN,"Tamil Nadu",101,IN,India,13.40765000,80.10879000,Q12423923
132083,Harur,4035,TN,"Tamil Nadu",101,IN,India,12.05267000,78.48023000,Q1707447
132125,Hosur,4035,TN,"Tamil Nadu",101,IN,India,12.73647000,77.83264000,Q297967
132153,Idappadi,4035,TN,"Tamil Nadu",101,IN,India,11.58624000,77.83891000,Q9904
132159,Ilampillai,4035,TN,"Tamil Nadu",101,IN,India,11.60659000,78.00676000,Q1753768
132161,Iluppur,4035,TN,"Tamil Nadu",101,IN,India,10.51347000,78.62357000,Q1753729
132169,Injambakkam,4035,TN,"Tamil Nadu",101,IN,India,12.91620000,80.24880000,Q1753737
132172,Irugur,4035,TN,"Tamil Nadu",101,IN,India,11.01782000,77.06285000,Q1753744
132210,Jalakandapuram,4035,TN,"Tamil Nadu",101,IN,India,11.69779000,77.87298000,Q2008545
132225,Jalarpet,4035,TN,"Tamil Nadu",101,IN,India,12.57025000,78.57318000,Q2544386
132256,Jayamkondacholapuram,4035,TN,"Tamil Nadu",101,IN,India,11.21266000,79.36369000,Q2317504
132324,Kadambur,4035,TN,"Tamil Nadu",101,IN,India,8.99739000,77.86191000,Q2443947
132326,Kadayanallur,4035,TN,"Tamil Nadu",101,IN,India,9.07277000,77.34152000,Q2445990
132343,Kalakkadu,4035,TN,"Tamil Nadu",101,IN,India,8.51380000,77.54944000,Q2283418
132349,Kalavai,4035,TN,"Tamil Nadu",101,IN,India,12.77029000,79.41999000,Q2443833
132352,Kallakkurichchi,4035,TN,"Tamil Nadu",101,IN,India,11.74040000,78.95900000,Q2452207
132353,Kallidaikurichi,4035,TN,"Tamil Nadu",101,IN,India,8.68591000,77.46592000,Q2452207
132354,Kallupatti,4035,TN,"Tamil Nadu",101,IN,India,9.71667000,77.86667000,Q2452207
132357,Kalugumalai,4035,TN,"Tamil Nadu",101,IN,India,9.14941000,77.70569000,Q2443878
132367,Kamuthi,4035,TN,"Tamil Nadu",101,IN,India,9.40732000,78.37337000,Q2443802
132368,Kanadukattan,4035,TN,"Tamil Nadu",101,IN,India,10.17209000,78.77935000,Q981017
132369,Kancheepuram,4035,TN,"Tamil Nadu",101,IN,India,12.67000000,79.99000000,Q15157
132370,Kanchipuram,4035,TN,"Tamil Nadu",101,IN,India,12.83515000,79.70006000,Q212332
132373,Kangayam,4035,TN,"Tamil Nadu",101,IN,India,11.00599000,77.56090000,Q2564821
132380,Kanniyakumari,4035,TN,"Tamil Nadu",101,IN,India,8.32000000,77.34000000,Q15158
132714,Karaikkudi,4035,TN,"Tamil Nadu",101,IN,India,10.06615000,78.76784000,Q1023693
132716,Karamadai,4035,TN,"Tamil Nadu",101,IN,India,11.24058000,76.96009000,Q2308150
132393,Karambakkudi,4035,TN,"Tamil Nadu",101,IN,India,10.45866000,79.14101000,Q2443975
132401,Kariapatti,4035,TN,"Tamil Nadu",101,IN,India,9.67505000,78.09992000,Q2441061
132409,Karumbakkam,4035,TN,"Tamil Nadu",101,IN,India,12.70203000,80.09110000,Q3813164
132410,Karur,4035,TN,"Tamil Nadu",101,IN,India,10.95771000,78.08095000,Q817218
132726,Katpadi,4035,TN,"Tamil Nadu",101,IN,India,12.96951000,79.14552000,Q2445403
132429,Kattivakkam,4035,TN,"Tamil Nadu",101,IN,India,13.21667000,80.31667000,Q658886
132728,Kattupputtur,4035,TN,"Tamil Nadu",101,IN,India,10.99385000,78.21929000,Q2120741
132730,Kaveripatnam,4035,TN,"Tamil Nadu",101,IN,India,12.42186000,78.21880000,Q3535883
132435,Kayalpattinam,4035,TN,"Tamil Nadu",101,IN,India,8.57143000,78.11992000,Q603704
132436,Kayattar,4035,TN,"Tamil Nadu",101,IN,India,8.94834000,77.77424000,Q603704
132437,Keelakarai,4035,TN,"Tamil Nadu",101,IN,India,9.23183000,78.78545000,Q2135478
132439,Kelamangalam,4035,TN,"Tamil Nadu",101,IN,India,12.60307000,77.85193000,Q2125834
132732,"Kil Bhuvanagiri",4035,TN,"Tamil Nadu",101,IN,India,11.44216000,79.64763000,Q1320456
132522,Kilvelur,4035,TN,"Tamil Nadu",101,IN,India,10.76721000,79.74186000,Q2236200
132733,Kiranur,4035,TN,"Tamil Nadu",101,IN,India,10.56988000,78.78682000,Q1320456
132538,Kodaikanal,4035,TN,"Tamil Nadu",101,IN,India,10.23925000,77.48932000,Q253851
132544,Kodumudi,4035,TN,"Tamil Nadu",101,IN,India,11.07751000,77.88363000,Q2236709
132562,Kombai,4035,TN,"Tamil Nadu",101,IN,India,9.84745000,77.29603000,Q1930255
132568,Konganapuram,4035,TN,"Tamil Nadu",101,IN,India,11.57105000,77.90040000,Q2234048
132571,Koothanallur,4035,TN,"Tamil Nadu",101,IN,India,10.71990000,79.51570000,Q2235726
132576,Koradachcheri,4035,TN,"Tamil Nadu",101,IN,India,10.77019000,79.49158000,Q2233889
132577,Korampallam,4035,TN,"Tamil Nadu",101,IN,India,8.77506000,78.09158000,Q2233889
132594,Kotagiri,4035,TN,"Tamil Nadu",101,IN,India,11.42072000,76.86035000,Q279106
132607,Kottaiyur,4035,TN,"Tamil Nadu",101,IN,India,10.10956000,78.79560000,Q583767
132615,Kovilpatti,4035,TN,"Tamil Nadu",101,IN,India,9.17167000,77.86989000,Q2244024
132622,Krishnagiri,4035,TN,"Tamil Nadu",101,IN,India,12.58000000,77.96000000,Q15183
132632,Kulattur,4035,TN,"Tamil Nadu",101,IN,India,9.00320000,78.19280000,Q2241499
132634,Kulittalai,4035,TN,"Tamil Nadu",101,IN,India,10.93487000,78.41251000,Q2243995
132637,Kumaralingam,4035,TN,"Tamil Nadu",101,IN,India,10.48936000,77.34990000,Q1393339
132638,Kumbakonam,4035,TN,"Tamil Nadu",101,IN,India,10.96209000,79.39124000,Q913399
132651,Kunnattur,4035,TN,"Tamil Nadu",101,IN,India,12.34782000,78.51046000,Q2234522
132659,Kurinjippadi,4035,TN,"Tamil Nadu",101,IN,India,11.55028000,79.59066000,Q2242726
132672,Kuttalam,4035,TN,"Tamil Nadu",101,IN,India,8.93030000,77.26951000,Q2238993
132673,Kuzhithurai,4035,TN,"Tamil Nadu",101,IN,India,8.31792000,77.19192000,Q2230820
132754,Lalgudi,4035,TN,"Tamil Nadu",101,IN,India,10.87419000,78.81935000,Q2242627
132807,Madambakkam,4035,TN,"Tamil Nadu",101,IN,India,12.85250000,80.04667000,Q2230752
132818,Madipakkam,4035,TN,"Tamil Nadu",101,IN,India,12.96226000,80.19864000,Q2231394
132819,Madukkarai,4035,TN,"Tamil Nadu",101,IN,India,10.90568000,76.96344000,Q2236242
132820,Madukkur,4035,TN,"Tamil Nadu",101,IN,India,10.48098000,79.39939000,Q2236038
132821,Madurai,4035,TN,"Tamil Nadu",101,IN,India,9.89000000,78.03000000,Q15184
132822,Madurantakam,4035,TN,"Tamil Nadu",101,IN,India,12.51167000,79.88485000,Q2242785
132876,Mallapuram,4035,TN,"Tamil Nadu",101,IN,India,11.98231000,78.24796000,Q745078
132875,Mallasamudram,4035,TN,"Tamil Nadu",101,IN,India,11.49333000,78.03119000,Q745078
133067,Mallur,4035,TN,"Tamil Nadu",101,IN,India,11.54424000,78.14078000,Q2725565
132880,Manali,4035,TN,"Tamil Nadu",101,IN,India,13.16667000,80.26667000,Q986582
132881,Manalurpettai,4035,TN,"Tamil Nadu",101,IN,India,12.00788000,79.09184000,Q2540962
132882,Manamadurai,4035,TN,"Tamil Nadu",101,IN,India,9.67318000,78.47096000,Q2444092
132883,Manappakkam,4035,TN,"Tamil Nadu",101,IN,India,13.01083000,80.16861000,Q2444092
132884,Manapparai,4035,TN,"Tamil Nadu",101,IN,India,10.60772000,78.42582000,Q2554965
132885,Manavalakurichi,4035,TN,"Tamil Nadu",101,IN,India,8.14776000,77.30552000,Q2541643
132889,Mandapam,4035,TN,"Tamil Nadu",101,IN,India,9.27571000,79.12362000,Q2540938
132903,Mangalam,4035,TN,"Tamil Nadu",101,IN,India,9.76473000,78.64037000,Q2625490
132919,Mannargudi,4035,TN,"Tamil Nadu",101,IN,India,10.66626000,79.45064000,Q2673456
132932,Marakkanam,4035,TN,"Tamil Nadu",101,IN,India,12.19214000,79.94193000,Q2554778
133089,Marandahalli,4035,TN,"Tamil Nadu",101,IN,India,12.38826000,78.00316000,Q2540915
132939,Masinigudi,4035,TN,"Tamil Nadu",101,IN,India,11.56831000,76.64087000,Q2453418
133091,Mattur,4035,TN,"Tamil Nadu",101,IN,India,11.32147000,79.20245000,Q1155053
132952,Mayiladuthurai,4035,TN,"Tamil Nadu",101,IN,India,11.10354000,79.65500000,Q339986
132965,Melur,4035,TN,"Tamil Nadu",101,IN,India,10.03241000,78.33930000,Q2554919
132969,Mettuppalaiyam,4035,TN,"Tamil Nadu",101,IN,India,11.16806000,78.44944000,Q1321125
132970,Mettur,4035,TN,"Tamil Nadu",101,IN,India,11.78796000,77.80080000,Q2725572
133094,Minjur,4035,TN,"Tamil Nadu",101,IN,India,13.27951000,80.25815000,Q2554830
132982,Mohanur,4035,TN,"Tamil Nadu",101,IN,India,11.05936000,78.13965000,Q2540986
133013,Mudukulattur,4035,TN,"Tamil Nadu",101,IN,India,9.34169000,78.51388000,Q2546606
133100,Mulanur,4035,TN,"Tamil Nadu",101,IN,India,10.79426000,77.71150000,Q2541013
133045,Musiri,4035,TN,"Tamil Nadu",101,IN,India,10.95299000,78.44427000,Q2554808
133049,Muttupet,4035,TN,"Tamil Nadu",101,IN,India,10.39505000,79.49353000,Q2542407
133108,Naduvattam,4035,TN,"Tamil Nadu",101,IN,India,11.48075000,76.54365000,Q2554761
133111,Nagapattinam,4035,TN,"Tamil Nadu",101,IN,India,10.85000000,79.74000000,Q15185
133257,Nagercoil,4035,TN,"Tamil Nadu",101,IN,India,8.17899000,77.43227000,Q847606
133264,Namagiripettai,4035,TN,"Tamil Nadu",101,IN,India,11.45513000,78.26818000,Q2554940
133134,Namakkal,4035,TN,"Tamil Nadu",101,IN,India,11.30000000,78.13000000,Q15187
133135,Nambiyur,4035,TN,"Tamil Nadu",101,IN,India,11.35811000,77.32115000,Q943727
133136,Nambutalai,4035,TN,"Tamil Nadu",101,IN,India,9.72766000,79.00707000,Q943727
133140,Nandambakkam,4035,TN,"Tamil Nadu",101,IN,India,12.97795000,80.06781000,Q2542644
133148,Nangavalli,4035,TN,"Tamil Nadu",101,IN,India,11.76189000,77.89093000,Q2541538
133149,Nangilickondan,4035,TN,"Tamil Nadu",101,IN,India,12.25539000,79.47508000,Q2541538
133150,Nanguneri,4035,TN,"Tamil Nadu",101,IN,India,8.49326000,77.65806000,Q2542321
133152,Nannilam,4035,TN,"Tamil Nadu",101,IN,India,10.87933000,79.61062000,Q632960
133271,Naravarikuppam,4035,TN,"Tamil Nadu",101,IN,India,13.19133000,80.18473000,Q2554960
133181,Nattam,4035,TN,"Tamil Nadu",101,IN,India,10.22776000,78.22969000,Q3870501
133281,Nattarasankottai,4035,TN,"Tamil Nadu",101,IN,India,9.86905000,78.55305000,Q2541245
133199,Needamangalam,4035,TN,"Tamil Nadu",101,IN,India,10.77378000,79.41875000,Q2540773
133200,Neelankarai,4035,TN,"Tamil Nadu",101,IN,India,12.94950000,80.25920000,Q12435937
133203,Negapatam,4035,TN,"Tamil Nadu",101,IN,India,10.76377000,79.84313000,Q695585
133205,Nellikkuppam,4035,TN,"Tamil Nadu",101,IN,India,11.77554000,79.67016000,Q2541207
133216,Nilakottai,4035,TN,"Tamil Nadu",101,IN,India,10.16500000,77.85024000,Q2541224
133218,Nilgiris,4035,TN,"Tamil Nadu",101,IN,India,11.46000000,76.64000000,Q15188
133296,Odugattur,4035,TN,"Tamil Nadu",101,IN,India,12.76793000,78.88304000,Q2716972
133299,Omalur,4035,TN,"Tamil Nadu",101,IN,India,11.74099000,78.04559000,Q2726258
133301,Ooty,4035,TN,"Tamil Nadu",101,IN,India,11.41340000,76.69521000,Q9888
133314,Padmanabhapuram,4035,TN,"Tamil Nadu",101,IN,India,8.24462000,77.32581000,Q2575916
133522,Palakkodu,4035,TN,"Tamil Nadu",101,IN,India,12.30696000,78.07022000,Q2718151
133524,Palamedu,4035,TN,"Tamil Nadu",101,IN,India,10.10501000,78.11336000,Q2718076
133323,Palani,4035,TN,"Tamil Nadu",101,IN,India,10.45034000,77.52090000,Q1535742
133324,Palavakkam,4035,TN,"Tamil Nadu",101,IN,India,12.95350000,80.25720000,Q2718134
133327,Palladam,4035,TN,"Tamil Nadu",101,IN,India,10.99175000,77.28633000,Q278755
133328,Pallappatti,4035,TN,"Tamil Nadu",101,IN,India,10.72057000,77.87951000,Q1320784
133329,Pallattur,4035,TN,"Tamil Nadu",101,IN,India,10.14609000,78.80309000,Q1320784
133335,Pallavaram,4035,TN,"Tamil Nadu",101,IN,India,12.96796000,80.15025000,Q1752584
133332,Pallikondai,4035,TN,"Tamil Nadu",101,IN,India,12.90518000,78.94270000,Q282347
133333,Pallipattu,4035,TN,"Tamil Nadu",101,IN,India,13.33860000,79.44489000,Q282347
133334,Pallippatti,4035,TN,"Tamil Nadu",101,IN,India,11.93990000,78.40161000,Q282347
133352,Panruti,4035,TN,"Tamil Nadu",101,IN,India,11.77662000,79.55269000,Q2229494
133355,Papanasam,4035,TN,"Tamil Nadu",101,IN,India,10.92687000,79.27056000,Q2717803
133545,Papireddippatti,4035,TN,"Tamil Nadu",101,IN,India,11.91774000,78.36865000,Q2734471
133547,Papparappatti,4035,TN,"Tamil Nadu",101,IN,India,12.22086000,78.05920000,Q1749154
133356,Paramagudi,4035,TN,"Tamil Nadu",101,IN,India,9.54633000,78.59070000,Q2717803
133392,Pattukkottai,4035,TN,"Tamil Nadu",101,IN,India,10.42358000,79.31949000,Q2716570
133406,Pennadam,4035,TN,"Tamil Nadu",101,IN,India,11.40389000,79.24156000,Q2716691
133407,Pennagaram,4035,TN,"Tamil Nadu",101,IN,India,12.13433000,77.89525000,Q2716664
133408,Pennathur,4035,TN,"Tamil Nadu",101,IN,India,12.24681000,79.22592000,Q2716197
133411,Peraiyur,4035,TN,"Tamil Nadu",101,IN,India,9.73579000,77.78955000,Q2716592
133412,Perambalur,4035,TN,"Tamil Nadu",101,IN,India,11.27200000,78.87380000,Q15186
133413,Peranamallur,4035,TN,"Tamil Nadu",101,IN,India,12.57052000,79.43332000,Q638124
133414,Peranampattu,4035,TN,"Tamil Nadu",101,IN,India,12.93430000,78.71890000,Q638124
133415,Peravurani,4035,TN,"Tamil Nadu",101,IN,India,10.29035000,79.20156000,Q2716752
133417,Periyakulam,4035,TN,"Tamil Nadu",101,IN,India,10.12268000,77.54372000,Q2543104
133418,Periyanayakkanpalaiyam,4035,TN,"Tamil Nadu",101,IN,India,11.15255000,76.95159000,Q2543104
133419,Periyanegamam,4035,TN,"Tamil Nadu",101,IN,India,10.74317000,77.10296000,Q2543104
133420,Periyapatti,4035,TN,"Tamil Nadu",101,IN,India,10.75812000,77.27087000,Q2716679
133421,Periyapattinam,4035,TN,"Tamil Nadu",101,IN,India,9.27263000,78.90232000,Q7168972
133425,Perundurai,4035,TN,"Tamil Nadu",101,IN,India,11.27564000,77.58794000,Q329934
133426,Perungudi,4035,TN,"Tamil Nadu",101,IN,India,12.96095000,80.24094000,Q2072728
133428,Perur,4035,TN,"Tamil Nadu",101,IN,India,10.97519000,76.91292000,Q2716122
133469,Pollachi,4035,TN,"Tamil Nadu",101,IN,India,10.65825000,77.00850000,Q298780
133470,Polur,4035,TN,"Tamil Nadu",101,IN,India,12.51217000,79.12405000,Q745163
133473,Ponnamaravati,4035,TN,"Tamil Nadu",101,IN,India,10.28032000,78.53601000,Q2287007
133475,Ponneri,4035,TN,"Tamil Nadu",101,IN,India,13.33868000,80.19487000,Q2715009
133479,Poonamalle,4035,TN,"Tamil Nadu",101,IN,India,13.04888000,80.11488000,Q2229614
133483,Porur,4035,TN,"Tamil Nadu",101,IN,India,13.03565000,80.15821000,Q2229484
133491,Pudukkottai,4035,TN,"Tamil Nadu",101,IN,India,10.35000000,78.90000000,Q15190
133492,Puduppatti,4035,TN,"Tamil Nadu",101,IN,India,11.15217000,78.21205000,Q15190
133494,Pudur,4035,TN,"Tamil Nadu",101,IN,India,12.99801000,79.14352000,Q15190
133493,Puduvayal,4035,TN,"Tamil Nadu",101,IN,India,13.33015000,80.14577000,Q15190
133498,Puliyangudi,4035,TN,"Tamil Nadu",101,IN,India,9.17489000,77.39799000,Q2230511
133499,Puliyur,4035,TN,"Tamil Nadu",101,IN,India,10.63375000,78.84139000,Q2716506
133500,Pullambadi,4035,TN,"Tamil Nadu",101,IN,India,10.94110000,78.91041000,Q2716576
133507,"Punjai Puliyampatti",4035,TN,"Tamil Nadu",101,IN,India,11.35163000,77.16671000,Q1854679
133594,Rajapalaiyam,4035,TN,"Tamil Nadu",101,IN,India,9.45296000,77.55335000,Q2237707
133599,Ramanathapuram,4035,TN,"Tamil Nadu",101,IN,India,9.37158000,78.83077000,Q775255
133603,Rameswaram,4035,TN,"Tamil Nadu",101,IN,India,9.28850000,79.31271000,Q1435144
149548,Ranipet,4035,TN,"Tamil Nadu",101,IN,India,12.95347490,79.28159160,Q1421308
133611,Rasipuram,4035,TN,"Tamil Nadu",101,IN,India,11.46009000,78.18635000,Q2229745
133758,"Saint Thomas Mount",4035,TN,"Tamil Nadu",101,IN,India,13.00334000,80.19614000,Q2548299
133763,Salem,4035,TN,"Tamil Nadu",101,IN,India,11.65370120,77.99821060,Q15192
133817,Sathankulam,4035,TN,"Tamil Nadu",101,IN,India,8.44164000,77.91349000,Q2715680
133819,Sathyamangalam,4035,TN,"Tamil Nadu",101,IN,India,11.50526000,77.23826000,Q242563
133823,Sattur,4035,TN,"Tamil Nadu",101,IN,India,9.35592000,77.92457000,Q2229604
134084,Sayalkudi,4035,TN,"Tamil Nadu",101,IN,India,9.16925000,78.44702000,Q2716110
133851,"Seven Pagodas",4035,TN,"Tamil Nadu",101,IN,India,12.62091000,80.19331000,Q208000
133883,Sholinghur,4035,TN,"Tamil Nadu",101,IN,India,13.11810000,79.42025000,Q2229686
133950,Singanallur,4035,TN,"Tamil Nadu",101,IN,India,10.99898000,77.03238000,Q255780
133945,Singapperumalkovil,4035,TN,"Tamil Nadu",101,IN,India,12.75947000,80.00750000,Q2551291
134088,Sirkazhi,4035,TN,"Tamil Nadu",101,IN,India,11.23725000,79.73585000,Q1278427
133968,Sirumugai,4035,TN,"Tamil Nadu",101,IN,India,11.32137000,77.00521000,Q2231112
133974,Sivaganga,4035,TN,"Tamil Nadu",101,IN,India,9.92762000,78.53763000,Q15195
133975,Sivagiri,4035,TN,"Tamil Nadu",101,IN,India,9.34461000,77.42911000,Q3533189
133976,Sivakasi,4035,TN,"Tamil Nadu",101,IN,India,9.44999000,77.79797000,Q2061870
134026,Srimushnam,4035,TN,"Tamil Nadu",101,IN,India,11.40118000,79.40384000,Q2716515
134030,Sriperumbudur,4035,TN,"Tamil Nadu",101,IN,India,12.96763000,79.94197000,Q2547993
134022,Srivaikuntam,4035,TN,"Tamil Nadu",101,IN,India,8.62931000,77.91281000,Q2715777
134023,Srivilliputhur,4035,TN,"Tamil Nadu",101,IN,India,9.51272000,77.63369000,Q2562483
134035,Suchindram,4035,TN,"Tamil Nadu",101,IN,India,8.15442000,77.46704000,Q2548004
134041,Sulur,4035,TN,"Tamil Nadu",101,IN,India,11.02427000,77.12565000,Q2716112
134095,Surandai,4035,TN,"Tamil Nadu",101,IN,India,8.97574000,77.41923000,Q2715986
134057,Swamimalai,4035,TN,"Tamil Nadu",101,IN,India,10.95747000,79.32931000,Q771388
134108,Tambaram,4035,TN,"Tamil Nadu",101,IN,India,12.92460000,80.12707000,Q2229754
134111,Tanjore,4035,TN,"Tamil Nadu",101,IN,India,10.78523000,79.13909000,Q41496
134239,Taramangalam,4035,TN,"Tamil Nadu",101,IN,India,11.69403000,77.97035000,Q2557937
134243,Tattayyangarpettai,4035,TN,"Tamil Nadu",101,IN,India,11.12417000,78.44916000,Q2544755
134140,Thanjavur,4035,TN,"Tamil Nadu",101,IN,India,10.64000000,79.22000000,Q15194
134143,Tharangambadi,4035,TN,"Tamil Nadu",101,IN,India,11.02764000,79.85425000,Q732594
134146,Theni,4035,TN,"Tamil Nadu",101,IN,India,9.85000000,77.42000000,Q2557742
134147,Thenkasi,4035,TN,"Tamil Nadu",101,IN,India,8.96003000,77.31525000,Q259749
134150,Thirukattupalli,4035,TN,"Tamil Nadu",101,IN,India,10.84431000,78.95647000,Q2715717
134151,Thiruthani,4035,TN,"Tamil Nadu",101,IN,India,13.17594000,79.61637000,Q2715717
134152,Thiruvaiyaru,4035,TN,"Tamil Nadu",101,IN,India,10.88405000,79.10362000,Q2229514
134153,Thiruvallur,4035,TN,"Tamil Nadu",101,IN,India,13.25000000,80.00000000,Q2229514
134155,Thiruvarur,4035,TN,"Tamil Nadu",101,IN,India,10.77269000,79.63680000,Q1025399
134156,Thiruvidaimaruthur,4035,TN,"Tamil Nadu",101,IN,India,10.99857000,79.45227000,Q1025399
134158,Thoothukudi,4035,TN,"Tamil Nadu",101,IN,India,8.76735000,78.13425000,Q41562
134172,Tindivanam,4035,TN,"Tamil Nadu",101,IN,India,12.23400000,79.65551000,Q2465629
134174,Tinnanur,4035,TN,"Tamil Nadu",101,IN,India,13.11448000,80.02713000,Q2717482
134178,Tiruchchendur,4035,TN,"Tamil Nadu",101,IN,India,8.49725000,78.11906000,Q1792360
134179,Tiruchengode,4035,TN,"Tamil Nadu",101,IN,India,11.38016000,77.89444000,Q2229506
134180,Tiruchirappalli,4035,TN,"Tamil Nadu",101,IN,India,10.97000000,78.65000000,Q15201
134181,Tirukkoyilur,4035,TN,"Tamil Nadu",101,IN,India,11.96620000,79.20259000,Q1113675
134184,Tirumullaivasal,4035,TN,"Tamil Nadu",101,IN,India,11.23996000,79.83705000,Q3424247
134185,Tirunelveli,4035,TN,"Tamil Nadu",101,IN,India,8.72742000,77.68380000,Q213248
134186,"Tirunelveli Kattabo",4035,TN,"Tamil Nadu",101,IN,India,8.79270000,77.57409000,Q213248
134191,Tiruppalaikudi,4035,TN,"Tamil Nadu",101,IN,India,9.54606000,78.91721000,Q836527
134188,Tirupparangunram,4035,TN,"Tamil Nadu",101,IN,India,9.88151000,78.07306000,Q213248
134189,Tiruppur,4035,TN,"Tamil Nadu",101,IN,India,11.11541000,77.35456000,Q836527
134190,Tiruppuvanam,4035,TN,"Tamil Nadu",101,IN,India,9.82564000,78.25795000,Q836527
134193,Tiruttangal,4035,TN,"Tamil Nadu",101,IN,India,9.48333000,77.83333000,Q2722267
134196,Tiruvannamalai,4035,TN,"Tamil Nadu",101,IN,India,12.51000000,79.09000000,Q15207
134198,Tiruvottiyur,4035,TN,"Tamil Nadu",101,IN,India,13.15823000,80.30181000,Q265743
134200,Tisaiyanvilai,4035,TN,"Tamil Nadu",101,IN,India,8.33702000,77.86776000,Q15448
134207,Tondi,4035,TN,"Tamil Nadu",101,IN,India,9.74173000,79.01774000,Q527194
134224,Turaiyur,4035,TN,"Tamil Nadu",101,IN,India,11.14968000,78.59870000,Q2317186
134253,Udangudi,4035,TN,"Tamil Nadu",101,IN,India,8.42918000,78.02968000,Q2726152
134259,Udumalaippettai,4035,TN,"Tamil Nadu",101,IN,India,10.58806000,77.24779000,Q2718780
134290,Uppiliyapuram,4035,TN,"Tamil Nadu",101,IN,India,11.26356000,78.51390000,Q2715639
134295,Usilampatti,4035,TN,"Tamil Nadu",101,IN,India,9.96936000,77.78621000,Q2541109
134298,Uttamapalaiyam,4035,TN,"Tamil Nadu",101,IN,India,9.80701000,77.32718000,Q2231121
134302,Uttiramerur,4035,TN,"Tamil Nadu",101,IN,India,12.61433000,79.75748000,Q17075659
134472,Uttukkuli,4035,TN,"Tamil Nadu",101,IN,India,11.16892000,77.45431000,Q1637459
134303,"V.S.K.Valasai (Dindigul-Dist.)",4035,TN,"Tamil Nadu",101,IN,India,10.31549000,78.15141000,Q490708
134304,"Vadakku Valliyur",4035,TN,"Tamil Nadu",101,IN,India,8.38286000,77.61221000,Q490708
134305,"Vadakku Viravanallur",4035,TN,"Tamil Nadu",101,IN,India,8.69786000,77.51916000,Q490708
134306,Vadamadurai,4035,TN,"Tamil Nadu",101,IN,India,10.44081000,78.09784000,Q682755
134380,Vadippatti,4035,TN,"Tamil Nadu",101,IN,India,10.08481000,77.96113000,Q1964842
134316,Valangaiman,4035,TN,"Tamil Nadu",101,IN,India,10.89012000,79.39322000,Q2715648
134317,Valavanur,4035,TN,"Tamil Nadu",101,IN,India,11.92094000,79.58239000,Q2715474
134319,Vallam,4035,TN,"Tamil Nadu",101,IN,India,10.71988000,79.05981000,Q2231085
134320,Valparai,4035,TN,"Tamil Nadu",101,IN,India,10.32691000,76.95116000,Q282137
134323,Vandalur,4035,TN,"Tamil Nadu",101,IN,India,12.89240000,80.08079000,Q2541049
134324,Vandavasi,4035,TN,"Tamil Nadu",101,IN,India,12.50429000,79.60556000,Q2465640
134325,Vaniyambadi,4035,TN,"Tamil Nadu",101,IN,India,12.68162000,78.62014000,Q282212
134384,Vasudevanallur,4035,TN,"Tamil Nadu",101,IN,India,9.24171000,77.41177000,Q2541738
134335,Vattalkundu,4035,TN,"Tamil Nadu",101,IN,India,10.16069000,77.75883000,Q978780
134337,Vedaraniyam,4035,TN,"Tamil Nadu",101,IN,India,10.37208000,79.85095000,Q2541264
134338,Vedasandur,4035,TN,"Tamil Nadu",101,IN,India,10.53102000,77.95019000,Q2541116
134340,Velankanni,4035,TN,"Tamil Nadu",101,IN,India,10.68333000,79.83333000,Q1510885
134342,Vellanur,4035,TN,"Tamil Nadu",101,IN,India,13.15804000,80.10634000,Q15206
134341,Vellore,4035,TN,"Tamil Nadu",101,IN,India,12.86000000,79.03500000,Q15206
134343,Velur,4035,TN,"Tamil Nadu",101,IN,India,11.10825000,78.00113000,Q2541007
134345,Vengavasal,4035,TN,"Tamil Nadu",101,IN,India,12.89911000,80.16900000,Q2541007
134351,Vettaikkaranpudur,4035,TN,"Tamil Nadu",101,IN,India,10.56207000,76.91305000,Q2563456
134352,Vettavalam,4035,TN,"Tamil Nadu",101,IN,India,12.10769000,79.24516000,Q2540924
134355,Vijayapuri,4035,TN,"Tamil Nadu",101,IN,India,11.24530000,77.50066000,Q369303
134358,Vikravandi,4035,TN,"Tamil Nadu",101,IN,India,12.03690000,79.54595000,Q2234286
134361,Vilattikulam,4035,TN,"Tamil Nadu",101,IN,India,9.13227000,78.16635000,Q2552200
134362,Villupuram,4035,TN,"Tamil Nadu",101,IN,India,11.99000000,79.37000000,Q15205
134385,Viraganur,4035,TN,"Tamil Nadu",101,IN,India,11.47613000,78.73553000,Q2541738
134366,Virudhunagar,4035,TN,"Tamil Nadu",101,IN,India,9.45000000,77.92000000,Q15209
134375,Vriddhachalam,4035,TN,"Tamil Nadu",101,IN,India,11.51830000,79.32411000,Q15392
134391,Walajapet,4035,TN,"Tamil Nadu",101,IN,India,12.92510000,79.36626000,Q2716022
134392,Wallajahbad,4035,TN,"Tamil Nadu",101,IN,India,12.79041000,79.82358000,Q2541273
134402,Wellington,4035,TN,"Tamil Nadu",101,IN,India,11.36552000,76.78442000,Q1749236
134451,Adilabad,4012,TG,Telangana,101,IN,India,19.50000000,78.50000000,Q15211
134454,Alampur,4012,TG,Telangana,101,IN,India,15.87987000,78.13352000,Q606343
57701,Andol,4012,TG,Telangana,101,IN,India,17.81458000,78.07713000,Q11360899
57754,Asifabad,4012,TG,Telangana,101,IN,India,19.35851000,79.28415000,Q582291
58120,Balapur,4012,TG,Telangana,101,IN,India,17.31018000,78.49969000,Q641904
58133,Banswada,4012,TG,Telangana,101,IN,India,18.37725000,77.88007000,Q3428196
57923,Bellampalli,4012,TG,Telangana,101,IN,India,19.05577000,79.49300000,Q759677
57955,Bhadrachalam,4012,TG,Telangana,101,IN,India,17.66846000,80.88887000,Q759204
57952,"Bhadradri Kothagudem",4012,TG,Telangana,101,IN,India,17.55460000,80.61976000,Q759217
57960,Bhaisa,4012,TG,Telangana,101,IN,India,19.11285000,77.96336000,Q759999
57994,Bhongir,4012,TG,Telangana,101,IN,India,17.51544000,78.88563000,Q797132
58071,Bodhan,4012,TG,Telangana,101,IN,India,18.66208000,77.88581000,Q859167
58194,Chandur,4012,TG,Telangana,101,IN,India,17.87455000,78.10017000,Q721388
131607,Chatakonda,4012,TG,Telangana,101,IN,India,17.55303000,80.64770000,Q721302
131660,Dasnapur,4012,TG,Telangana,101,IN,India,19.65399000,78.51213000,Q1193652
131703,Devarkonda,4012,TG,Telangana,101,IN,India,16.69186000,78.92073000,Q2087756
131789,Dornakal,4012,TG,Telangana,101,IN,India,17.44475000,80.14905000,Q1387087
131857,Farrukhnagar,4012,TG,Telangana,101,IN,India,17.07787000,78.20339000,Q1525398
131887,"Gaddi Annaram",4012,TG,Telangana,101,IN,India,17.36687000,78.52420000,Q1523012
131890,Gadwal,4012,TG,Telangana,101,IN,India,16.23504000,77.79556000,Q1525224
131939,Ghatkesar,4012,TG,Telangana,101,IN,India,17.45081000,78.68366000,Q1706460
131989,Gopalur,4012,TG,Telangana,101,IN,India,16.61220000,77.80728000,Q1747725
132052,Gudur,4012,TG,Telangana,101,IN,India,17.49174000,78.82302000,Q1708134
132132,Hyderabad,4012,TG,Telangana,101,IN,India,17.38405000,78.45636000,Q1361
132193,Jagtial,4012,TG,Telangana,101,IN,India,18.79473000,78.91661000,Q2016650
132238,Jangaon,4012,TG,Telangana,101,IN,India,17.72602000,79.15236000,Q2483796
132257,"Jayashankar Bhupalapally",4012,TG,Telangana,101,IN,India,18.19678000,79.93976000,Q2317504
132290,"Jogulamba Gadwal",4012,TG,Telangana,101,IN,India,16.23401000,77.80564000,Q2087722
132331,Kagaznagar,4012,TG,Telangana,101,IN,India,19.33159000,79.46605000,Q2290801
132696,Kamareddi,4012,TG,Telangana,101,IN,India,18.32001000,78.34177000,Q2480576
132363,Kamareddy,4012,TG,Telangana,101,IN,India,18.32567000,78.33416000,Q2564042
132415,Karimnagar,4012,TG,Telangana,101,IN,India,18.33844000,79.22938000,Q15373
132464,Khammam,4012,TG,Telangana,101,IN,India,17.50000000,80.33333000,Q15371
132546,Kodar,4012,TG,Telangana,101,IN,India,16.99850000,79.96560000,Q1006282
132580,Koratla,4012,TG,Telangana,101,IN,India,18.82154000,78.71186000,Q2235879
132599,Kothapet,4012,TG,Telangana,101,IN,India,19.35176000,79.48323000,Q2233986
132606,Kottagudem,4012,TG,Telangana,101,IN,India,17.55106000,80.61779000,Q2238988
132608,Kottapalli,4012,TG,Telangana,101,IN,India,18.49543000,79.09430000,Q583767
132737,Kukatpally,4012,TG,Telangana,101,IN,India,17.48486000,78.41376000,Q794818
132674,Kyathampalle,4012,TG,Telangana,101,IN,India,19.66781000,78.52890000,Q2233371
132751,Lakshettipet,4012,TG,Telangana,101,IN,India,18.86667000,79.21667000,Q10784153
132753,"Lal Bahadur Nagar",4012,TG,Telangana,101,IN,India,17.34769000,78.55757000,Q2237516
132824,Mahabubabad,4012,TG,Telangana,101,IN,India,17.60040000,80.00543000,Q1748623
132828,Mahbubnagar,4012,TG,Telangana,101,IN,India,16.63171000,77.75556000,Q15380
132870,Malkajgiri,4012,TG,Telangana,101,IN,India,17.44781000,78.52633000,Q640210
132887,Mancheral,4012,TG,Telangana,101,IN,India,18.87074000,79.42863000,Q720842
132888,Mandamarri,4012,TG,Telangana,101,IN,India,18.96506000,79.47475000,Q2483821
132927,Manthani,4012,TG,Telangana,101,IN,India,18.65087000,79.66501000,Q6752062
132928,Manuguru,4012,TG,Telangana,101,IN,India,17.98102000,80.75470000,Q2483781
132955,Medak,4012,TG,Telangana,101,IN,India,17.75000000,78.25000000,Q15386
132956,Medchal,4012,TG,Telangana,101,IN,India,17.62972000,78.48139000,Q3430279
132957,"Medchal Malkajgiri",4012,TG,Telangana,101,IN,India,17.60644000,78.54007000,Q3430279
132975,Mirialguda,4012,TG,Telangana,101,IN,India,16.87220000,79.56247000,Q15528101
133255,"Nagar Karnul",4012,TG,Telangana,101,IN,India,16.48210000,78.32471000,Q2475066
133132,Nalgonda,4012,TG,Telangana,101,IN,India,17.16667000,79.50000000,Q15384
133277,Narayanpet,4012,TG,Telangana,101,IN,India,16.74799000,77.49540000,Q1925454
133274,Narsingi,4012,TG,Telangana,101,IN,India,18.04468000,78.42516000,Q2228677
133278,Naspur,4012,TG,Telangana,101,IN,India,18.84577000,79.46165000,Q2563445
133221,Nirmal,4012,TG,Telangana,101,IN,India,19.09685000,78.34407000,Q2087729
133226,Nizamabad,4012,TG,Telangana,101,IN,India,18.75000000,78.25000000,Q15391
133535,Paloncha,4012,TG,Telangana,101,IN,India,17.60184000,80.70509000,Q3415029
133338,Palwancha,4012,TG,Telangana,101,IN,India,17.58152000,80.67651000,Q772160
133377,Patancheru,4012,TG,Telangana,101,IN,India,17.53334000,78.26450000,Q720824
133401,Peddapalli,4012,TG,Telangana,101,IN,India,18.61357000,79.37442000,Q7159047
133574,Quthbullapur,4012,TG,Telangana,101,IN,India,17.50107000,78.45818000,Q2734444
133592,"Rajanna Sircilla",4012,TG,Telangana,101,IN,India,18.38629000,78.81560000,Q1815223
133597,Ramagundam,4012,TG,Telangana,101,IN,India,18.75500000,79.47400000,Q1780338
133699,Ramgundam,4012,TG,Telangana,101,IN,India,18.80084000,79.45206000,Q2119813
133607,Rangareddi,4012,TG,Telangana,101,IN,India,17.27883000,78.16844000,Q15388
133745,Sadaseopet,4012,TG,Telangana,101,IN,India,17.61925000,77.95263000,Q2229196
133787,Sangareddi,4012,TG,Telangana,101,IN,India,17.62477000,78.08669000,Q614055
133818,Sathupalli,4012,TG,Telangana,101,IN,India,17.24968000,80.86899000,Q2715680
133834,Secunderabad,4012,TG,Telangana,101,IN,India,17.50427000,78.54263000,Q1003502
133849,Serilingampalle,4012,TG,Telangana,101,IN,India,17.49313000,78.30196000,Q2726292
133919,Siddipet,4012,TG,Telangana,101,IN,India,18.10483000,78.84858000,Q2572203
133951,Singapur,4012,TG,Telangana,101,IN,India,17.46982000,78.12574000,Q255780
133960,Sirpur,4012,TG,Telangana,101,IN,India,19.47953000,79.57558000,Q7530597
133964,Sirsilla,4012,TG,Telangana,101,IN,India,18.38865000,78.81048000,Q2563435
134031,Sriramnagar,4012,TG,Telangana,101,IN,India,17.26652000,78.25544000,Q2547993
134054,Suriapet,4012,TG,Telangana,101,IN,India,17.14054000,79.62045000,Q2573090
134237,Tandur,4012,TG,Telangana,101,IN,India,17.24849000,77.57698000,Q720922
134287,"Uppal Kalan",4012,TG,Telangana,101,IN,India,17.40577000,78.55911000,Q2734950
134344,Vemalwada,4012,TG,Telangana,101,IN,India,18.46523000,78.86894000,Q2541007
134359,Vikarabad,4012,TG,Telangana,101,IN,India,17.33810000,77.90441000,Q568778
134394,Wanparti,4012,TG,Telangana,101,IN,India,16.36738000,78.06889000,Q2563513
134395,Warangal,4012,TG,Telangana,101,IN,India,18.00000000,79.83333000,Q15399
134432,Yellandu,4012,TG,Telangana,101,IN,India,17.59064000,80.32146000,Q721480
134440,Zahirabad,4012,TG,Telangana,101,IN,India,17.68138000,77.60743000,Q564781
57600,Agartala,4038,TR,Tripura,101,IN,India,23.83605000,91.27939000,Q170454
57662,Amarpur,4038,TR,Tripura,101,IN,India,23.52570000,91.65879000,Q589674
134458,Ambasa,4038,TR,Tripura,101,IN,India,23.93600000,91.85436000,Q584054
57876,Barjala,4038,TR,Tripura,101,IN,India,23.61820000,91.35596000,Q712396
57926,Belonia,4038,TR,Tripura,101,IN,India,23.25178000,91.45407000,Q757844
131710,Dhalai,4038,TR,Tripura,101,IN,India,23.84307000,91.92591000,Q2086546
131725,Dharmanagar,4038,TR,Tripura,101,IN,India,24.36667000,92.16667000,Q1258127
131979,Gomati,4038,TR,Tripura,101,IN,India,23.53399000,91.48122000,Q1708160
132334,Kailashahar,4038,TR,Tripura,101,IN,India,24.33199000,92.00391000,Q2576072
132362,Kamalpur,4038,TR,Tripura,101,IN,India,24.19593000,91.83438000,Q2564042
132502,Khowai,4038,TR,Tripura,101,IN,India,24.07964000,91.59972000,Q643369
133241,"North Tripura",4038,TR,Tripura,101,IN,India,24.13050000,92.15552000,Q2088889
133721,"Ranir Bazar",4038,TR,Tripura,101,IN,India,23.83463000,91.36614000,Q2231200
133740,Sabrum,4038,TR,Tripura,101,IN,India,23.00153000,91.72427000,Q2733025
133997,Sonamura,4038,TR,Tripura,101,IN,India,23.47547000,91.26590000,Q2733123
134011,"South Tripura",4038,TR,Tripura,101,IN,India,23.16710000,91.60953000,Q1822159
134249,Udaipur,4038,TR,Tripura,101,IN,India,23.53333000,91.48333000,Q2248438
134281,Unakoti,4038,TR,Tripura,101,IN,India,24.32781000,92.00377000,Q1622928
134412,"West Tripura",4038,TR,Tripura,101,IN,India,23.91667000,91.50000000,Q1947570
57590,Achhnera,4022,UP,"Uttar Pradesh",101,IN,India,27.17826000,77.75674000,Q490739
57597,Afzalgarh,4022,UP,"Uttar Pradesh",101,IN,India,29.39370000,78.67393000,Q490688
57601,Agra,4022,UP,"Uttar Pradesh",101,IN,India,27.18333000,78.01667000,Q42941
57607,Ahraura,4022,UP,"Uttar Pradesh",101,IN,India,25.01579000,83.03294000,Q587150
147426,Aidalpur,4022,UP,"Uttar Pradesh",101,IN,India,26.13333333,79.45000000,Q4696659
147427,Airwa,4022,UP,"Uttar Pradesh",101,IN,India,26.90000000,79.43333333,Q4699054
57621,Akbarpur,4022,UP,"Uttar Pradesh",101,IN,India,26.42953000,82.53431000,Q583899
147428,Akola,4022,UP,"Uttar Pradesh",101,IN,India,27.06547000,77.88084000,Q12413088
57653,Aliganj,4022,UP,"Uttar Pradesh",101,IN,India,27.49358000,79.17127000,Q589296
57654,Aligarh,4022,UP,"Uttar Pradesh",101,IN,India,27.83333000,78.16667000,Q201832
147429,Allahabad,4022,UP,"Uttar Pradesh",101,IN,India,25.45000000,81.85000000,Q162442
57641,Allahganj,4022,UP,"Uttar Pradesh",101,IN,India,27.54540000,79.68715000,Q589789
57692,Amanpur,4022,UP,"Uttar Pradesh",101,IN,India,27.71222000,78.73788000,Q582840
147430,Amauli,4022,UP,"Uttar Pradesh",101,IN,India,26.01666667,80.30000000,Q4740641
57666,Ambahta,4022,UP,"Uttar Pradesh",101,IN,India,29.85706000,77.33583000,Q26791799
57669,"Ambedkar Nagar",4022,UP,"Uttar Pradesh",101,IN,India,26.40544000,82.69762000,Q456764
57677,Amethi,4022,UP,"Uttar Pradesh",101,IN,India,28.01667000,81.05000000,Q583756
57687,Amroha,4022,UP,"Uttar Pradesh",101,IN,India,28.90314000,78.46984000,Q584515
57696,Anandnagar,4022,UP,"Uttar Pradesh",101,IN,India,27.10062000,83.27156000,Q581106
57720,Antu,4022,UP,"Uttar Pradesh",101,IN,India,26.05654000,81.90267000,Q584960
57724,Anupshahr,4022,UP,"Uttar Pradesh",101,IN,India,28.35748000,78.26914000,Q585153
57725,Aonla,4022,UP,"Uttar Pradesh",101,IN,India,28.27402000,79.16521000,Q581791
147431,Araul,4022,UP,"Uttar Pradesh",101,IN,India,26.91700000,80.03300000,Q4784467
147432,Asalatganj,4022,UP,"Uttar Pradesh",101,IN,India,26.68333333,79.85000000,Q4803454
57755,Atarra,4022,UP,"Uttar Pradesh",101,IN,India,25.28618000,80.57155000,Q585869
57760,Atrauli,4022,UP,"Uttar Pradesh",101,IN,India,28.02964000,78.28571000,Q585063
57759,Atraulia,4022,UP,"Uttar Pradesh",101,IN,India,26.33330000,82.94727000,Q526685
57764,Auraiya,4022,UP,"Uttar Pradesh",101,IN,India,26.64692000,79.42858000,Q582908
57769,Auras,4022,UP,"Uttar Pradesh",101,IN,India,26.91414000,80.50792000,Q582879
57616,Ayodhya,4022,UP,"Uttar Pradesh",101,IN,India,26.79909000,82.20470000,Q186040
57777,Azamgarh,4022,UP,"Uttar Pradesh",101,IN,India,26.06832000,83.18358000,Q526757
147433,Azizpur,4022,UP,"Uttar Pradesh",101,IN,India,26.97638889,79.22138889,Q585773
57779,Baberu,4022,UP,"Uttar Pradesh",101,IN,India,25.54711000,80.70443000,Q590070
57782,Babina,4022,UP,"Uttar Pradesh",101,IN,India,25.23947000,78.47028000,Q585789
57780,Babrala,4022,UP,"Uttar Pradesh",101,IN,India,28.26419000,78.40560000,Q589819
57781,Babugarh,4022,UP,"Uttar Pradesh",101,IN,India,28.72353000,77.84677000,Q584725
57783,Bachhraon,4022,UP,"Uttar Pradesh",101,IN,India,28.92694000,78.23456000,Q582043
57784,Bachhrawan,4022,UP,"Uttar Pradesh",101,IN,India,26.47090000,81.11580000,Q582783
57801,Baghpat,4022,UP,"Uttar Pradesh",101,IN,India,28.95000000,77.21670000,Q624402
147434,Baghra,4022,UP,"Uttar Pradesh",101,IN,India,29.46666667,77.58333333,Q4841910
58112,Bah,4022,UP,"Uttar Pradesh",101,IN,India,26.86912000,78.59385000,Q633132
57803,Baheri,4022,UP,"Uttar Pradesh",101,IN,India,28.77416000,79.49740000,Q625710
57804,Bahjoi,4022,UP,"Uttar Pradesh",101,IN,India,28.39502000,78.62659000,Q632831
57805,Bahraich,4022,UP,"Uttar Pradesh",101,IN,India,27.80021000,81.51855000,Q638621
57806,Bahraigh,4022,UP,"Uttar Pradesh",101,IN,India,27.57429000,81.59474000,Q638621
57807,Bahsuma,4022,UP,"Uttar Pradesh",101,IN,India,29.20063000,77.97221000,Q287783
57808,Bahua,4022,UP,"Uttar Pradesh",101,IN,India,25.83942000,80.62255000,Q26791613
58113,Bajna,4022,UP,"Uttar Pradesh",101,IN,India,27.89793000,77.67836000,Q2426646
57817,Bakewar,4022,UP,"Uttar Pradesh",101,IN,India,26.66226000,79.17625000,Q622609
147435,Baksar,4022,UP,"Uttar Pradesh",101,IN,India,28.76666667,78.01666667,Q4849550
147436,Balamau,4022,UP,"Uttar Pradesh",101,IN,India,27.16666667,80.35000000,Q4849912
147437,Baldeo,4022,UP,"Uttar Pradesh",101,IN,India,27.41666667,77.81666667,Q637824
57825,Baldev,4022,UP,"Uttar Pradesh",101,IN,India,27.40684000,77.82214000,Q637824
57828,Ballia,4022,UP,"Uttar Pradesh",101,IN,India,25.83333000,84.16667000,Q7180187
57833,Balrampur,4022,UP,"Uttar Pradesh",101,IN,India,27.43449000,82.40281000,Q612328
57840,Banat,4022,UP,"Uttar Pradesh",101,IN,India,29.46355000,77.35478000,Q1320445
57841,Banbasa,4022,UP,"Uttar Pradesh",101,IN,India,28.99132000,80.07608000,Q637818
58124,Banda,4022,UP,"Uttar Pradesh",101,IN,India,25.50000000,80.50000000,Q2575623
58126,Bangarmau,4022,UP,"Uttar Pradesh",101,IN,India,26.89120000,80.21149000,Q607333
58130,Bansdih,4022,UP,"Uttar Pradesh",101,IN,India,25.88377000,84.21827000,Q637106
58131,Bansgaon,4022,UP,"Uttar Pradesh",101,IN,India,26.55032000,83.34503000,Q625687
58132,Bansi,4022,UP,"Uttar Pradesh",101,IN,India,27.17749000,82.93442000,Q637722
147438,Banthra,4022,UP,"Uttar Pradesh",101,IN,India,27.91720000,79.81740000,Q4857215
58138,"Bara Banki",4022,UP,"Uttar Pradesh",101,IN,India,26.93864000,81.32740000,Q633274
57892,Baragaon,4022,UP,"Uttar Pradesh",101,IN,India,25.47554000,78.71224000,Q627748
57865,Baraut,4022,UP,"Uttar Pradesh",101,IN,India,29.10199000,77.26334000,Q708505
57867,Bareilly,4022,UP,"Uttar Pradesh",101,IN,India,28.41667000,79.38333000,Q213026
147439,Barhalganj,4022,UP,"Uttar Pradesh",101,IN,India,26.28333333,83.50000000,Q709260
147440,Barkhera,4022,UP,"Uttar Pradesh",101,IN,India,28.45000000,79.80000000,Q712381
57877,"Barkhera Kalan",4022,UP,"Uttar Pradesh",101,IN,India,28.45209000,79.80655000,Q712381
147441,Barokhar,4022,UP,"Uttar Pradesh",101,IN,India,24.91666667,81.96666667,Q4862074
57887,Barsana,4022,UP,"Uttar Pradesh",101,IN,India,27.64802000,77.37640000,Q712494
147442,"Barwar (Lakhimpur Kheri)",4022,UP,"Uttar Pradesh",101,IN,India,25.50583333,79.13972222,Q2544454
57901,Basti,4022,UP,"Uttar Pradesh",101,IN,India,26.82816000,82.77924000,Q2574579
57918,Behat,4022,UP,"Uttar Pradesh",101,IN,India,30.17180000,77.61390000,Q757842
57920,Bela,4022,UP,"Uttar Pradesh",101,IN,India,25.92058000,81.99629000,Q760169
147443,Belthara,4022,UP,"Uttar Pradesh",101,IN,India,26.12694444,83.89138889,Q26791369
57934,Beniganj,4022,UP,"Uttar Pradesh",101,IN,India,27.29293000,80.44364000,Q2442072
57938,Beswan,4022,UP,"Uttar Pradesh",101,IN,India,27.63792000,77.88019000,Q2442016
57944,Bewar,4022,UP,"Uttar Pradesh",101,IN,India,27.21869000,79.29761000,Q730492
147444,Bhadarsa,4022,UP,"Uttar Pradesh",101,IN,India,26.66027778,82.12416667,Q2442700
57951,Bhadohi,4022,UP,"Uttar Pradesh",101,IN,India,25.39526000,82.57030000,Q759217
57958,Bhagwantnagar,4022,UP,"Uttar Pradesh",101,IN,India,26.22383000,80.75750000,Q26791707
147445,Bharatpura,4022,UP,"Uttar Pradesh",101,IN,India,25.23333333,78.96666667,Q4901255
147446,Bhargain,4022,UP,"Uttar Pradesh",101,IN,India,27.61500000,79.14416667,Q2442034
57965,Bharthana,4022,UP,"Uttar Pradesh",101,IN,India,26.75231000,79.22180000,Q662285
57966,Bharwari,4022,UP,"Uttar Pradesh",101,IN,India,25.56078000,81.49164000,Q2442005
147447,Bhaupur,4022,UP,"Uttar Pradesh",101,IN,India,26.91666667,79.21666667,Q4901469
147448,Bhimtal,4022,UP,"Uttar Pradesh",101,IN,India,29.34444444,79.56305556,Q795774
57984,Bhinga,4022,UP,"Uttar Pradesh",101,IN,India,27.70283000,81.93430000,Q795811
147449,Bhognipur,4022,UP,"Uttar Pradesh",101,IN,India,26.24000000,79.80000000,Q4901882
57993,Bhongaon,4022,UP,"Uttar Pradesh",101,IN,India,27.25515000,79.18118000,Q4901949
147450,Bidhnu,4022,UP,"Uttar Pradesh",101,IN,India,26.33333333,80.28333333,Q4904163
58027,Bidhuna,4022,UP,"Uttar Pradesh",101,IN,India,26.80172000,79.50829000,Q796775
147451,Bighapur,4022,UP,"Uttar Pradesh",101,IN,India,26.35000000,80.68000000,Q796734
58155,"Bighapur Khurd",4022,UP,"Uttar Pradesh",101,IN,India,26.34734000,80.65698000,Q796734
58035,Bijnor,4022,UP,"Uttar Pradesh",101,IN,India,29.41667000,78.51667000,Q796664
58158,Bikapur,4022,UP,"Uttar Pradesh",101,IN,India,26.59534000,82.13272000,Q795718
58052,Bilari,4022,UP,"Uttar Pradesh",101,IN,India,28.62146000,78.80361000,Q796749
58040,Bilariaganj,4022,UP,"Uttar Pradesh",101,IN,India,26.19593000,83.22690000,Q795717
58159,Bilaspur,4022,UP,"Uttar Pradesh",101,IN,India,28.88655000,79.27030000,Q795718
58043,Bilgram,4022,UP,"Uttar Pradesh",101,IN,India,27.17509000,80.03201000,Q795814
58044,Bilhaur,4022,UP,"Uttar Pradesh",101,IN,India,26.84345000,80.06388000,Q858170
58048,Bilsanda,4022,UP,"Uttar Pradesh",101,IN,India,28.24341000,79.95135000,Q861856
58049,Bilsi,4022,UP,"Uttar Pradesh",101,IN,India,28.12941000,78.91090000,Q859148
58050,Bilthra,4022,UP,"Uttar Pradesh",101,IN,India,26.12705000,83.89148000,Q859148
147452,Binauli,4022,UP,"Uttar Pradesh",101,IN,India,29.09416667,77.40083333,Q4913927
147453,Binaur,4022,UP,"Uttar Pradesh",101,IN,India,26.38333333,80.16666667,Q4913929
58057,Bindki,4022,UP,"Uttar Pradesh",101,IN,India,26.03613000,80.57617000,Q858148
147454,Birdpur,4022,UP,"Uttar Pradesh",101,IN,India,27.38330000,83.11670000,Q4916036
147455,Birpur,4022,UP,"Uttar Pradesh",101,IN,India,26.53000000,86.25000000,Q858315
58161,Bisalpur,4022,UP,"Uttar Pradesh",101,IN,India,28.29253000,79.80472000,Q858297
147456,"Bisanda Buzurg",4022,UP,"Uttar Pradesh",101,IN,India,25.41666667,80.61666667,Q859094
58062,Bisauli,4022,UP,"Uttar Pradesh",101,IN,India,28.30772000,78.93678000,Q862048
58063,"Bisenda Buzurg",4022,UP,"Uttar Pradesh",101,IN,India,25.40350000,80.61889000,Q859094
58066,"Bishunpur Urf Maharajganj",4022,UP,"Uttar Pradesh",101,IN,India,26.25914000,83.11643000,Q2606051
58068,Biswan,4022,UP,"Uttar Pradesh",101,IN,India,27.49581000,80.99618000,Q858291
58069,Bithur,4022,UP,"Uttar Pradesh",101,IN,India,26.60664000,80.27098000,Q858291
58088,Budaun,4022,UP,"Uttar Pradesh",101,IN,India,28.11667000,78.98333000,Q798839
58091,Budhana,4022,UP,"Uttar Pradesh",101,IN,India,29.28805000,77.47534000,Q861968
58093,Bulandshahr,4022,UP,"Uttar Pradesh",101,IN,India,28.41667000,77.83333000,Q861248
58168,Captainganj,4022,UP,"Uttar Pradesh",101,IN,India,26.92640000,83.71334000,Q2544447
58172,Chail,4022,UP,"Uttar Pradesh",101,IN,India,25.42654000,81.63198000,Q3665740
58173,Chakia,4022,UP,"Uttar Pradesh",101,IN,India,25.04891000,83.22155000,Q3665752
58186,Chandauli,4022,UP,"Uttar Pradesh",101,IN,India,25.25803000,83.26825000,Q2733368
58187,"Chandauli District",4022,UP,"Uttar Pradesh",101,IN,India,25.26134000,83.26408000,Q2733368
147457,Chandausi,4022,UP,"Uttar Pradesh",101,IN,India,28.45000000,78.77000000,Q858672
131600,Chandpur,4022,UP,"Uttar Pradesh",101,IN,India,29.13489000,78.27187000,Q861597
58193,Chanduasi,4022,UP,"Uttar Pradesh",101,IN,India,28.45178000,78.78277000,Q858672
58201,Charkhari,4022,UP,"Uttar Pradesh",101,IN,India,25.40304000,79.74877000,Q886602
131509,Charthawal,4022,UP,"Uttar Pradesh",101,IN,India,29.54687000,77.59438000,
131530,Chhaprauli,4022,UP,"Uttar Pradesh",101,IN,India,29.20989000,77.17454000,Q888805
131531,Chharra,4022,UP,"Uttar Pradesh",101,IN,India,27.92470000,78.40102000,Q26791112
131540,Chhata,4022,UP,"Uttar Pradesh",101,IN,India,27.72374000,77.50810000,Q888816
131533,Chhibramau,4022,UP,"Uttar Pradesh",101,IN,India,27.14872000,79.50078000,Q985000
147458,Chhitauni,4022,UP,"Uttar Pradesh",101,IN,India,27.11666667,83.98333333,Q5094912
131537,Chhutmalpur,4022,UP,"Uttar Pradesh",101,IN,India,30.03209000,77.75329000,Q1105774
131557,Chillupar,4022,UP,"Uttar Pradesh",101,IN,India,26.28221000,83.50640000,Q709260
131569,Chirgaon,4022,UP,"Uttar Pradesh",101,IN,India,25.57198000,78.81432000,Q932111
131572,Chitrakoot,4022,UP,"Uttar Pradesh",101,IN,India,25.20511000,81.08962000,Q165264
147459,"Chitrakoot Dham",4022,UP,"Uttar Pradesh",101,IN,India,25.20000000,80.90000000,Q2341590
131579,Chopan,4022,UP,"Uttar Pradesh",101,IN,India,24.51954000,83.02287000,Q1193786
131584,Chunar,4022,UP,"Uttar Pradesh",101,IN,India,25.12776000,82.88210000,Q1192683
147460,Churk,4022,UP,"Uttar Pradesh",101,IN,India,24.65000000,83.10000000,Q1190845
131621,Colonelganj,4022,UP,"Uttar Pradesh",101,IN,India,27.13432000,81.69868000,Q1193537
131806,Dadri,4022,UP,"Uttar Pradesh",101,IN,India,28.55257000,77.55403000,Q1192802
131646,Dalmau,4022,UP,"Uttar Pradesh",101,IN,India,26.06477000,81.02980000,Q1189794
131653,Dankaur,4022,UP,"Uttar Pradesh",101,IN,India,28.35121000,77.55508000,Q1190816
147461,Daraganj,4022,UP,"Uttar Pradesh",101,IN,India,25.43333333,81.88333333,Q5222034
147462,Daranagar,4022,UP,"Uttar Pradesh",101,IN,India,25.68162080,81.34975790,Q15212833
131811,Dasna,4022,UP,"Uttar Pradesh",101,IN,India,28.67736000,77.52252000,Q1190804
131812,Dataganj,4022,UP,"Uttar Pradesh",101,IN,India,28.02530000,79.40819000,Q1192215
131668,Daurala,4022,UP,"Uttar Pradesh",101,IN,India,29.11344000,77.70467000,Q1190900
131674,"Dayal Bagh",4022,UP,"Uttar Pradesh",101,IN,India,27.22122000,78.01095000,Q26791189
131682,Deoband,4022,UP,"Uttar Pradesh",101,IN,India,29.69505000,77.67964000,Q1017658
147463,Deogarh,4022,UP,"Uttar Pradesh",101,IN,India,24.52600000,78.23800000,Q955652
131689,Deoranian,4022,UP,"Uttar Pradesh",101,IN,India,28.62989000,79.47648000,Q1190738
131692,Deoria,4022,UP,"Uttar Pradesh",101,IN,India,26.66667000,83.75000000,Q1023685
147464,Derapur,4022,UP,"Uttar Pradesh",101,IN,India,26.41666667,79.80000000,Q5261353
131708,Dewa,4022,UP,"Uttar Pradesh",101,IN,India,27.03621000,81.16692000,Q1253622
131750,Dhampur,4022,UP,"Uttar Pradesh",101,IN,India,29.30883000,78.51083000,Q1259747
131714,Dhanaura,4022,UP,"Uttar Pradesh",101,IN,India,28.95912000,78.25629000,Q1258768
147465,Dhanghata,4022,UP,"Uttar Pradesh",101,IN,India,26.55419444,83.00806111,Q5268957
147466,Dharau,4022,UP,"Uttar Pradesh",101,IN,India,26.38333333,79.96666667,Q5269171
131731,Dhaurahra,4022,UP,"Uttar Pradesh",101,IN,India,27.99814000,81.08975000,Q26790326
131761,Dibai,4022,UP,"Uttar Pradesh",101,IN,India,28.20849000,78.26173000,Q592554
147467,Divrasai,4022,UP,"Uttar Pradesh",101,IN,India,26.81900000,79.14900000,Q5284685
131783,Dohrighat,4022,UP,"Uttar Pradesh",101,IN,India,26.27217000,83.50916000,Q1257816
147468,Domariaganj,4022,UP,"Uttar Pradesh",101,IN,India,27.22000000,82.67000000,Q5289933
131791,Dostpur,4022,UP,"Uttar Pradesh",101,IN,India,26.27486000,82.47091000,Q1387112
131818,Dudhi,4022,UP,"Uttar Pradesh",101,IN,India,24.21357000,83.24067000,Q1387427
131845,Etah,4022,UP,"Uttar Pradesh",101,IN,India,27.50000000,78.75000000,Q1525330
131849,Etawah,4022,UP,"Uttar Pradesh",101,IN,India,26.75000000,79.25000000,Q878237
147469,Etmadpur,4022,UP,"Uttar Pradesh",101,IN,India,27.23971944,78.20000000,Q1524692
131851,Faizabad,4022,UP,"Uttar Pradesh",101,IN,India,26.75000000,82.00000000,Q842411
131852,Farah,4022,UP,"Uttar Pradesh",101,IN,India,27.32081000,77.76185000,Q1522971
131860,Faridnagar,4022,UP,"Uttar Pradesh",101,IN,India,28.76923000,77.62934000,Q1523007
131861,Faridpur,4022,UP,"Uttar Pradesh",101,IN,India,28.20997000,79.54149000,Q741724
131858,Farrukhabad,4022,UP,"Uttar Pradesh",101,IN,India,27.50000000,79.50000000,Q4549
131871,Fatehabad,4022,UP,"Uttar Pradesh",101,IN,India,27.02645000,78.30270000,Q179046
131863,"Fatehganj West",4022,UP,"Uttar Pradesh",101,IN,India,28.46620000,79.30657000,Q26789979
131864,Fatehgarh,4022,UP,"Uttar Pradesh",101,IN,India,27.36409000,79.63111000,Q1023671
131868,Fatehpur,4022,UP,"Uttar Pradesh",101,IN,India,25.75000000,80.75000000,Q1525461
147470,"Fatehpur (Barabanki)",4022,UP,"Uttar Pradesh",101,IN,India,27.17000000,81.22000000,Q1524065
131869,"Fatehpur Chaurasi",4022,UP,"Uttar Pradesh",101,IN,India,26.78925000,80.26547000,Q1524332
131870,"Fatehpur Sikri",4022,UP,"Uttar Pradesh",101,IN,India,27.09370000,77.66003000,Q179046
131876,Firozabad,4022,UP,"Uttar Pradesh",101,IN,India,27.20072000,78.42867000,Q1452991
131880,Fyzabad,4022,UP,"Uttar Pradesh",101,IN,India,26.77549000,82.15018000,Q842411
147471,Gahlon,4022,UP,"Uttar Pradesh",101,IN,India,26.53333333,79.96666667,Q5516924
147472,Gahmar,4022,UP,"Uttar Pradesh",101,IN,India,25.49700000,83.82200000,Q5516927
147473,Gaini,4022,UP,"Uttar Pradesh",101,IN,India,28.21000000,79.16000000,Q5517286
131894,Gajraula,4022,UP,"Uttar Pradesh",101,IN,India,28.84570000,78.23960000,Q1524653
131903,Gangoh,4022,UP,"Uttar Pradesh",101,IN,India,29.78004000,77.26346000,Q1654816
147474,"Ganj Dundawara",4022,UP,"Uttar Pradesh",101,IN,India,27.73277778,78.94166667,Q1654851
131912,"Ganj Dundwara",4022,UP,"Uttar Pradesh",101,IN,India,27.73308000,78.94119000,Q1654851
131913,"Ganj Muradabad",4022,UP,"Uttar Pradesh",101,IN,India,26.95733000,80.18400000,Q268045
131916,Garautha,4022,UP,"Uttar Pradesh",101,IN,India,25.57190000,79.29764000,Q1654825
131919,"Garhi Pukhta",4022,UP,"Uttar Pradesh",101,IN,India,29.54980000,77.30881000,Q1657028
131920,Garhmuktesar,4022,UP,"Uttar Pradesh",101,IN,India,28.78732000,78.10214000,Q26789435
147475,Garhwa,4022,UP,"Uttar Pradesh",101,IN,India,24.18000000,83.82000000,Q1656897
147476,Gauriganj,4022,UP,"Uttar Pradesh",101,IN,India,26.20600000,81.69000000,Q15207942
131929,"Gautam Buddha Nagar",4022,UP,"Uttar Pradesh",101,IN,India,28.35898000,77.55076000,Q279871
131931,Gawan,4022,UP,"Uttar Pradesh",101,IN,India,28.41969000,78.35186000,Q1654847
131950,Ghatampur,4022,UP,"Uttar Pradesh",101,IN,India,26.15272000,80.16803000,Q1707190
131953,Ghaziabad,4022,UP,"Uttar Pradesh",101,IN,India,28.66535000,77.43915000,Q207098
131940,Ghazipur,4022,UP,"Uttar Pradesh",101,IN,India,25.58333000,83.58526000,Q1006321
131941,Ghiror,4022,UP,"Uttar Pradesh",101,IN,India,27.18912000,78.79312000,Q26789451
131945,Ghorawal,4022,UP,"Uttar Pradesh",101,IN,India,24.75459000,82.77965000,Q1707134
131946,Ghosi,4022,UP,"Uttar Pradesh",101,IN,India,26.10587000,83.53930000,Q1707016
131969,Gohand,4022,UP,"Uttar Pradesh",101,IN,India,25.69871000,79.54567000,Q1707176
131973,Gokul,4022,UP,"Uttar Pradesh",101,IN,India,27.43926000,77.72019000,Q12424362
131974,"Gola Bazar",4022,UP,"Uttar Pradesh",101,IN,India,26.34460000,83.35303000,Q1925043
131975,"Gola Gokarannath",4022,UP,"Uttar Pradesh",101,IN,India,28.07837000,80.47054000,Q12424722
131981,Gonda,4022,UP,"Uttar Pradesh",101,IN,India,27.18581000,81.96693000,Q2428556
131990,Gopamau,4022,UP,"Uttar Pradesh",101,IN,India,27.53468000,80.28507000,Q734556
131992,Gorakhpur,4022,UP,"Uttar Pradesh",101,IN,India,26.91667000,83.25000000,Q5584396
147478,Gosainganj,4022,UP,"Uttar Pradesh",101,IN,India,26.77000000,81.12000000,Q1707530
131998,Goshainganj,4022,UP,"Uttar Pradesh",101,IN,India,26.57115000,82.38091000,Q1707229
132000,Govardhan,4022,UP,"Uttar Pradesh",101,IN,India,27.49658000,77.46263000,Q1707255
132005,"Greater Noida",4022,UP,"Uttar Pradesh",101,IN,India,28.49615000,77.53601000,Q2711899
132019,Gulaothi,4022,UP,"Uttar Pradesh",101,IN,India,28.58938000,77.79318000,Q1707543
132026,Gunnaur,4022,UP,"Uttar Pradesh",101,IN,India,28.23995000,78.43994000,Q1708842
132035,Gursahaiganj,4022,UP,"Uttar Pradesh",101,IN,India,27.11518000,79.73174000,Q1707142
132036,Gursarai,4022,UP,"Uttar Pradesh",101,IN,India,25.61677000,79.18053000,Q1707577
132042,Gyanpur,4022,UP,"Uttar Pradesh",101,IN,India,25.33268000,82.46637000,Q1557962
132057,Haldaur,4022,UP,"Uttar Pradesh",101,IN,India,29.28988000,78.28437000,Q1707597
132062,Hamirpur,4022,UP,"Uttar Pradesh",101,IN,India,25.75000000,80.00000000,Q2737448
132064,Handia,4022,UP,"Uttar Pradesh",101,IN,India,25.36379000,82.18655000,Q1707590
132142,Hapur,4022,UP,"Uttar Pradesh",101,IN,India,28.72985000,77.78068000,Q11139912
147479,Haraipur,4022,UP,"Uttar Pradesh",101,IN,India,26.90000000,79.70000000,Q15222978
132068,Haraiya,4022,UP,"Uttar Pradesh",101,IN,India,26.79477000,82.46436000,Q1707848
147480,Harchandpur,4022,UP,"Uttar Pradesh",101,IN,India,26.36000000,81.17000000,Q5654953
132072,Hardoi,4022,UP,"Uttar Pradesh",101,IN,India,27.41667000,80.25000000,Q1708143
132074,Harduaganj,4022,UP,"Uttar Pradesh",101,IN,India,27.94361000,78.15789000,Q1707052
132085,Hasanpur,4022,UP,"Uttar Pradesh",101,IN,India,28.72249000,78.28436000,Q12460079
132087,Hastinapur,4022,UP,"Uttar Pradesh",101,IN,India,29.16042000,78.00762000,Q956732
132146,Hata,4022,UP,"Uttar Pradesh",101,IN,India,26.74120000,83.74526000,Q3783627
147481,"Hata (India)",4022,UP,"Uttar Pradesh",101,IN,India,26.75000000,83.74000000,Q3783627
132144,Hathras,4022,UP,"Uttar Pradesh",101,IN,India,27.59551000,78.05201000,Q1709695
147482,Hulas,4022,UP,"Uttar Pradesh",101,IN,India,29.69027778,77.36027778,Q5935531
147483,Ibrahimpur,4022,UP,"Uttar Pradesh",101,IN,India,26.01027778,83.16861111,Q2441663
132156,Iglas,4022,UP,"Uttar Pradesh",101,IN,India,27.71100000,77.93967000,Q1755803
132157,Ikauna,4022,UP,"Uttar Pradesh",101,IN,India,27.53097000,81.96917000,Q1753938
132164,Indergarh,4022,UP,"Uttar Pradesh",101,IN,India,26.93521000,79.67120000,Q1753651
147484,Indragarh,4022,UP,"Uttar Pradesh",101,IN,India,29.91299444,74.32284167,Q1753716
132173,Islamnagar,4022,UP,"Uttar Pradesh",101,IN,India,28.32896000,78.72524000,Q2725852
147485,"Islamnagar (Badaun)",4022,UP,"Uttar Pradesh",101,IN,India,28.33000000,78.72000000,Q2725852
132176,Itaunja,4022,UP,"Uttar Pradesh",101,IN,India,27.08347000,80.89672000,Q1756056
132177,Itimadpur,4022,UP,"Uttar Pradesh",101,IN,India,27.23541000,78.19829000,Q1756056
132187,Jagdishpur,4022,UP,"Uttar Pradesh",101,IN,India,26.74967000,80.54510000,Q2452913
132191,Jagnair,4022,UP,"Uttar Pradesh",101,IN,India,26.86360000,77.60231000,Q26788831
132197,Jahanabad,4022,UP,"Uttar Pradesh",101,IN,India,28.63025000,79.71818000,Q3806140
147486,"Jahanabad (Pilibhit)",4022,UP,"Uttar Pradesh",101,IN,India,28.63330000,79.80000000,Q3806140
132196,Jahangirabad,4022,UP,"Uttar Pradesh",101,IN,India,28.40549000,78.10588000,Q2016849
132195,Jahangirpur,4022,UP,"Uttar Pradesh",101,IN,India,28.17919000,77.70501000,Q1925049
132200,Jainpur,4022,UP,"Uttar Pradesh",101,IN,India,26.15389000,83.33505000,Q2441673
132202,Jais,4022,UP,"Uttar Pradesh",101,IN,India,26.26490000,81.54855000,Q608760
132221,Jalalabad,4022,UP,"Uttar Pradesh",101,IN,India,29.61853000,77.43908000,Q2016869
132224,Jalali,4022,UP,"Uttar Pradesh",101,IN,India,27.86680000,78.25267000,Q2544386
132220,Jalalpur,4022,UP,"Uttar Pradesh",101,IN,India,26.31162000,82.73859000,Q2016869
132306,Jalaun,4022,UP,"Uttar Pradesh",101,IN,India,26.00000000,79.50000000,Q2016904
132212,Jalesar,4022,UP,"Uttar Pradesh",101,IN,India,27.47315000,78.30310000,Q2007607
147487,Janghai,4022,UP,"Uttar Pradesh",101,IN,India,25.55000000,82.31666667,Q15229325
132313,Jansath,4022,UP,"Uttar Pradesh",101,IN,India,29.32502000,77.85044000,Q2441565
147488,Jarwa,4022,UP,"Uttar Pradesh",101,IN,India,27.65000000,82.51666667,Q6161281
132242,Jarwal,4022,UP,"Uttar Pradesh",101,IN,India,27.16290000,81.54179000,Q2441603
132248,Jasrana,4022,UP,"Uttar Pradesh",101,IN,India,27.23587000,78.65244000,Q774370
132249,Jaswantnagar,4022,UP,"Uttar Pradesh",101,IN,India,26.88271000,78.90256000,Q2441652
132252,Jaunpur,4022,UP,"Uttar Pradesh",101,IN,India,25.75000000,82.75000000,Q1025475
132264,Jewar,4022,UP,"Uttar Pradesh",101,IN,India,28.12200000,77.55734000,Q2281629
147489,Jhajhar,4022,UP,"Uttar Pradesh",101,IN,India,27.86000000,75.28000000,Q6190760
132277,Jhalu,4022,UP,"Uttar Pradesh",101,IN,India,29.33609000,78.22608000,Q2441614
132279,Jhansi,4022,UP,"Uttar Pradesh",101,IN,India,25.50000000,78.50000000,Q242995
132280,Jhinjhak,4022,UP,"Uttar Pradesh",101,IN,India,26.56093000,79.73423000,Q269511
132271,Jhinjhana,4022,UP,"Uttar Pradesh",101,IN,India,29.52118000,77.22470000,Q2441593
132281,Jhusi,4022,UP,"Uttar Pradesh",101,IN,India,25.43745000,81.90550000,Q2308530
147490,Jiyanpur,4022,UP,"Uttar Pradesh",101,IN,India,26.15000000,83.33000000,Q2441673
132303,"Jyotiba Phule Nagar",4022,UP,"Uttar Pradesh",101,IN,India,28.77160000,78.33871000,Q1891677
132320,Kabrai,4022,UP,"Uttar Pradesh",101,IN,India,25.40281000,79.99970000,Q2441646
132322,Kachhwa,4022,UP,"Uttar Pradesh",101,IN,India,25.20615000,82.71442000,Q2441584
132325,Kadaura,4022,UP,"Uttar Pradesh",101,IN,India,25.98537000,79.83842000,Q2441694
132676,Kadipur,4022,UP,"Uttar Pradesh",101,IN,India,26.16779000,82.37028000,Q2308537
147491,Kagarol,4022,UP,"Uttar Pradesh",101,IN,India,27.01666667,77.85000000,Q6346377
132335,Kaimganj,4022,UP,"Uttar Pradesh",101,IN,India,27.55441000,79.33525000,Q2543754
132339,Kairana,4022,UP,"Uttar Pradesh",101,IN,India,29.39541000,77.20540000,Q2450872
132679,Kakori,4022,UP,"Uttar Pradesh",101,IN,India,26.86800000,80.78570000,Q2450968
132342,Kakrala,4022,UP,"Uttar Pradesh",101,IN,India,27.89269000,79.19450000,Q2441509
132690,Kalinagar,4022,UP,"Uttar Pradesh",101,IN,India,28.62019000,80.08152000,Q2441455
132683,Kalpi,4022,UP,"Uttar Pradesh",101,IN,India,26.11667000,79.73333000,Q2281643
147492,Kalyanpur,4022,UP,"Uttar Pradesh",101,IN,India,26.51912222,80.24980556,Q6355006
132361,Kamalganj,4022,UP,"Uttar Pradesh",101,IN,India,27.26181000,79.63134000,Q2441528
132364,Kampil,4022,UP,"Uttar Pradesh",101,IN,India,27.61268000,79.27687000,Q2544221
132697,Kandhla,4022,UP,"Uttar Pradesh",101,IN,India,29.32104000,77.27101000,Q2309869
132378,Kannauj,4022,UP,"Uttar Pradesh",101,IN,India,27.01770000,79.67846000,Q614890
132384,Kanpur,4022,UP,"Uttar Pradesh",101,IN,India,26.46523000,80.34975000,Q31856807
132385,"Kanpur Dehat",4022,UP,"Uttar Pradesh",101,IN,India,26.41506000,79.98957000,Q610612
132711,Kant,4022,UP,"Uttar Pradesh",101,IN,India,27.81049000,79.79185000,Q1928835
132712,Kanth,4022,UP,"Uttar Pradesh",101,IN,India,29.05939000,78.62951000,Q2725679
147493,Kaptanganj,4022,UP,"Uttar Pradesh",101,IN,India,26.93000000,83.72000000,Q2544447
147494,Kara,4022,UP,"Uttar Pradesh",101,IN,India,25.70000000,81.35000000,Q6367451
132413,Karari,4022,UP,"Uttar Pradesh",101,IN,India,25.45241000,81.42675000,Q2441465
147495,Karbigwan,4022,UP,"Uttar Pradesh",101,IN,India,26.20000000,80.50000000,Q6368973
147496,Karchana,4022,UP,"Uttar Pradesh",101,IN,India,25.28000000,81.93000000,Q6368995
132400,Karhal,4022,UP,"Uttar Pradesh",101,IN,India,27.00089000,78.93935000,Q2441548
132722,Kasganj,4022,UP,"Uttar Pradesh",101,IN,India,27.80882000,78.64579000,Q2019118
132426,Katra,4022,UP,"Uttar Pradesh",101,IN,India,27.50871000,82.02636000,Q746441
147497,Kausani,4022,UP,"Uttar Pradesh",101,IN,India,29.84305556,79.60333333,Q2565866
132430,"Kaushambi District",4022,UP,"Uttar Pradesh",101,IN,India,25.53074000,81.37729000,Q658886
132440,Kemri,4022,UP,"Uttar Pradesh",101,IN,India,28.80673000,79.20480000,Q303932
132449,Khada,4022,UP,"Uttar Pradesh",101,IN,India,27.18333000,83.88333000,Q2135894
132512,Khaga,4022,UP,"Uttar Pradesh",101,IN,India,25.77215000,81.10393000,Q2120073
147498,Khailar,4022,UP,"Uttar Pradesh",101,IN,India,25.35000000,78.53000000,Q2119908
132454,Khair,4022,UP,"Uttar Pradesh",101,IN,India,27.94195000,77.84243000,Q2119936
132455,Khairabad,4022,UP,"Uttar Pradesh",101,IN,India,27.52698000,80.75461000,Q599786
132459,Khalilabad,4022,UP,"Uttar Pradesh",101,IN,India,26.77268000,83.07179000,Q2483802
132514,Khanpur,4022,UP,"Uttar Pradesh",101,IN,India,28.53446000,78.06546000,Q3418055
132473,Kharela,4022,UP,"Uttar Pradesh",101,IN,India,25.54277000,79.81235000,Q2135557
132475,Khargupur,4022,UP,"Uttar Pradesh",101,IN,India,27.37611000,81.98820000,Q2120241
132479,Kharkhauda,4022,UP,"Uttar Pradesh",101,IN,India,28.83644000,77.74159000,Q2120387
132483,Khatauli,4022,UP,"Uttar Pradesh",101,IN,India,29.27844000,77.73302000,Q2120516
132490,Khekra,4022,UP,"Uttar Pradesh",101,IN,India,28.86586000,77.28410000,Q26787510
132492,Kheri,4022,UP,"Uttar Pradesh",101,IN,India,28.11667000,80.71667000,Q1928876
132503,Khudaganj,4022,UP,"Uttar Pradesh",101,IN,India,28.14607000,79.71472000,Q2234182
132509,Khurja,4022,UP,"Uttar Pradesh",101,IN,India,28.25382000,77.85535000,Q2235607
132520,Khutar,4022,UP,"Uttar Pradesh",101,IN,India,28.20307000,80.27046000,Q2237055
132528,Kirakat,4022,UP,"Uttar Pradesh",101,IN,India,25.63745000,82.91596000,Q747765
132526,Kiraoli,4022,UP,"Uttar Pradesh",101,IN,India,27.13768000,77.78516000,Q747765
132734,Kiratpur,4022,UP,"Uttar Pradesh",101,IN,India,29.50671000,78.20613000,Q779417
132531,Kishanpur,4022,UP,"Uttar Pradesh",101,IN,India,25.64232000,81.02270000,Q26787532
147499,"Kishanpur baral",4022,UP,"Uttar Pradesh",101,IN,India,29.20000000,77.28333333,Q6416553
132532,Kishni,4022,UP,"Uttar Pradesh",101,IN,India,27.02487000,79.26200000,Q2236984
132535,Kithor,4022,UP,"Uttar Pradesh",101,IN,India,28.86684000,77.93861000,Q26787533
132564,Konch,4022,UP,"Uttar Pradesh",101,IN,India,25.99451000,79.15127000,Q2240864
132575,Kopaganj,4022,UP,"Uttar Pradesh",101,IN,India,26.01923000,83.56630000,Q388795
132589,Kosi,4022,UP,"Uttar Pradesh",101,IN,India,27.79449000,77.43680000,Q431049
132592,Kota,4022,UP,"Uttar Pradesh",101,IN,India,24.44643000,83.13063000,Q3816622
132605,Kotra,4022,UP,"Uttar Pradesh",101,IN,India,25.80770000,79.30909000,Q2725557
147500,Kuchesar,4022,UP,"Uttar Pradesh",101,IN,India,28.68333333,77.95000000,Q6441481
147501,Kudarkot,4022,UP,"Uttar Pradesh",101,IN,India,26.81666667,79.40000000,Q6441665
132635,Kulpahar,4022,UP,"Uttar Pradesh",101,IN,India,25.32007000,79.63931000,Q1393339
132644,Kunda,4022,UP,"Uttar Pradesh",101,IN,India,25.71702000,81.51396000,Q2413194
132645,Kundarkhi,4022,UP,"Uttar Pradesh",101,IN,India,28.68304000,78.78559000,Q2236973
147502,Kundarki,4022,UP,"Uttar Pradesh",101,IN,India,28.68300000,78.78500000,Q2236973
132664,Kurara,4022,UP,"Uttar Pradesh",101,IN,India,25.98046000,79.98984000,Q2236466
147503,Kurebharsaidkhanpur,4022,UP,"Uttar Pradesh",101,IN,India,26.43333333,82.11666667,Q6445846
132665,Kushinagar,4022,UP,"Uttar Pradesh",101,IN,India,26.74028000,83.88889000,Q825673
147504,Kusmara,4022,UP,"Uttar Pradesh",101,IN,India,27.11666667,79.28333333,Q2230673
147505,Kuthaund,4022,UP,"Uttar Pradesh",101,IN,India,26.36666667,79.41666667,Q6448420
132790,Laharpur,4022,UP,"Uttar Pradesh",101,IN,India,27.70827000,80.90256000,Q2236872
132748,Lakhimpur,4022,UP,"Uttar Pradesh",101,IN,India,27.94822000,80.77935000,Q8584167
132745,Lakhna,4022,UP,"Uttar Pradesh",101,IN,India,26.64822000,79.14770000,Q2234647
132796,Lalganj,4022,UP,"Uttar Pradesh",101,IN,India,25.93182000,81.70478000,Q720183
132755,Lalitpur,4022,UP,"Uttar Pradesh",101,IN,India,24.50000000,78.50000000,Q1025286
147506,Lambhua,4022,UP,"Uttar Pradesh",101,IN,India,26.15000000,82.21000000,Q6481469
132757,Lar,4022,UP,"Uttar Pradesh",101,IN,India,26.20394000,83.96906000,Q3827036
147507,Lawar,4022,UP,"Uttar Pradesh",101,IN,India,29.11666667,77.76666667,Q2244269
132803,"Lawar Khas",4022,UP,"Uttar Pradesh",101,IN,India,29.11091000,77.77767000,Q2244269
132775,Loni,4022,UP,"Uttar Pradesh",101,IN,India,28.75143000,77.29023000,Q61436
132782,Lucknow,4022,UP,"Uttar Pradesh",101,IN,India,26.83928000,80.92313000,Q47916
132783,"Lucknow District",4022,UP,"Uttar Pradesh",101,IN,India,26.75000000,81.00000000,Q1773416
147508,"Machhali Shahar",4022,UP,"Uttar Pradesh",101,IN,India,25.68000000,82.42000000,Q2233483
132805,Machhlishahr,4022,UP,"Uttar Pradesh",101,IN,India,25.68564000,82.41106000,Q2233483
133057,Madhoganj,4022,UP,"Uttar Pradesh",101,IN,India,27.11807000,80.14058000,Q2232340
133058,Madhogarh,4022,UP,"Uttar Pradesh",101,IN,India,26.27522000,79.18590000,Q2237064
132823,Maghar,4022,UP,"Uttar Pradesh",101,IN,India,26.75586000,83.12773000,Q1748623
132845,Mahaban,4022,UP,"Uttar Pradesh",101,IN,India,27.43262000,77.74338000,Q544790
132826,Maharajganj,4022,UP,"Uttar Pradesh",101,IN,India,27.16945000,83.50667000,Q429091
132836,Mahmudabad,4022,UP,"Uttar Pradesh",101,IN,India,27.29191000,81.11775000,Q1925034
132837,Mahoba,4022,UP,"Uttar Pradesh",101,IN,India,25.29210000,79.87242000,Q1814470
132839,Maholi,4022,UP,"Uttar Pradesh",101,IN,India,27.66368000,80.47371000,Q2543369
147509,Mahrajganj,4022,UP,"Uttar Pradesh",101,IN,India,26.26666667,83.11666667,Q2606051
147510,"Mahrajganj (Raebareli)",4022,UP,"Uttar Pradesh",101,IN,India,26.38333333,81.28333333,Q692633
132840,Mahroni,4022,UP,"Uttar Pradesh",101,IN,India,24.58624000,78.72771000,Q2543313
147511,Mahul,4022,UP,"Uttar Pradesh",101,IN,India,26.13333333,82.81666667,Q6734974
132855,Mailani,4022,UP,"Uttar Pradesh",101,IN,India,28.29088000,80.34380000,Q2606817
132857,Mainpuri,4022,UP,"Uttar Pradesh",101,IN,India,27.16667000,79.00000000,Q2287173
147512,Majhupur,4022,UP,"Uttar Pradesh",101,IN,India,27.03333333,79.41666667,Q15243946
147513,Makanpur,4022,UP,"Uttar Pradesh",101,IN,India,26.90222222,79.97805556,Q6738719
147514,Malasa,4022,UP,"Uttar Pradesh",101,IN,India,26.26755000,79.94489000,Q15244118
132878,Malihabad,4022,UP,"Uttar Pradesh",101,IN,India,26.92223000,80.71078000,Q2543287
132899,Mandawar,4022,UP,"Uttar Pradesh",101,IN,India,29.48655000,78.12732000,Q2441875
132910,Maniar,4022,UP,"Uttar Pradesh",101,IN,India,25.98546000,84.17233000,Q26783828
133079,Manikpur,4022,UP,"Uttar Pradesh",101,IN,India,25.06083000,81.09961000,Q2648298
132914,Manjhanpur,4022,UP,"Uttar Pradesh",101,IN,India,25.53046000,81.37566000,Q2333431
132917,Mankapur,4022,UP,"Uttar Pradesh",101,IN,India,27.05189000,82.22961000,Q926951
133087,Marahra,4022,UP,"Uttar Pradesh",101,IN,India,27.73680000,78.56891000,Q2087705
132936,Mariahu,4022,UP,"Uttar Pradesh",101,IN,India,25.60404000,82.60379000,Q676662
132940,Mataundh,4022,UP,"Uttar Pradesh",101,IN,India,25.43594000,80.15653000,Q2673424
132941,Mathura,4022,UP,"Uttar Pradesh",101,IN,India,27.63333000,77.58333000,Q200311
132944,Mau,4022,UP,"Uttar Pradesh",101,IN,India,26.02940000,83.50756000,Q493091
147515,"Mau Aima",4022,UP,"Uttar Pradesh",101,IN,India,25.70000000,81.91666667,Q2544231
132945,"Mau Aimma",4022,UP,"Uttar Pradesh",101,IN,India,25.69515000,81.92336000,Q2544231
132946,Maudaha,4022,UP,"Uttar Pradesh",101,IN,India,25.68312000,80.11419000,Q580138
147516,Maurawan,4022,UP,"Uttar Pradesh",101,IN,India,26.43000000,80.88000000,Q656717
132951,Mawana,4022,UP,"Uttar Pradesh",101,IN,India,29.10288000,77.92199000,Q2544268
147517,Mawar,4022,UP,"Uttar Pradesh",101,IN,India,26.30416667,79.92111111,Q15252203
132958,Meerut,4022,UP,"Uttar Pradesh",101,IN,India,28.91667000,77.68333000,Q200237
147518,Mehdawal,4022,UP,"Uttar Pradesh",101,IN,India,26.98333333,83.11666667,Q2544297
132962,Mehnagar,4022,UP,"Uttar Pradesh",101,IN,India,25.87889000,83.11611000,Q1122593
132963,Mehndawal,4022,UP,"Uttar Pradesh",101,IN,India,26.97579000,83.10995000,Q2544297
132974,Milak,4022,UP,"Uttar Pradesh",101,IN,India,28.61031000,79.16997000,Q670604
147519,Milkipur,4022,UP,"Uttar Pradesh",101,IN,India,26.60000000,81.91000000,Q3633973
133096,Miranpur,4022,UP,"Uttar Pradesh",101,IN,India,29.29026000,77.94939000,Q2544316
133097,"Miranpur Katra",4022,UP,"Uttar Pradesh",101,IN,India,28.02963000,79.66778000,Q2544316
133095,Mirganj,4022,UP,"Uttar Pradesh",101,IN,India,28.54012000,79.20817000,Q1748364
132976,Mirzapur,4022,UP,"Uttar Pradesh",101,IN,India,25.14490000,82.56534000,Q956371
132977,Misrikh,4022,UP,"Uttar Pradesh",101,IN,India,27.43137000,80.53157000,Q26782310
132986,Mohan,4022,UP,"Uttar Pradesh",101,IN,India,26.78008000,80.67497000,Q1925021
132981,Mohanpur,4022,UP,"Uttar Pradesh",101,IN,India,28.25261000,80.24498000,Q1925007
133001,Moradabad,4022,UP,"Uttar Pradesh",101,IN,India,28.85250000,78.79703000,Q1345006
133004,Moth,4022,UP,"Uttar Pradesh",101,IN,India,25.72595000,78.95029000,Q2228666
133007,Mubarakpur,4022,UP,"Uttar Pradesh",101,IN,India,26.08866000,83.29088000,Q12447218
133014,"Mughal Sarai",4022,UP,"Uttar Pradesh",101,IN,India,25.28307000,83.11968000,Q26782335
133016,Muhammadabad,4022,UP,"Uttar Pradesh",101,IN,India,25.61907000,83.75576000,Q2542966
147520,Mukteshwar,4022,UP,"Uttar Pradesh",101,IN,India,29.47220000,79.64790000,Q3634952
147521,"Mungra Badshahpur",4022,UP,"Uttar Pradesh",101,IN,India,25.65000000,82.18000000,Q2542953
147522,Munsyari,4022,UP,"Uttar Pradesh",101,IN,India,30.06741389,80.23856111,Q14226032
147523,Muradabad,4022,UP,"Uttar Pradesh",101,IN,India,28.83888889,78.77694444,Q330643
133043,Muradnagar,4022,UP,"Uttar Pradesh",101,IN,India,28.78069000,77.49865000,Q2450981
133038,Mursan,4022,UP,"Uttar Pradesh",101,IN,India,27.57788000,77.94091000,Q2725627
133048,Musafir-Khana,4022,UP,"Uttar Pradesh",101,IN,India,26.37837000,81.79607000,Q2542407
147524,Musafirkhana,4022,UP,"Uttar Pradesh",101,IN,India,26.45000000,81.80000000,Q2542407
133051,Muzaffarnagar,4022,UP,"Uttar Pradesh",101,IN,India,29.45000000,77.58333000,Q2768828
133109,Nadigaon,4022,UP,"Uttar Pradesh",101,IN,India,26.10784000,79.02283000,Q2542862
133120,Nagina,4022,UP,"Uttar Pradesh",101,IN,India,29.44433000,78.43646000,Q2441847
147525,Nagla,4022,UP,"Uttar Pradesh",101,IN,India,29.01000000,79.51000000,Q2552187
133119,Nagram,4022,UP,"Uttar Pradesh",101,IN,India,26.61872000,81.14043000,Q2542873
133127,Najibabad,4022,UP,"Uttar Pradesh",101,IN,India,29.61194000,78.34274000,Q2543489
133129,Nakur,4022,UP,"Uttar Pradesh",101,IN,India,29.91964000,77.30438000,Q2234260
133139,Nanauta,4022,UP,"Uttar Pradesh",101,IN,India,29.71215000,77.41728000,Q2542644
133142,Nandgaon,4022,UP,"Uttar Pradesh",101,IN,India,27.71102000,77.38653000,Q2627110
133270,Nanpara,4022,UP,"Uttar Pradesh",101,IN,India,27.86459000,81.50036000,Q2307991
133161,Narauli,4022,UP,"Uttar Pradesh",101,IN,India,28.48547000,78.71484000,Q2542897
133162,Naraura,4022,UP,"Uttar Pradesh",101,IN,India,28.20147000,78.38723000,Q2441434
147526,Narora,4022,UP,"Uttar Pradesh",101,IN,India,28.19666667,78.38138889,Q2441434
147527,Naugama,4022,UP,"Uttar Pradesh",101,IN,India,27.70000000,79.65000000,Q6981102
147528,Naurangpur,4022,UP,"Uttar Pradesh",101,IN,India,27.16666667,79.78333333,Q6981316
133183,Nautanwa,4022,UP,"Uttar Pradesh",101,IN,India,27.42752000,83.41789000,Q2725709
133191,Nawabganj,4022,UP,"Uttar Pradesh",101,IN,India,26.93129000,81.19841000,Q1748351
147529,"Nawabganj (Barabanki)",4022,UP,"Uttar Pradesh",101,IN,India,26.94000000,81.19000000,Q608154
147530,"Nawabganj (Bareilly)",4022,UP,"Uttar Pradesh",101,IN,India,28.54000000,79.63300000,Q1748351
147531,Newara,4022,UP,"Uttar Pradesh",101,IN,India,27.76666667,79.28333333,Q7016573
133212,Nichlaul,4022,UP,"Uttar Pradesh",101,IN,India,27.31247000,83.72530000,Q691786
147532,Nigoh,4022,UP,"Uttar Pradesh",101,IN,India,26.75000000,79.15000000,Q7034115
133215,Nihtaur,4022,UP,"Uttar Pradesh",101,IN,India,29.32416000,78.38724000,Q26780956
133225,Niwari,4022,UP,"Uttar Pradesh",101,IN,India,28.87611000,77.53820000,Q3877398
133228,Nizamabad,4022,UP,"Uttar Pradesh",101,IN,India,26.05295000,83.05787000,Q2424539
133230,Noida,4022,UP,"Uttar Pradesh",101,IN,India,28.58000000,77.33000000,Q278204
133292,Nurpur,4022,UP,"Uttar Pradesh",101,IN,India,29.14956000,78.40840000,Q10938567
133295,Obra,4022,UP,"Uttar Pradesh",101,IN,India,24.41863000,82.98797000,Q1008248
133302,Orai,4022,UP,"Uttar Pradesh",101,IN,India,25.99023000,79.45334000,Q640646
133303,Oran,4022,UP,"Uttar Pradesh",101,IN,India,25.36882000,80.74230000,Q1748417
133309,Pachperwa,4022,UP,"Uttar Pradesh",101,IN,India,27.51234000,82.64297000,Q2718275
133316,Padrauna,4022,UP,"Uttar Pradesh",101,IN,India,26.90403000,83.98087000,Q2341393
133318,Pahasu,4022,UP,"Uttar Pradesh",101,IN,India,28.17220000,78.06376000,Q2718317
147533,Paigaon,4022,UP,"Uttar Pradesh",101,IN,India,27.78333333,77.53333333,Q29156637
133531,Pali,4022,UP,"Uttar Pradesh",101,IN,India,24.49188000,78.41617000,Q3786790
133326,"Palia Kalan",4022,UP,"Uttar Pradesh",101,IN,India,28.43205000,80.58137000,Q2718673
147534,"Paras Rampur",4022,UP,"Uttar Pradesh",101,IN,India,31.32388889,75.67472222,Q7135859
133550,Parichha,4022,UP,"Uttar Pradesh",101,IN,India,25.50789000,78.75954000,Q2718662
133372,Parichhatgarh,4022,UP,"Uttar Pradesh",101,IN,India,28.97841000,77.93422000,Q1390016
133365,Parshadepur,4022,UP,"Uttar Pradesh",101,IN,India,26.07354000,81.49207000,Q3786783
147535,Pathakpura,4022,UP,"Uttar Pradesh",101,IN,India,26.84441000,78.74037000,Q12437584
133385,Patiali,4022,UP,"Uttar Pradesh",101,IN,India,27.69086000,78.99823000,Q208162
133391,Patti,4022,UP,"Uttar Pradesh",101,IN,India,25.92150000,82.20048000,Q3873181
133398,Pawayan,4022,UP,"Uttar Pradesh",101,IN,India,28.06626000,80.10305000,Q11940631
147536,Payagpur,4022,UP,"Uttar Pradesh",101,IN,India,27.40000000,81.80000000,Q16896504
133432,Phalauda,4022,UP,"Uttar Pradesh",101,IN,India,29.18824000,77.82996000,Q2718698
147537,Phaphamau,4022,UP,"Uttar Pradesh",101,IN,India,25.53333333,81.86666667,Q7180664
133435,Phaphund,4022,UP,"Uttar Pradesh",101,IN,India,26.59888000,79.46437000,Q2718260
133436,Phariha,4022,UP,"Uttar Pradesh",101,IN,India,27.32166000,78.47267000,Q26780840
147538,Pheona,4022,UP,"Uttar Pradesh",101,IN,India,29.08333333,78.35000000,Q7181445
133443,Phulpur,4022,UP,"Uttar Pradesh",101,IN,India,25.54895000,82.08950000,Q2718672
147539,Pichhaura,4022,UP,"Uttar Pradesh",101,IN,India,26.33333333,79.31666667,Q7190634
133445,Pihani,4022,UP,"Uttar Pradesh",101,IN,India,27.61987000,80.20343000,Q2718692
133561,Pilibhit,4022,UP,"Uttar Pradesh",101,IN,India,28.63124000,79.80436000,Q1197824
133447,Pilkhua,4022,UP,"Uttar Pradesh",101,IN,India,28.71271000,77.65600000,Q2718583
147540,Pilkhuwa,4022,UP,"Uttar Pradesh",101,IN,India,28.71196944,77.65445556,Q2718583
133452,Pinahat,4022,UP,"Uttar Pradesh",101,IN,India,26.88487000,78.37647000,Q2718289
133456,Pipraich,4022,UP,"Uttar Pradesh",101,IN,India,26.82745000,83.52632000,Q2718126
147541,Pipri,4022,UP,"Uttar Pradesh",101,IN,India,24.18000000,83.00000000,Q2718111
133488,Pratapgarh,4022,UP,"Uttar Pradesh",101,IN,India,25.75000000,81.75000000,Q1636939
57640,"Prayagraj (Allahabad)",4022,UP,"Uttar Pradesh",101,IN,India,25.42012000,81.88385000,Q1773426
133495,Pukhrayan,4022,UP,"Uttar Pradesh",101,IN,India,26.22375000,79.83739000,Q2718080
133569,Puranpur,4022,UP,"Uttar Pradesh",101,IN,India,28.51283000,80.14829000,Q2718070
147542,Purmafi,4022,UP,"Uttar Pradesh",101,IN,India,29.55000000,77.26666667,Q7261323
133514,Purwa,4022,UP,"Uttar Pradesh",101,IN,India,26.45756000,80.77403000,Q2718104
147543,Qadirganj,4022,UP,"Uttar Pradesh",101,IN,India,27.78333333,79.06666667,Q7265776
133578,Rabupura,4022,UP,"Uttar Pradesh",101,IN,India,28.25153000,77.60253000,Q2551301
147544,"Radha Kund",4022,UP,"Uttar Pradesh",101,IN,India,27.52444444,77.49027778,Q2037248
133658,Radhakund,4022,UP,"Uttar Pradesh",101,IN,India,27.52432000,77.49101000,Q2037248
133580,Raebareli,4022,UP,"Uttar Pradesh",101,IN,India,26.23090000,81.23315000,Q1000485
133688,Rajapur,4022,UP,"Uttar Pradesh",101,IN,India,25.38725000,81.15125000,Q2718772
133700,Ramkola,4022,UP,"Uttar Pradesh",101,IN,India,26.90172000,83.83758000,Q729633
133704,Ramnagar,4022,UP,"Uttar Pradesh",101,IN,India,25.26907000,83.02971000,Q2669058
133705,Rampur,4022,UP,"Uttar Pradesh",101,IN,India,28.81014000,79.02699000,Q1487593
133707,Rampura,4022,UP,"Uttar Pradesh",101,IN,India,26.34967000,79.18234000,Q3929948
133720,Ranipur,4022,UP,"Uttar Pradesh",101,IN,India,25.25034000,79.06204000,Q2231200
147545,"Ranipur Barsi",4022,UP,"Uttar Pradesh",101,IN,India,29.90000000,77.21666667,Q7293071
133612,Rasra,4022,UP,"Uttar Pradesh",101,IN,India,25.85760000,83.85487000,Q2718120
133613,Rasulabad,4022,UP,"Uttar Pradesh",101,IN,India,26.74491000,80.49012000,Q2717648
133723,Rath,4022,UP,"Uttar Pradesh",101,IN,India,25.59474000,79.56660000,Q3930467
133728,Raya,4022,UP,"Uttar Pradesh",101,IN,India,27.55607000,77.78972000,Q1925374
147546,Rehar,4022,UP,"Uttar Pradesh",101,IN,India,29.36666667,78.76666667,Q7309780
147547,Renukoot,4022,UP,"Uttar Pradesh",101,IN,India,24.20000000,83.03000000,Q2566510
133628,Renukut,4022,UP,"Uttar Pradesh",101,IN,India,24.21641000,83.03580000,Q2566510
133629,Reoti,4022,UP,"Uttar Pradesh",101,IN,India,25.85091000,84.37780000,Q2718686
147548,Reotipur,4022,UP,"Uttar Pradesh",101,IN,India,25.55000000,83.71666667,Q7313882
133637,Richha,4022,UP,"Uttar Pradesh",101,IN,India,28.69467000,79.52284000,Q2718149
133641,Robertsganj,4022,UP,"Uttar Pradesh",101,IN,India,24.68860000,83.06784000,Q1709323
133737,Rudarpur,4022,UP,"Uttar Pradesh",101,IN,India,26.44467000,83.61302000,Q2718839
147549,Rudauli,4022,UP,"Uttar Pradesh",101,IN,India,26.75000000,81.75000000,Q2551318
133655,Rura,4022,UP,"Uttar Pradesh",101,IN,India,26.49001000,79.90108000,Q2717615
147550,Sabalpur,4022,UP,"Uttar Pradesh",101,IN,India,27.17604900,79.42012000,Q6116430
147551,Sachendi,4022,UP,"Uttar Pradesh",101,IN,India,26.37116500,80.11230000,Q7396692
133744,Sadabad,4022,UP,"Uttar Pradesh",101,IN,India,27.43818000,78.03758000,Q2543436
134059,Sadat,4022,UP,"Uttar Pradesh",101,IN,India,25.67117000,83.30269000,Q1925358
133747,Safipur,4022,UP,"Uttar Pradesh",101,IN,India,26.73783000,80.34350000,Q2717627
133753,Saharanpur,4022,UP,"Uttar Pradesh",101,IN,India,29.90000000,77.68333000,Q242895
133750,Sahaspur,4022,UP,"Uttar Pradesh",101,IN,India,29.12125000,78.62273000,Q2717638
133751,Sahaswan,4022,UP,"Uttar Pradesh",101,IN,India,28.07227000,78.75082000,Q2717953
133754,Sahawar,4022,UP,"Uttar Pradesh",101,IN,India,27.79603000,78.83373000,Q2717629
147552,Sahibabad,4022,UP,"Uttar Pradesh",101,IN,India,28.68333333,77.40000000,Q7399612
147553,Sahpau,4022,UP,"Uttar Pradesh",101,IN,India,27.43527778,78.14138889,Q2717572
133755,Saidpur,4022,UP,"Uttar Pradesh",101,IN,India,25.53749000,83.22378000,Q2717629
147554,Sakhanu,4022,UP,"Uttar Pradesh",101,IN,India,27.95472222,79.22750000,Q586504
133762,Sakit,4022,UP,"Uttar Pradesh",101,IN,India,27.43463000,78.77903000,Q2717655
147555,Salempur,4022,UP,"Uttar Pradesh",101,IN,India,26.30000000,83.91666667,Q2542939
133765,Salon,4022,UP,"Uttar Pradesh",101,IN,India,26.02857000,81.45403000,Q1925383
133770,Sambhal,4022,UP,"Uttar Pradesh",101,IN,India,28.58498000,78.56959000,Q247248
133773,Samthar,4022,UP,"Uttar Pradesh",101,IN,India,25.84348000,78.90683000,Q2543468
134072,Sandi,4022,UP,"Uttar Pradesh",101,IN,India,27.28867000,79.95190000,Q2228906
133778,Sandila,4022,UP,"Uttar Pradesh",101,IN,India,27.06989000,80.51497000,Q2717875
133792,"Sant Kabir Nagar",4022,UP,"Uttar Pradesh",101,IN,India,26.79016000,83.03481000,Q1945445
133793,"Sant Ravi Das Nagar",4022,UP,"Uttar Pradesh",101,IN,India,25.35792000,82.43080000,Q1945445
133813,"Sarai Akil",4022,UP,"Uttar Pradesh",101,IN,India,25.37890000,81.51035000,Q2717644
133799,"Sarai Ekdil",4022,UP,"Uttar Pradesh",101,IN,India,26.74442000,79.09353000,Q2732976
133812,"Sarai Mir",4022,UP,"Uttar Pradesh",101,IN,India,26.02705000,82.91843000,Q2717644
133802,Sarauli,4022,UP,"Uttar Pradesh",101,IN,India,28.49404000,79.09177000,Q26780575
133803,Sardhana,4022,UP,"Uttar Pradesh",101,IN,India,29.14551000,77.61433000,Q2307984
133814,Sarila,4022,UP,"Uttar Pradesh",101,IN,India,25.77579000,79.67535000,Q2717870
147556,Sarurpur,4022,UP,"Uttar Pradesh",101,IN,India,29.03333333,77.23333333,Q7424739
134080,Sasni,4022,UP,"Uttar Pradesh",101,IN,India,27.70287000,78.08278000,Q2717855
133821,Satrikh,4022,UP,"Uttar Pradesh",101,IN,India,26.86045000,81.19567000,Q2717886
133828,Saurikh,4022,UP,"Uttar Pradesh",101,IN,India,27.03051000,79.48813000,Q2717561
133833,Sector,4022,UP,"Uttar Pradesh",101,IN,India,28.57080000,77.32610000,Q946827
133839,Seohara,4022,UP,"Uttar Pradesh",101,IN,India,29.20904000,78.58837000,Q2717525
133905,Shahabad,4022,UP,"Uttar Pradesh",101,IN,India,27.64310000,79.94020000,Q1748735
133892,Shahganj,4022,UP,"Uttar Pradesh",101,IN,India,26.04965000,82.68423000,Q2717661
133894,Shahi,4022,UP,"Uttar Pradesh",101,IN,India,28.55023000,79.31761000,Q3958997
133895,Shahjahanpur,4022,UP,"Uttar Pradesh",101,IN,India,28.00000000,79.83333000,Q2078241
133901,Shahpur,4022,UP,"Uttar Pradesh",101,IN,India,29.35010000,77.55160000,Q3959003
133913,Shamli,4022,UP,"Uttar Pradesh",101,IN,India,29.44970000,77.30959000,Q2450994
133855,Shamsabad,4022,UP,"Uttar Pradesh",101,IN,India,27.01718000,78.12358000,Q1748608
133856,Shankargarh,4022,UP,"Uttar Pradesh",101,IN,India,25.18200000,81.61769000,Q2717353
133862,Shergarh,4022,UP,"Uttar Pradesh",101,IN,India,28.65128000,79.36815000,Q620105
133864,Sherkot,4022,UP,"Uttar Pradesh",101,IN,India,29.32704000,78.57429000,Q2717652
147557,Shibnagar,4022,UP,"Uttar Pradesh",101,IN,India,28.50000000,79.98333333,Q7496066
133869,Shikarpur,4022,UP,"Uttar Pradesh",101,IN,India,28.28072000,78.01411000,Q3959470
147558,"Shikarpur (Bulandshahr)",4022,UP,"Uttar Pradesh",101,IN,India,28.28000000,78.02000000,Q3959470
133867,Shikohabad,4022,UP,"Uttar Pradesh",101,IN,India,27.10800000,78.58661000,Q2717915
133914,Shishgarh,4022,UP,"Uttar Pradesh",101,IN,India,28.72928000,79.31469000,Q2717725
147559,Shivrajpur,4022,UP,"Uttar Pradesh",101,IN,India,26.85722222,79.11500000,Q2717929
133885,Shrawasti,4022,UP,"Uttar Pradesh",101,IN,India,27.50746000,82.00470000,Q1945458
133918,Siddharthnagar,4022,UP,"Uttar Pradesh",101,IN,India,27.25797000,83.01465000,Q15261172
147560,Siddhaur,4022,UP,"Uttar Pradesh",101,IN,India,26.76944444,81.41805556,Q2717475
133921,Sidhauli,4022,UP,"Uttar Pradesh",101,IN,India,27.28202000,80.83450000,Q2717642
133923,Sidhpura,4022,UP,"Uttar Pradesh",101,IN,India,27.63312000,78.86918000,Q2733455
133929,Sikandarabad,4022,UP,"Uttar Pradesh",101,IN,India,28.45226000,77.70004000,Q2717646
133928,Sikandarpur,4022,UP,"Uttar Pradesh",101,IN,India,26.04327000,84.05298000,Q26780648
133930,Sikandra,4022,UP,"Uttar Pradesh",101,IN,India,26.36722000,79.62980000,Q521637
133931,"Sikandra Rao",4022,UP,"Uttar Pradesh",101,IN,India,27.68859000,78.37985000,Q2717618
147561,Sikandrabad,4022,UP,"Uttar Pradesh",101,IN,India,28.44952500,77.69415278,Q2717646
133969,Sirathu,4022,UP,"Uttar Pradesh",101,IN,India,25.64292000,81.31855000,Q2717592
133965,Sirsa,4022,UP,"Uttar Pradesh",101,IN,India,25.26340000,82.09190000,Q3962064
133966,Sirsaganj,4022,UP,"Uttar Pradesh",101,IN,India,27.05715000,78.68661000,Q2717329
133963,Sirsi,4022,UP,"Uttar Pradesh",101,IN,India,28.63916000,78.64303000,Q956754
133971,Sisauli,4022,UP,"Uttar Pradesh",101,IN,India,29.41386000,77.46890000,Q2717503
133972,"Siswa Bazar",4022,UP,"Uttar Pradesh",101,IN,India,27.14652000,83.75803000,Q2717503
134091,Sitapur,4022,UP,"Uttar Pradesh",101,IN,India,27.50000000,80.91667000,Q922701
133992,Sonbhadra,4022,UP,"Uttar Pradesh",101,IN,India,24.40212000,83.05352000,Q607798
134005,Soron,4022,UP,"Uttar Pradesh",101,IN,India,27.89055000,78.74621000,Q2717515
134056,Suar,4022,UP,"Uttar Pradesh",101,IN,India,29.02841000,79.05654000,Q3976469
134040,Sultanpur,4022,UP,"Uttar Pradesh",101,IN,India,26.25000000,82.00000000,Q1356154
134053,Surianwan,4022,UP,"Uttar Pradesh",101,IN,India,25.46387000,82.41922000,Q2341453
134229,Tajpur,4022,UP,"Uttar Pradesh",101,IN,India,29.16242000,78.48458000,Q2336339
134231,Talbahat,4022,UP,"Uttar Pradesh",101,IN,India,25.04357000,78.43441000,Q2336339
134233,Talgram,4022,UP,"Uttar Pradesh",101,IN,India,27.04753000,79.64811000,Q2717357
134235,Tanda,4022,UP,"Uttar Pradesh",101,IN,India,28.97621000,78.94187000,Q3980776
147562,Terha,4022,UP,"Uttar Pradesh",101,IN,India,25.83330000,80.25000000,Q7702356
134136,Thakurdwara,4022,UP,"Uttar Pradesh",101,IN,India,29.19203000,78.86145000,Q2716924
134165,"Thana Bhawan",4022,UP,"Uttar Pradesh",101,IN,India,29.58605000,77.41811000,Q2231193
147563,Tigri,4022,UP,"Uttar Pradesh",101,IN,India,28.51083333,77.23888889,Q2734513
134170,Tikaitnagar,4022,UP,"Uttar Pradesh",101,IN,India,26.94612000,81.56583000,Q26780117
134245,Tikri,4022,UP,"Uttar Pradesh",101,IN,India,29.22910000,77.35479000,Q656788
134171,Tilhar,4022,UP,"Uttar Pradesh",101,IN,India,27.96282000,79.73827000,Q2551283
147564,Tilsahri,4022,UP,"Uttar Pradesh",101,IN,India,26.33330000,80.41670000,Q4881491
134173,Tindwari,4022,UP,"Uttar Pradesh",101,IN,India,25.61739000,80.52718000,Q2717482
134202,Titron,4022,UP,"Uttar Pradesh",101,IN,India,29.66824000,77.32391000,Q2717487
147565,"Tori Fatehpur",4022,UP,"Uttar Pradesh",101,IN,India,25.45000000,79.13330000,Q11952191
134210,Tori-Fatehpur,4022,UP,"Uttar Pradesh",101,IN,India,25.45505000,79.11428000,Q11952191
134218,Tulsipur,4022,UP,"Uttar Pradesh",101,IN,India,27.53370000,82.41653000,Q2543331
134248,Tundla,4022,UP,"Uttar Pradesh",101,IN,India,27.21460000,78.23683000,Q2717192
134261,Ugu,4022,UP,"Uttar Pradesh",101,IN,India,26.79681000,80.32093000,Q2231173
134262,Ujhani,4022,UP,"Uttar Pradesh",101,IN,India,28.00311000,79.00821000,Q2717168
147566,Umri,4022,UP,"Uttar Pradesh",101,IN,India,26.33333333,79.25000000,Q2717180
134471,Un,4022,UP,"Uttar Pradesh",101,IN,India,29.58479000,77.25540000,Q1637459
134285,Unnao,4022,UP,"Uttar Pradesh",101,IN,India,26.50000000,80.50000000,Q939610
147567,Usawan,4022,UP,"Uttar Pradesh",101,IN,India,27.81583333,79.34861111,Q2717451
134294,Usehat,4022,UP,"Uttar Pradesh",101,IN,India,27.79796000,79.23763000,Q2717176
147568,Uska,4022,UP,"Uttar Pradesh",101,IN,India,27.20000000,83.11666667,Q7902015
134296,Utraula,4022,UP,"Uttar Pradesh",101,IN,India,27.31933000,82.41872000,Q2717708
134327,Varanasi,4022,UP,"Uttar Pradesh",101,IN,India,25.31668000,83.01041000,Q79980
147569,Vindhyachal,4022,UP,"Uttar Pradesh",101,IN,India,25.16670000,82.50000000,Q7932336
134376,Vrindavan,4022,UP,"Uttar Pradesh",101,IN,India,27.58105000,77.69662000,Q688281
147570,Walterganj,4022,UP,"Uttar Pradesh",101,IN,India,26.86670000,82.71670000,Q7966562
134401,Wazirganj,4022,UP,"Uttar Pradesh",101,IN,India,28.21145000,79.05665000,Q2542626
147571,Yusufpur,4022,UP,"Uttar Pradesh",101,IN,India,25.66670000,83.46670000,Q8062013
134439,Zafarabad,4022,UP,"Uttar Pradesh",101,IN,India,25.69867000,82.73354000,Q564781
134441,Zaidpur,4022,UP,"Uttar Pradesh",101,IN,India,26.83093000,81.32929000,Q2543268
134442,Zamania,4022,UP,"Uttar Pradesh",101,IN,India,25.41961000,83.55786000,Q919920
57643,Almora,4016,UT,Uttarakhand,101,IN,India,29.69223000,79.49789000,Q1805066
57800,Bageshwar,4016,UT,Uttarakhand,101,IN,India,29.97315000,79.83224000,Q1815313
57879,Barkot,4016,UT,Uttarakhand,101,IN,India,30.80861000,78.20596000,Q2552248
58153,Bazpur,4016,UT,Uttarakhand,101,IN,India,29.15299000,79.10814000,Q759164
58020,"Bhim Tal",4016,UT,Uttarakhand,101,IN,India,29.34447000,79.56336000,Q41991
57998,Bhowali,4016,UT,Uttarakhand,101,IN,India,29.38985000,79.50481000,Q796801
58059,Birbhaddar,4016,UT,Uttarakhand,101,IN,India,30.07120000,78.28189000,Q860226
58176,Chakrata,4016,UT,Uttarakhand,101,IN,India,30.70369000,77.86386000,Q858555
58182,Chamoli,4016,UT,Uttarakhand,101,IN,India,30.50000000,79.50000000,Q1797372
58183,Champawat,4016,UT,Uttarakhand,101,IN,India,29.28756000,80.03737000,Q1797372
131615,"Clement Town",4016,UT,Uttarakhand,101,IN,India,30.26361000,78.00862000,Q1190648
131676,Dehradun,4016,UT,Uttarakhand,101,IN,India,30.33000000,78.06000000,Q1815740
131702,Devaprayag,4016,UT,Uttarakhand,101,IN,India,30.14603000,78.60272000,Q2087756
131754,Dharchula,4016,UT,Uttarakhand,101,IN,India,29.84707000,80.51951000,Q684523
131784,Doiwala,4016,UT,Uttarakhand,101,IN,India,30.17667000,78.11659000,Q1258676
131793,Dugadda,4016,UT,Uttarakhand,101,IN,India,29.80673000,78.61109000,Q1256996
131804,Dwarahat,4016,UT,Uttarakhand,101,IN,India,29.77785000,79.42731000,Q1524687
131923,Garhwal,4016,UT,Uttarakhand,101,IN,India,29.96366000,78.92853000,Q2085474
132058,Haldwani,4016,UT,Uttarakhand,101,IN,India,29.22254000,79.52860000,Q1707839
132069,Harbatpur,4016,UT,Uttarakhand,101,IN,India,30.43863000,77.74058000,Q1707100
132075,Haridwar,4016,UT,Uttarakhand,101,IN,India,29.94791000,78.16025000,Q273030
132247,Jaspur,4016,UT,Uttarakhand,101,IN,India,29.27919000,78.82798000,Q2450948
132296,Joshimath,4016,UT,Uttarakhand,101,IN,India,30.55543000,79.56436000,Q1026878
132685,Kaladhungi,4016,UT,Uttarakhand,101,IN,India,29.28351000,79.35100000,Q2449425
132686,"Kalagarh Project Colony",4016,UT,Uttarakhand,101,IN,India,29.47780000,78.78449000,Q2449425
132418,Kashipur,4016,UT,Uttarakhand,101,IN,India,29.21399000,78.95693000,Q1026180
132484,Khatima,4016,UT,Uttarakhand,101,IN,India,28.92134000,79.97075000,Q940388
132521,Kichha,4016,UT,Uttarakhand,101,IN,India,28.91154000,79.52009000,Q2237143
132597,Kotdwara,4016,UT,Uttarakhand,101,IN,India,29.74612000,78.52219000,Q2087739
132749,Laksar,4016,UT,Uttarakhand,101,IN,India,29.75870000,78.04148000,Q656164
132756,Lansdowne,4016,UT,Uttarakhand,101,IN,India,29.84183000,78.68014000,Q2233977
132767,Lohaghat,4016,UT,Uttarakhand,101,IN,India,29.40356000,80.08965000,Q2236959
132908,Manglaur,4016,UT,Uttarakhand,101,IN,India,29.79094000,77.87836000,Q2552130
133046,Mussoorie,4016,UT,Uttarakhand,101,IN,India,30.45498000,78.07068000,Q668395
133123,"Naini Tal",4016,UT,Uttarakhand,101,IN,India,29.39743000,79.44686000,Q773213
133166,Narendranagar,4016,UT,Uttarakhand,101,IN,India,30.16173000,78.28712000,Q1109422
133394,Pauri,4016,UT,Uttarakhand,101,IN,India,30.15286000,78.77710000,Q2249295
133563,Pipalkoti,4016,UT,Uttarakhand,101,IN,India,30.42553000,79.43066000,Q2980705
133464,Pithoragarh,4016,UT,Uttarakhand,101,IN,India,30.00000000,80.25000000,Q745401
133666,Raipur,4016,UT,Uttarakhand,101,IN,India,30.31097000,78.08979000,Q3929684
133735,"Raiwala Bara",4016,UT,Uttarakhand,101,IN,India,30.01864000,78.22930000,Q3537413
133703,Ramnagar,4016,UT,Uttarakhand,101,IN,India,29.39250000,79.12830000,Q2669058
133716,Ranikhet,4016,UT,Uttarakhand,101,IN,India,29.64082000,79.43229000,Q1923840
133638,Rishikesh,4016,UT,Uttarakhand,101,IN,India,30.10778000,78.29255000,Q502141
133650,Roorkee,4016,UT,Uttarakhand,101,IN,India,29.86632000,77.89118000,Q1020718
133652,Rudraprayag,4016,UT,Uttarakhand,101,IN,India,30.60872000,79.06517000,Q1805059
133973,Sitarganj,4016,UT,Uttarakhand,101,IN,India,28.92930000,79.70436000,Q2720109
134027,Srinagar,4016,UT,Uttarakhand,101,IN,India,30.22243000,78.78341000,Q2548709
134038,Sultanpur,4016,UT,Uttarakhand,101,IN,India,29.75534000,78.11034000,Q2545249
134110,Tanakpur,4016,UT,Uttarakhand,101,IN,India,29.07400000,80.11139000,Q2317343
134122,Tehri,4016,UT,Uttarakhand,101,IN,India,30.39086000,78.48030000,Q2249856
134123,Tehri-Garhwal,4016,UT,Uttarakhand,101,IN,India,30.50000000,78.66667000,Q1357107
134256,"Udham Singh Nagar",4016,UT,Uttarakhand,101,IN,India,29.02746000,79.52347000,Q1805082
134301,Uttarkashi,4016,UT,Uttarakhand,101,IN,India,30.72986000,78.44342000,Q1949097
134360,Vikasnagar,4016,UT,Uttarakhand,101,IN,India,30.46944000,77.77275000,Q2552200
153350,Adra,4853,WB,"West Bengal",101,IN,India,23.49601500,86.67249000,Q490892
141852,Ahmedpur,4853,WB,"West Bengal",101,IN,India,23.83009000,87.68661000,Q584907
141853,Aistala,4853,WB,"West Bengal",101,IN,India,23.18000000,88.58000000,Q585675
141854,Aknapur,4853,WB,"West Bengal",101,IN,India,18.38576389,77.27225278,Q4701468
141855,Alipurduar,4853,WB,"West Bengal",101,IN,India,26.49136000,89.52796000,Q4701468
142112,Amlagora,4853,WB,"West Bengal",101,IN,India,22.84616000,87.33559000,Q2317215
141857,Amta,4853,WB,"West Bengal",101,IN,India,22.57333333,88.01611111,Q25247439
141858,Amtala,4853,WB,"West Bengal",101,IN,India,22.22000000,88.17000000,Q388212
141859,Andal,4853,WB,"West Bengal",101,IN,India,23.60000000,87.20000000,Q766990
141860,"Arambagh community development block",4853,WB,"West Bengal",101,IN,India,22.88000000,87.78000000,Q4783988
141861,Asansol,4853,WB,"West Bengal",101,IN,India,23.68333333,86.96666667,Q202139
141862,"Ashoknagar Kalyangarh",4853,WB,"West Bengal",101,IN,India,22.83300000,88.63300000,Q583568
141863,Badkulla,4853,WB,"West Bengal",101,IN,India,23.28000000,88.53000000,Q4840991
141864,Baduria,4853,WB,"West Bengal",101,IN,India,22.74000000,88.79000000,Q585014
141865,Bagdogra,4853,WB,"West Bengal",101,IN,India,26.69980400,88.31939200,Q4841529
141866,Bagnan,4853,WB,"West Bengal",101,IN,India,22.47000000,87.97000000,Q627013
141867,Bagula,4853,WB,"West Bengal",101,IN,India,23.33500000,88.64400000,Q4842168
141868,Bahula,4853,WB,"West Bengal",101,IN,India,23.65741900,87.19597400,Q627065
141869,Baidyabati,4853,WB,"West Bengal",101,IN,India,22.79000000,88.32000000,Q625394
141870,Bakreswar,4853,WB,"West Bengal",101,IN,India,23.88320000,87.37265000,Q3350684
141871,Balarampur,4853,WB,"West Bengal",101,IN,India,23.09714000,86.22292000,Q3350684
141903,"Bali Chak",4853,WB,"West Bengal",101,IN,India,22.36482000,87.55304000,Q858488
141872,Bally,4853,WB,"West Bengal",101,IN,India,22.65000000,88.34000000,Q601897
141873,Balurghat,4853,WB,"West Bengal",101,IN,India,25.21666667,88.76666667,Q633291
141874,"Bamangola community development block",4853,WB,"West Bengal",101,IN,India,25.17000000,88.33500000,Q4853295
141875,Baneswar,4853,WB,"West Bengal",101,IN,India,26.65000000,89.81666667,Q4854849
141876,Bangaon,4853,WB,"West Bengal",101,IN,India,23.07000000,88.82000000,Q622612
141877,Bankra,4853,WB,"West Bengal",101,IN,India,22.63000000,88.30000000,Q637079
141878,Bankura,4853,WB,"West Bengal",101,IN,India,23.25000000,87.06666667,Q1949030
141879,Bansberia,4853,WB,"West Bengal",101,IN,India,22.97000000,88.40000000,Q622607
141880,"Bansihari community development block",4853,WB,"West Bengal",101,IN,India,25.40000000,88.41670000,Q4857141
141881,Barabazar,4853,WB,"West Bengal",101,IN,India,23.36000000,86.65000000,Q637804
141882,Baranagar,4853,WB,"West Bengal",101,IN,India,22.64000000,88.37000000,Q712504
141883,Barasat,4853,WB,"West Bengal",101,IN,India,22.23333333,88.45000000,Q685315
141884,Bardhaman,4853,WB,"West Bengal",101,IN,India,23.25000000,87.85000000,Q709267
141885,Barjora,4853,WB,"West Bengal",101,IN,India,23.43333333,87.28333333,Q712475
141886,Barrackpore,4853,WB,"West Bengal",101,IN,India,22.75000000,88.36666667,Q709298
141887,Baruipur,4853,WB,"West Bengal",101,IN,India,22.35000000,88.44000000,Q708616
141888,Basanti,4853,WB,"West Bengal",101,IN,India,22.18915340,88.67056850,Q4866245
141889,Basirhat,4853,WB,"West Bengal",101,IN,India,22.65722222,88.89416667,Q712515
141904,Bawali,4853,WB,"West Bengal",101,IN,India,22.42563000,88.19336000,Q858488
141890,Begampur,4853,WB,"West Bengal",101,IN,India,22.74000000,88.24000000,Q757843
141891,Belda,4853,WB,"West Bengal",101,IN,India,22.08000000,87.35000000,Q4882099
141892,Beldanga,4853,WB,"West Bengal",101,IN,India,23.93000000,88.25000000,Q2341938
141893,Beliatore,4853,WB,"West Bengal",101,IN,India,23.33333333,87.21666667,Q759158
141894,Berhampore,4853,WB,"West Bengal",101,IN,India,24.10000000,88.25000000,Q633530
141895,Bhadreswar,4853,WB,"West Bengal",101,IN,India,22.82000000,88.35000000,Q2453308
141896,Bhandardaha,4853,WB,"West Bengal",101,IN,India,22.62000000,88.21000000,Q759149
141897,Bhatpara,4853,WB,"West Bengal",101,IN,India,22.86666667,88.41666667,Q854914
141898,"Birbhum district",4853,WB,"West Bengal",101,IN,India,24.00000000,87.58333000,Q2088440
141899,Birpara,4853,WB,"West Bengal",101,IN,India,26.50000000,89.50000000,Q4916936
141900,Bishnupur,4853,WB,"West Bengal",101,IN,India,22.38000000,88.27000000,Q3640429
141901,Bolpur,4853,WB,"West Bengal",101,IN,India,23.67000000,87.72000000,Q858304
141902,"Budge Budge",4853,WB,"West Bengal",101,IN,India,22.47000000,88.17000000,Q858488
141905,Canning,4853,WB,"West Bengal",101,IN,India,22.32000000,88.67000000,Q4886236
141906,Chakapara,4853,WB,"West Bengal",101,IN,India,22.63000000,88.35000000,Q857735
141907,Chakdaha,4853,WB,"West Bengal",101,IN,India,23.08000000,88.52000000,Q857581
141908,Champadanga,4853,WB,"West Bengal",101,IN,India,22.83000000,87.96000000,Q5069871
141914,Champahati,4853,WB,"West Bengal",101,IN,India,22.40026000,88.49209000,Q5118335
141909,Champdani,4853,WB,"West Bengal",101,IN,India,22.80000000,88.37000000,Q857746
141910,Chandannagar,4853,WB,"West Bengal",101,IN,India,22.86666667,88.38333333,Q695591
141911,Chandrakona,4853,WB,"West Bengal",101,IN,India,22.73000000,87.52000000,Q859119
141912,Chittaranjan,4853,WB,"West Bengal",101,IN,India,23.87000000,86.87000000,Q277935
141913,Churulia,4853,WB,"West Bengal",101,IN,India,23.78000000,87.08000000,Q5118335
141915,Contai,4853,WB,"West Bengal",101,IN,India,21.78000000,87.75000000,Q1192104
141916,"Cooch Behar",4853,WB,"West Bengal",101,IN,India,26.31666667,89.43333333,Q313640
141917,Cossimbazar,4853,WB,"West Bengal",101,IN,India,24.12000000,88.28000000,Q675531
141918,"Dakshin Dinajpur district",4853,WB,"West Bengal",101,IN,India,25.22000000,88.76000000,Q533839
141919,Dalkola,4853,WB,"West Bengal",101,IN,India,25.87577000,87.84009000,Q533839
141920,"Dam Dam",4853,WB,"West Bengal",101,IN,India,22.63333333,88.42277778,Q26789881
141921,Darjeeling,4853,WB,"West Bengal",101,IN,India,27.04166667,88.26305556,Q169997
141922,Daulatpur,4853,WB,"West Bengal",101,IN,India,25.32605000,88.32989000,Q169997
141923,Debagram,4853,WB,"West Bengal",101,IN,India,23.68333333,88.28333333,Q5247818
141924,Debipur,4853,WB,"West Bengal",101,IN,India,24.25029000,88.61824000,Q5247818
141925,"Dhaniakhali community development block",4853,WB,"West Bengal",101,IN,India,22.97000000,88.10000000,Q5268978
141926,Dhulagari,4853,WB,"West Bengal",101,IN,India,22.58222222,88.17111111,Q26792208
141927,Dhulian,4853,WB,"West Bengal",101,IN,India,24.68000000,87.97000000,Q1265617
141928,Dhupguri,4853,WB,"West Bengal",101,IN,India,26.60000000,89.02000000,Q1259697
141929,"Diamond Harbour",4853,WB,"West Bengal",101,IN,India,22.20000000,88.20000000,Q1264213
141930,Digha,4853,WB,"West Bengal",101,IN,India,21.68000000,87.55000000,Q5275680
141931,Dinhata,4853,WB,"West Bengal",101,IN,India,26.13000000,89.47000000,Q1264946
141932,Domjur,4853,WB,"West Bengal",101,IN,India,22.64000000,88.22000000,Q677375
141933,Dubrajpur,4853,WB,"West Bengal",101,IN,India,23.80000000,87.38000000,Q656516
141934,Durgapur,4853,WB,"West Bengal",101,IN,India,23.55000000,87.32000000,Q5088
141935,Egra,4853,WB,"West Bengal",101,IN,India,21.90000000,87.53000000,Q1525290
141936,Falakata,4853,WB,"West Bengal",101,IN,India,26.53000000,89.20000000,Q1525281
141937,Farakka,4853,WB,"West Bengal",101,IN,India,24.81667000,87.90000000,Q1525281
141938,"Fort Gloster",4853,WB,"West Bengal",101,IN,India,22.50444444,88.18333333,Q26789993
141939,"Gaighata community development block",4853,WB,"West Bengal",101,IN,India,22.93000000,88.73000000,Q5517019
141940,Gairkata,4853,WB,"West Bengal",101,IN,India,26.68000000,89.03000000,Q1525244
141941,Gangadharpur,4853,WB,"West Bengal",101,IN,India,22.76040000,88.22180000,Q19891544
141942,Gangarampur,4853,WB,"West Bengal",101,IN,India,25.40000000,88.52000000,Q1656762
141943,Garui,4853,WB,"West Bengal",101,IN,India,22.63333333,88.40000000,Q26789439
141944,Garulia,4853,WB,"West Bengal",101,IN,India,22.82000000,88.37000000,Q515118
141945,Ghatal,4853,WB,"West Bengal",101,IN,India,22.67000000,87.72000000,Q1707341
141946,Giria,4853,WB,"West Bengal",101,IN,India,24.51666667,88.06666667,Q5564250
141947,Gobardanga,4853,WB,"West Bengal",101,IN,India,22.87000000,88.76000000,Q1707370
141948,Gobindapur,4853,WB,"West Bengal",101,IN,India,22.59306000,88.09139000,Q1707370
141950,Gopalpur,4853,WB,"West Bengal",101,IN,India,22.61845000,88.75119000,Q2733364
141949,Gopinathpur,4853,WB,"West Bengal",101,IN,India,23.22000000,88.15000000,Q2733364
141951,Gorubathan,4853,WB,"West Bengal",101,IN,India,26.97000000,88.70000000,Q5586957
141952,Gosaba,4853,WB,"West Bengal",101,IN,India,22.16000000,88.80000000,Q5587119
141953,Gosanimari,4853,WB,"West Bengal",101,IN,India,26.15000000,89.36666667,Q5587133
141954,Gurdaha,4853,WB,"West Bengal",101,IN,India,22.73472222,88.75944444,Q26792202
141955,Guskhara,4853,WB,"West Bengal",101,IN,India,23.49277778,87.73472222,Q26788928
141956,Habra,4853,WB,"West Bengal",101,IN,India,22.83000000,88.63000000,Q1708439
141957,Haldia,4853,WB,"West Bengal",101,IN,India,22.06046000,88.10975000,Q1708439
141958,Haldibari,4853,WB,"West Bengal",101,IN,India,26.33000000,88.77000000,Q919568
141959,Halisahar,4853,WB,"West Bengal",101,IN,India,22.95000000,88.42000000,Q1707695
141960,Harindanga,4853,WB,"West Bengal",101,IN,India,22.03333333,88.31666667,Q15223037
141961,Haringhata,4853,WB,"West Bengal",101,IN,India,22.95000000,88.57000000,Q15223039
141962,Haripur,4853,WB,"West Bengal",101,IN,India,22.93611000,88.23194000,Q15223039
141963,Hasimara,4853,WB,"West Bengal",101,IN,India,26.75000000,89.35000000,Q14217868
141964,"Hindusthan Cables Town",4853,WB,"West Bengal",101,IN,India,23.82000000,86.90000000,Q1708886
141965,"Hooghly district",4853,WB,"West Bengal",101,IN,India,22.91000000,88.39000000,Q548518
141966,Howrah,4853,WB,"West Bengal",101,IN,India,22.57688000,88.31857000,Q205697
141967,Ichapur,4853,WB,"West Bengal",101,IN,India,22.80499000,88.37088000,Q15227795
141968,"Indpur community development block",4853,WB,"West Bengal",101,IN,India,23.16670000,86.93330000,Q6026767
141969,"Ingraj Bazar",4853,WB,"West Bengal",101,IN,India,25.00447000,88.14573000,Q6026767
141970,Islampur,4853,WB,"West Bengal",101,IN,India,26.27000000,88.20000000,Q1753900
141971,Jafarpur,4853,WB,"West Bengal",101,IN,India,22.32000000,88.23000000,Q1753775
141972,Jaigaon,4853,WB,"West Bengal",101,IN,India,26.86666667,89.38333333,Q1026903
141973,Jalpaiguri,4853,WB,"West Bengal",101,IN,India,26.51666667,88.73333333,Q1949125
141974,Jamuria,4853,WB,"West Bengal",101,IN,India,23.70000000,87.08000000,Q2286850
141975,Jangipur,4853,WB,"West Bengal",101,IN,India,24.47001000,88.07659000,Q2286850
141976,"Jaynagar Majilpur",4853,WB,"West Bengal",101,IN,India,22.17722222,88.42583333,Q2330643
141977,Jejur,4853,WB,"West Bengal",101,IN,India,22.88000000,88.12000000,Q6176572
141978,Jhalida,4853,WB,"West Bengal",101,IN,India,23.36541000,85.97581000,Q26788218
141979,Jhargram,4853,WB,"West Bengal",101,IN,India,22.45000000,86.98000000,Q2287060
141980,Jhilimili,4853,WB,"West Bengal",101,IN,India,22.81670000,86.61670000,Q6191068
141981,Kakdwip,4853,WB,"West Bengal",101,IN,India,21.88330000,88.18330000,Q6349333
141982,Kalaikunda,4853,WB,"West Bengal",101,IN,India,22.33916667,87.22638889,Q26788257
141983,Kaliaganj,4853,WB,"West Bengal",101,IN,India,25.63000000,88.32000000,Q2330594
141984,Kalimpong,4853,WB,"West Bengal",101,IN,India,27.07059000,88.47529000,Q500877
141985,Kalna,4853,WB,"West Bengal",101,IN,India,23.22000000,88.37000000,Q2733606
141986,Kalyani,4853,WB,"West Bengal",101,IN,India,22.97500000,88.43444444,Q2734589
141987,Kamarhati,4853,WB,"West Bengal",101,IN,India,22.67000000,88.37000000,Q68953
141988,Kamarpukur,4853,WB,"West Bengal",101,IN,India,22.91000000,87.65000000,Q6356067
141989,Kanchrapara,4853,WB,"West Bengal",101,IN,India,22.97000000,88.43000000,Q2088474
141990,Kandi,4853,WB,"West Bengal",101,IN,India,23.95000000,88.03000000,Q1464395
141991,Karimpur,4853,WB,"West Bengal",101,IN,India,23.96666667,88.61666667,Q2330631
141992,Katwa,4853,WB,"West Bengal",101,IN,India,23.65000000,88.13000000,Q2138465
141993,Kenda,4853,WB,"West Bengal",101,IN,India,23.20000000,86.53000000,Q2138474
141994,Keshabpur,4853,WB,"West Bengal",101,IN,India,22.97000000,88.26000000,Q2733584
141995,Kharagpur,4853,WB,"West Bengal",101,IN,India,22.33023900,87.32365300,Q588477
141996,Kharar,4853,WB,"West Bengal",101,IN,India,22.70000000,87.68000000,Q2341768
141997,Kharba,4853,WB,"West Bengal",101,IN,India,25.42000000,88.07000000,Q6400593
141998,Khardaha,4853,WB,"West Bengal",101,IN,India,22.72000000,88.38000000,Q2120110
141999,Khatra,4853,WB,"West Bengal",101,IN,India,22.98000000,86.85000000,Q6400935
142000,Kirnahar,4853,WB,"West Bengal",101,IN,India,23.75000000,87.87000000,Q6415928
142001,Kolkata,4853,WB,"West Bengal",101,IN,India,22.54111111,88.33777778,Q1348
142002,Konnagar,4853,WB,"West Bengal",101,IN,India,22.70000000,88.35000000,Q2235942
142003,Krishnanagar,4853,WB,"West Bengal",101,IN,India,23.40000000,88.50000000,Q1006338
142004,Krishnapur,4853,WB,"West Bengal",101,IN,India,22.67000000,88.26000000,Q3817017
142005,Kshirpai,4853,WB,"West Bengal",101,IN,India,22.71096640,87.61740380,Q2232142
142006,Kulpi,4853,WB,"West Bengal",101,IN,India,22.08000000,88.24000000,Q6443206
142007,Kultali,4853,WB,"West Bengal",101,IN,India,21.90000000,88.40000000,Q6443206
142008,Kulti,4853,WB,"West Bengal",101,IN,India,23.73000000,86.85000000,Q256409
142009,Kurseong,4853,WB,"West Bengal",101,IN,India,26.88000000,88.28000000,Q1025634
142010,Lalgarh,4853,WB,"West Bengal",101,IN,India,22.58000000,87.05000000,Q3826000
142011,Lalgola,4853,WB,"West Bengal",101,IN,India,24.42000000,88.25000000,Q6480291
142012,Loyabad,4853,WB,"West Bengal",101,IN,India,23.67000000,86.67000000,Q2238975
142013,Madanpur,4853,WB,"West Bengal",101,IN,India,23.02000000,88.48000000,Q2563863
142014,Madhyamgram,4853,WB,"West Bengal",101,IN,India,22.70000000,88.45000000,Q2230683
142015,Mahiari,4853,WB,"West Bengal",101,IN,India,22.59000000,88.24000000,Q2563988
142016,"Mahishadal community development block",4853,WB,"West Bengal",101,IN,India,22.18333300,87.98333300,Q6734114
142017,Mainaguri,4853,WB,"West Bengal",101,IN,India,26.57000000,88.82000000,Q587516
142018,Manikpara,4853,WB,"West Bengal",101,IN,India,22.36666667,87.11666667,Q6749631
142019,Masila,4853,WB,"West Bengal",101,IN,India,22.58083000,88.23278000,Q6749631
142020,Mathabhanga,4853,WB,"West Bengal",101,IN,India,26.34197000,89.21555000,Q2453407
142021,"Matiali community development block",4853,WB,"West Bengal",101,IN,India,26.92715900,88.81330490,Q6787401
142022,"Matigara community development block",4853,WB,"West Bengal",101,IN,India,26.71666700,88.38333300,Q6787438
142023,Medinipur,4853,WB,"West Bengal",101,IN,India,22.43333333,87.33333333,Q12447537
142024,"Mejia community development block",4853,WB,"West Bengal",101,IN,India,23.57000000,87.10000000,Q6810483
142025,Memari,4853,WB,"West Bengal",101,IN,India,23.20000000,88.12000000,Q2563886
142026,Mirik,4853,WB,"West Bengal",101,IN,India,26.88700000,88.18700000,Q2733296
142028,Monoharpur,4853,WB,"West Bengal",101,IN,India,22.68000000,88.30000000,Q1125517
142029,Muragacha,4853,WB,"West Bengal",101,IN,India,23.53631000,88.39425000,Q1125517
142030,Muri,4853,WB,"West Bengal",101,IN,India,23.37000000,85.86000000,Q1382206
142031,Murshidabad,4853,WB,"West Bengal",101,IN,India,24.18000000,88.27000000,Q1017175
142032,Nabadwip,4853,WB,"West Bengal",101,IN,India,23.40722222,88.37777778,Q1006330
142033,Nabagram,4853,WB,"West Bengal",101,IN,India,22.29000000,88.51000000,Q2733965
142034,"Nadia district",4853,WB,"West Bengal",101,IN,India,23.40000000,88.50000000,Q1143880
142035,Nagarukhra,4853,WB,"West Bengal",101,IN,India,22.94099000,88.63701000,Q19894359
142036,Nagrakata,4853,WB,"West Bengal",101,IN,India,26.90000000,88.96670000,Q6959043
142037,Naihati,4853,WB,"West Bengal",101,IN,India,22.90000000,88.42000000,Q68593
142038,Naksalbari,4853,WB,"West Bengal",101,IN,India,26.68333333,88.21666667,Q2572438
142039,Nalhati,4853,WB,"West Bengal",101,IN,India,24.30000000,87.82000000,Q6960882
142040,Nalpur,4853,WB,"West Bengal",101,IN,India,22.53000000,88.19000000,Q2453396
142041,"Namkhana community development block",4853,WB,"West Bengal",101,IN,India,21.70000000,88.14000000,Q3335474
142042,Nandigram,4853,WB,"West Bengal",101,IN,India,22.01000000,87.99000000,Q3595727
142043,Nangi,4853,WB,"West Bengal",101,IN,India,22.50833333,88.21527778,Q26792206
142044,"Nayagram community development block",4853,WB,"West Bengal",101,IN,India,22.03190000,87.17810000,Q6983067
142045,"North 24 Parganas district",4853,WB,"West Bengal",101,IN,India,22.13000000,88.50000000,Q338425
142046,Odlabari,4853,WB,"West Bengal",101,IN,India,26.83638889,88.62944444,Q26780991
142047,Paikpara,4853,WB,"West Bengal",101,IN,India,24.77121000,87.92251000,Q26780991
142048,Panagarh,4853,WB,"West Bengal",101,IN,India,23.45000000,87.43000000,Q7129812
142049,Panchla,4853,WB,"West Bengal",101,IN,India,22.54000000,88.14000000,Q2733443
142050,Panchmura,4853,WB,"West Bengal",101,IN,India,22.96670000,87.16670000,Q7130345
142051,Pandua,4853,WB,"West Bengal",101,IN,India,23.08000000,88.28000000,Q2227534
142052,Panihati,4853,WB,"West Bengal",101,IN,India,22.69000000,88.37000000,Q1801463
142053,Panskura,4853,WB,"West Bengal",101,IN,India,22.42000000,87.70000000,Q7131588
142054,Parbatipur,4853,WB,"West Bengal",101,IN,India,22.66250000,88.22222000,Q7131588
142055,"Paschim Medinipur district",4853,WB,"West Bengal",101,IN,India,22.43333333,87.33333333,Q1855537
142056,Patiram,4853,WB,"West Bengal",101,IN,India,25.31666667,88.75000000,Q15265669
142062,Patrasaer,4853,WB,"West Bengal",101,IN,India,23.19697000,87.53319000,Q307442
142057,Patuli,4853,WB,"West Bengal",101,IN,India,23.55000000,88.25000000,Q2733142
142058,Pujali,4853,WB,"West Bengal",101,IN,India,22.47000000,88.15000000,Q2228596
142059,"Puncha community development block",4853,WB,"West Bengal",101,IN,India,23.12300000,86.65300000,Q7259963
142060,"Purba Medinipur district",4853,WB,"West Bengal",101,IN,India,22.30000000,87.91666667,Q1431920
142061,Purulia,4853,WB,"West Bengal",101,IN,India,23.33333333,86.36666667,Q307442
142063,Raghudebbati,4853,WB,"West Bengal",101,IN,India,22.53000000,88.20000000,Q593506
142064,Raghunathpur,4853,WB,"West Bengal",101,IN,India,23.55000000,86.67000000,Q3929423
142065,Raiganj,4853,WB,"West Bengal",101,IN,India,25.61666667,88.11666667,Q2304045
142066,Rajmahal,4853,WB,"West Bengal",101,IN,India,25.05000000,87.84000000,Q2355927
142067,"Rajnagar community development block",4853,WB,"West Bengal",101,IN,India,23.94720000,87.36250000,Q7286329
142068,Ramchandrapur,4853,WB,"West Bengal",101,IN,India,22.90000000,88.48000000,Q2733129
142069,Ramjibanpur,4853,WB,"West Bengal",101,IN,India,22.83000000,87.62000000,Q2016742
142075,Ramnagar,4853,WB,"West Bengal",101,IN,India,22.77778000,88.24639000,Q2453443
142070,"Rampur Hat",4853,WB,"West Bengal",101,IN,India,24.17737000,87.78275000,Q2016742
142071,Ranaghat,4853,WB,"West Bengal",101,IN,India,23.18000000,88.58000000,Q2036954
142072,Raniganj,4853,WB,"West Bengal",101,IN,India,23.62000000,87.13000000,Q2287252
142073,Raypur,4853,WB,"West Bengal",101,IN,India,22.41083000,88.50944000,Q2287252
142074,Rishra,4853,WB,"West Bengal",101,IN,India,22.71000000,88.35000000,Q2453443
142076,Sahapur,4853,WB,"West Bengal",101,IN,India,22.52000000,88.17000000,Q2733967
142077,Sainthia,4853,WB,"West Bengal",101,IN,India,23.95000000,87.67000000,Q740450
142078,"Salanpur community development block",4853,WB,"West Bengal",101,IN,India,23.76702000,86.87492000,Q7403632
142079,Sankarpur,4853,WB,"West Bengal",101,IN,India,23.60000000,87.20000000,Q2560710
142080,Sankrail,4853,WB,"West Bengal",101,IN,India,22.57000000,88.24000000,Q2563979
142081,Santipur,4853,WB,"West Bengal",101,IN,India,23.25000000,88.43000000,Q2035284
142082,Santoshpur,4853,WB,"West Bengal",101,IN,India,22.50000000,88.17000000,Q1321117
142083,"Santuri community development block",4853,WB,"West Bengal",101,IN,India,23.52720000,86.85709000,Q7420728
142084,Sarenga,4853,WB,"West Bengal",101,IN,India,22.54000000,88.21000000,Q2560685
142085,Serampore,4853,WB,"West Bengal",101,IN,India,22.75000000,88.34000000,Q1815367
142086,Serpur,4853,WB,"West Bengal",101,IN,India,24.13000000,88.00000000,Q2733670
142087,"Shyamnagar West Bengal",4853,WB,"West Bengal",101,IN,India,22.83000000,88.37000000,Q5285403
142088,Siliguri,4853,WB,"West Bengal",101,IN,India,26.71004000,88.42851000,Q5087
142089,Singur,4853,WB,"West Bengal",101,IN,India,22.81000000,88.23000000,Q2718731
142090,Sodpur,4853,WB,"West Bengal",101,IN,India,22.70416667,88.39166667,Q26779999
142091,Solap,4853,WB,"West Bengal",101,IN,India,22.12777778,88.15861111,Q26792203
142092,Sonada,4853,WB,"West Bengal",101,IN,India,27.00000000,88.14000000,Q7560731
142093,Sonamukhi,4853,WB,"West Bengal",101,IN,India,23.30000000,87.42000000,Q2560660
142094,"Sonarpur community development block",4853,WB,"West Bengal",101,IN,India,22.44259000,88.43044000,Q7560812
142095,"South 24 Parganas district",4853,WB,"West Bengal",101,IN,India,22.16197000,88.43170000,Q2308319
142096,Srikhanda,4853,WB,"West Bengal",101,IN,India,23.60000000,88.08330000,Q7586398
142097,Srirampur,4853,WB,"West Bengal",101,IN,India,23.35000000,88.12000000,Q2735433
142098,Suri,4853,WB,"West Bengal",101,IN,India,23.91666667,87.53333333,Q2667851
142099,"Swarupnagar community development block",4853,WB,"West Bengal",101,IN,India,22.83330000,88.86670000,Q7653966
142100,Takdah,4853,WB,"West Bengal",101,IN,India,27.03330000,88.36670000,Q7677534
142101,Taki,4853,WB,"West Bengal",101,IN,India,22.59000000,88.92000000,Q3980318
142102,Tamluk,4853,WB,"West Bengal",101,IN,India,22.30000000,87.91666667,Q118278
142103,Tarakeswar,4853,WB,"West Bengal",101,IN,India,22.89000000,88.02000000,Q2453287
142104,Titagarh,4853,WB,"West Bengal",101,IN,India,22.74000000,88.37000000,Q2287264
142105,Tufanganj,4853,WB,"West Bengal",101,IN,India,26.32000000,89.67000000,Q2560618
142106,Tulin,4853,WB,"West Bengal",101,IN,India,23.37000000,85.90000000,Q7852049
142107,Uchalan,4853,WB,"West Bengal",101,IN,India,23.03330000,87.78330000,Q7876658
142108,Ula,4853,WB,"West Bengal",101,IN,India,22.72250000,88.55556000,Q7876658
142109,Uluberia,4853,WB,"West Bengal",101,IN,India,22.47000000,88.11000000,Q2318927
142110,"Uttar Dinajpur district",4853,WB,"West Bengal",101,IN,India,25.62000000,88.12000000,Q2019766
142111,"Uttarpara Kotrung",4853,WB,"West Bengal",101,IN,India,22.67000000,88.35000000,Q2317215