#
# A fatal error has been detected by the Java Runtime Environment:
#
#  SIGBUS (0xa) at pc=0x0000000104b76028, pid=65234, tid=10499
#
# JRE version: OpenJDK Runtime Environment Corretto-19.0.2.7.1 (19.0.2+7) (build 19.0.2+7-FR)
# Java VM: OpenJDK 64-Bit Server VM Corretto-19.0.2.7.1 (19.0.2+7-FR, mixed mode, sharing, tiered, compressed oops, compressed class ptrs, g1 gc, bsd-aarch64)
# Problematic frame:
# C  [libzip.dylib+0x12028]  newEntry+0x68
#
# No core dump will be written. Core dumps have been disabled. To enable core dumping, try "ulimit -c unlimited" before starting Java again
#
# If you would like to submit a bug report, please visit:
#   https://github.com/corretto/corretto-19/issues/
# The crash happened outside the Java Virtual Machine in native code.
# See problematic frame for where to report the bug.
#

---------------  S U M M A R Y ------------

Command Line: -Ddebugger.agent.enable.coroutines=true -Dkotlinx.coroutines.debug.enable.creation.stack.trace=false -Dkotlinx.coroutines.debug.enable.flows.stack.trace=true -Dkotlinx.coroutines.debug.enable.mutable.state.flows.stack.trace=true -agentlib:jdwp=transport=dt_socket,server=n,suspend=y,address=127.0.0.1:51056 -javaagent:/Users/dentalstack/Library/Caches/JetBrains/IdeaIC2025.1/captureAgent/debugger-agent.jar=file:///var/folders/gd/f72wwp8j67n1kr311fwlp_080000gn/T/capture14356048703679106639.props -Dfile.encoding=UTF-8 -Duser.country=IN -Duser.language=en -Duser.variant com.dentalstack.chat.ChatServiceApplication

Host: "MacBookAir10,1" arm64, 8 cores, 16G, Darwin 22.6.0, macOS 13.5.1 (22G90)
Time: Wed Sep  3 09:33:07 2025 IST elapsed time: 0.105927 seconds (0d 0h 0m 0s)

---------------  T H R E A D  ---------------

Current thread (0x000000013680da00):  JavaThread "main" [_thread_in_native, id=10499, stack(0x000000016b560000,0x000000016b763000)]

Stack: [0x000000016b560000,0x000000016b763000],  sp=0x000000016b7616e0,  free space=2053k
Native frames: (J=compiled Java code, j=interpreted, Vv=VM code, C=native code)
C  [libzip.dylib+0x12028]  newEntry+0x68
C  [libzip.dylib+0x11ef8]  ZIP_GetEntry2+0x14c
C  [libzip.dylib+0x12928]  ZIP_FindEntry+0x3c
V  [libjvm.dylib+0x29ce40]  ClassPathZipEntry::open_entry(JavaThread*, char const*, int*, bool)+0x74
V  [libjvm.dylib+0x29cf68]  ClassPathZipEntry::open_stream(JavaThread*, char const*)+0x20
V  [libjvm.dylib+0x2a01a4]  ClassLoader::load_class(Symbol*, bool, JavaThread*)+0x154
V  [libjvm.dylib+0x9deabc]  SystemDictionary::load_instance_class_impl(Symbol*, Handle, JavaThread*)+0x300
V  [libjvm.dylib+0x9dd488]  SystemDictionary::load_instance_class(unsigned int, Symbol*, Handle, JavaThread*)+0x30
V  [libjvm.dylib+0x9dcb88]  SystemDictionary::resolve_instance_class_or_null(Symbol*, Handle, Handle, JavaThread*)+0x494
V  [libjvm.dylib+0x5904f8]  JVM_FindClassFromBootLoader+0xec
C  [libjava.dylib+0x3a18]  Java_java_lang_ClassLoader_findBootstrapClass+0xc4
j  java.lang.ClassLoader.findBootstrapClass(Ljava/lang/String;)Ljava/lang/Class;+0 java.base@19.0.2
j  java.lang.ClassLoader.findBootstrapClassOrNull(Ljava/lang/String;)Ljava/lang/Class;+10 java.base@19.0.2
j  java.lang.System$2.findBootstrapClassOrNull(Ljava/lang/String;)Ljava/lang/Class;+1 java.base@19.0.2
j  jdk.internal.loader.ClassLoaders$BootClassLoader.loadClassOrNull(Ljava/lang/String;Z)Ljava/lang/Class;+4 java.base@19.0.2
j  jdk.internal.loader.BuiltinClassLoader.loadClassOrNull(Ljava/lang/String;)Ljava/lang/Class;+3 java.base@19.0.2
j  jdk.internal.loader.BuiltinClassLoader.loadClassOrNull(Ljava/lang/String;Z)Ljava/lang/Class;+86 java.base@19.0.2
j  jdk.internal.loader.BuiltinClassLoader.loadClassOrNull(Ljava/lang/String;)Ljava/lang/Class;+3 java.base@19.0.2
j  jdk.internal.loader.BuiltinClassLoader.loadClassOrNull(Ljava/lang/String;Z)Ljava/lang/Class;+86 java.base@19.0.2
j  jdk.internal.loader.BuiltinClassLoader.loadClass(Ljava/lang/String;Z)Ljava/lang/Class;+3 java.base@19.0.2
j  jdk.internal.loader.ClassLoaders$AppClassLoader.loadClass(Ljava/lang/String;Z)Ljava/lang/Class;+36 java.base@19.0.2
j  java.lang.ClassLoader.loadClass(Ljava/lang/String;)Ljava/lang/Class;+3 java.base@19.0.2
j  sun.instrument.InstrumentationImpl.loadClassAndStartAgent(Ljava/lang/String;Ljava/lang/String;Ljava/lang/String;)V+8 java.instrument@19.0.2
j  sun.instrument.InstrumentationImpl.loadClassAndCallPremain(Ljava/lang/String;Ljava/lang/String;)V+6 java.instrument@19.0.2
v  ~StubRoutines::call_stub 0x00000001162e4140
V  [libjvm.dylib+0x4eb228]  JavaCalls::call_helper(JavaValue*, methodHandle const&, JavaCallArguments*, JavaThread*)+0x390
V  [libjvm.dylib+0x54b5d0]  jni_invoke_nonstatic(JNIEnv_*, JavaValue*, _jobject*, JNICallType, _jmethodID*, JNI_ArgumentPusher*, JavaThread*)+0x2a8
V  [libjvm.dylib+0x54f818]  jni_CallVoidMethod+0x120
C  [libinstrument.dylib+0x324c]  startJavaAgent+0x90
C  [libinstrument.dylib+0x2cac]  processJavaStart+0x154
C  [libinstrument.dylib+0x24e8]  eventHandlerVMInit+0xf0
V  [libjvm.dylib+0x6ac128]  JvmtiExport::post_vm_initialized()+0x278
V  [libjvm.dylib+0xa0fa00]  Threads::create_vm(JavaVMInitArgs*, bool*)+0x8ac
V  [libjvm.dylib+0x565c08]  JNI_CreateJavaVM+0x78
C  [libjli.dylib+0x8fac]  JavaMain+0x108
C  [libjli.dylib+0xbc18]  ThreadJavaMain+0xc
C  [libsystem_pthread.dylib+0x6fa8]  _pthread_start+0x94

Java frames: (J=compiled Java code, j=interpreted, Vv=VM code)
j  java.lang.ClassLoader.findBootstrapClass(Ljava/lang/String;)Ljava/lang/Class;+0 java.base@19.0.2
j  java.lang.ClassLoader.findBootstrapClassOrNull(Ljava/lang/String;)Ljava/lang/Class;+10 java.base@19.0.2
j  java.lang.System$2.findBootstrapClassOrNull(Ljava/lang/String;)Ljava/lang/Class;+1 java.base@19.0.2
j  jdk.internal.loader.ClassLoaders$BootClassLoader.loadClassOrNull(Ljava/lang/String;Z)Ljava/lang/Class;+4 java.base@19.0.2
j  jdk.internal.loader.BuiltinClassLoader.loadClassOrNull(Ljava/lang/String;)Ljava/lang/Class;+3 java.base@19.0.2
j  jdk.internal.loader.BuiltinClassLoader.loadClassOrNull(Ljava/lang/String;Z)Ljava/lang/Class;+86 java.base@19.0.2
j  jdk.internal.loader.BuiltinClassLoader.loadClassOrNull(Ljava/lang/String;)Ljava/lang/Class;+3 java.base@19.0.2
j  jdk.internal.loader.BuiltinClassLoader.loadClassOrNull(Ljava/lang/String;Z)Ljava/lang/Class;+86 java.base@19.0.2
j  jdk.internal.loader.BuiltinClassLoader.loadClass(Ljava/lang/String;Z)Ljava/lang/Class;+3 java.base@19.0.2
j  jdk.internal.loader.ClassLoaders$AppClassLoader.loadClass(Ljava/lang/String;Z)Ljava/lang/Class;+36 java.base@19.0.2
j  java.lang.ClassLoader.loadClass(Ljava/lang/String;)Ljava/lang/Class;+3 java.base@19.0.2
j  sun.instrument.InstrumentationImpl.loadClassAndStartAgent(Ljava/lang/String;Ljava/lang/String;Ljava/lang/String;)V+8 java.instrument@19.0.2
j  sun.instrument.InstrumentationImpl.loadClassAndCallPremain(Ljava/lang/String;Ljava/lang/String;)V+6 java.instrument@19.0.2
v  ~StubRoutines::call_stub 0x00000001162e4140

siginfo: si_signo: 10 (SIGBUS), si_code: 1 (BUS_ADRALN), si_addr: 0x0000000104a7def0

Registers:
 x0=0x0000600000946df0  x1=0x0000000000000000  x2=0x0000000000000000  x3=0x0000600000946e00
 x4=0x0000600000946e40  x5=0x0000000027000000  x6=0x0000000000000074  x7=0x00000000000000f0
 x8=0x0000000104b8ded4  x9=0x0000000000115ed4 x10=0x0000000000110000 x11=0x0000600000944000
x12=0x0000000000000050 x13=0x00000000ffffffc7 x14=0x00000000000007fb x15=0x00000000a6e1c7fb
x16=0x000000018e0e2310 x17=0x00000001edc5bd60 x18=0x0000000000000000 x19=0x0000600000946df0
x20=0x0000000000000000 x21=0x0000600001f5c000 x22=0x0000000104a7ded4 x23=0x000000004d6bd2f9
x24=0x000000000000002f x25=0x0000000000000032 x26=0x0000600000946e18 x27=0x000000013680e600
x28=0x00000001067f2229  fp=0x000000016b761760  lr=0x4d12000104b75ff4  sp=0x000000016b7616e0
pc=0x0000000104b76028 cpsr=0x0000000060001000

Register to memory mapping:

 x0=0x0000600000946df0 points into unknown readable memory: 0x0000000000000000 | 00 00 00 00 00 00 00 00
 x1=0x0 is NULL
 x2=0x0 is NULL
 x3=0x0000600000946e00 points into unknown readable memory: 0x0000000000000000 | 00 00 00 00 00 00 00 00
 x4=0x0000600000946e40 points into unknown readable memory: 0x0000000000000000 | 00 00 00 00 00 00 00 00
 x5=0x0000000027000000 is an unknown value
 x6=0x0000000000000074 is an unknown value
 x7=0x00000000000000f0 is an unknown value
 x8=0x0000000104b8ded4 points into unknown readable memory: ff ff ff ff
 x9=0x0000000000115ed4 is an unknown value
x10=0x0000000000110000 is an unknown value
x11=0x0000600000944000 points into unknown readable memory: 0x6e696c746f6b442d | 2d 44 6b 6f 74 6c 69 6e
x12=0x0000000000000050 is an unknown value
x13=0x00000000ffffffc7 is an unknown value
x14=0x00000000000007fb is an unknown value
x15=0x00000000a6e1c7fb is an unknown value
x16=0x000000018e0e2310: __bzero+0 in /usr/lib/system/libsystem_platform.dylib at 0x000000018e0df000
x17=0x00000001edc5bd60 points into unknown readable memory: 0x000000018e0e2310 | 10 23 0e 8e 01 00 00 00
x18=0x0 is NULL
x19=0x0000600000946df0 points into unknown readable memory: 0x0000000000000000 | 00 00 00 00 00 00 00 00
x20=0x0 is NULL
x21=0x0000600001f5c000 points into unknown readable memory: 0x0000600000e40600 | 00 06 e4 00 00 60 00 00
x22=0x0000000104a7ded4 points into unknown readable memory: 50 4b 01 02
x23=0x000000004d6bd2f9 is an unknown value
x24=0x000000000000002f is an unknown value
x25=0x0000000000000032 is an unknown value
x26=0x0000600000946e18 points into unknown readable memory: 0x0000000000000000 | 00 00 00 00 00 00 00 00
x27=0x000000013680e600 points into unknown readable memory: 0xffffffff5bbd78a2 | a2 78 bd 5b ff ff ff ff
x28=0x00000001067f2229: UsePerfData+0 in /Users/dentalstack/Library/Java/JavaVirtualMachines/corretto-19.0.2/Contents/Home/lib/server/libjvm.dylib at 0x0000000105b3c000


Top of Stack: (sp=0x000000016b7616e0)
0x000000016b7616e0:   0000000000000000 0000000000000000
0x000000016b7616f0:   0000000000000000 0000000000000000
0x000000016b761700:   0000000000000000 0000000000000000
0x000000016b761710:   00000001067f2229 000000013680e600
0x000000016b761720:   00000000000000a2 0000000000000032
0x000000016b761730:   000000000000002f 000000004d6bd2f9
0x000000016b761740:   0000000000000000 0000000000000000
0x000000016b761750:   0000000156604b60 0000600001f5c000
0x000000016b761760:   000000016b7617c0 0000000104b75ef8
0x000000016b761770:   00000001067f2229 000000000000002c
0x000000016b761780:   000000013680dd74 0000000156604b60
0x000000016b761790:   00006000024534e0 0000000156604b60
0x000000016b7617a0:   0000600001f5c000 0000000156604b60
0x000000016b7617b0:   000000016b7618ec 000000016b761804
0x000000016b7617c0:   000000016b7617f0 0000000104b76928
0x000000016b7617d0:   000000016b7618ec 00006000024534e0
0x000000016b7617e0:   0000000000000000 000000013680da00
0x000000016b7617f0:   000000016b7618d0 0000000105dd8e40
0x000000016b761800:   000000010664fe10 0000000000000100
0x000000016b761810:   000000016b761830 00000001060db454
0x000000016b761820:   000000010664fe10 000000016b7618b0
0x000000016b761830:   000000016b761880 00000001062036fc
0x000000016b761840:   0000000000000000 0000000000000000
0x000000016b761850:   0000000000000001 0000600003f7a7c0
0x000000016b761860:   000000013680da00 00000000000003d8
0x000000016b761870:   0000000106666422 000000016b761990
0x000000016b761880:   000000016b7618a0 2ac7deaa93f10035
0x000000016b761890:   0000000000000001 0000000156604b60
0x000000016b7618a0:   00006000024534e0 0000600003f7a7c0
0x000000016b7618b0:   000000013680da00 00000000000003d8
0x000000016b7618c0:   0000000156604b20 00006000024534e0
0x000000016b7618d0:   000000016b761900 0000000105dd8f68 

Instructions: (pc=0x0000000104b76028)
0x0000000104b75f28:   6b0c017f 54ffff60 17ffffde d2800016
0x0000000104b75f38:   72001ebf 54000160 b5000156 f100073f
0x0000000104b75f48:   54fff7cb 51000728 38684a88 7100bd1f
0x0000000104b75f58:   54fff741 d2800016 14000002 f9004e7f
0x0000000104b75f68:   f9402a60 94000494 aa1603e0 a9457bfd
0x0000000104b75f78:   a9444ff4 a94357f6 a9425ff8 a94167fa
0x0000000104b75f88:   a8c66ffc d65f03c0 6b03003f 540000e1
0x0000000104b75f98:   71000421 540000eb 38401408 38401449
0x0000000104b75fa8:   6b09011f 54ffff60 52800000 d65f03c0
0x0000000104b75fb8:   52800020 d65f03c0 d10243ff a9036ffc
0x0000000104b75fc8:   a90467fa a9055ff8 a90657f6 a9074ff4
0x0000000104b75fd8:   a9087bfd 910203fd aa0203f4 aa0103f6
0x0000000104b75fe8:   aa0003f5 52800900 9400049a aa0003f3
0x0000000104b75ff8:   b4001340 f900027f aa1303fa f8028f5f
0x0000000104b76008:   f9001a7f 3940c2a8 34000288 f9400ea8
0x0000000104b76018:   f94006c9 f94016aa 8b090108 cb0a0116
0x0000000104b76028:   79403ad8 39407ad7 39407edb 794042c8
0x0000000104b76038:   f90017e8 b9400ec8 f9000668 b9401ac8
0x0000000104b76048:   f9000fe8 f9000a68 794016c8 34000488
0x0000000104b76058:   b94016c8 14000023 f94006d7 34000d34
0x0000000104b76068:   f9401ea8 b4000288 f94022a9 eb17013f
0x0000000104b76078:   5400022c 5283fa4a 8b0a012a eb17015f
0x0000000104b76088:   540001ab 9140092a 8b170108 cb090116
0x0000000104b76098:   79403ac8 79403ec9 794042cb 8b0802e8
0x0000000104b760a8:   8b090108 8b0b0108 9100b908 eb0a011f
0x0000000104b760b8:   54000b2d aa1503e0 aa1703e1 52840002
0x0000000104b760c8:   940003b8 aa0003f6 b4000a80 f9401ea0
0x0000000104b760d8:   94000451 a903deb6 17ffffd2 d2800008
0x0000000104b760e8:   aa0803fc f9000e68 b94012c8 b9002268
0x0000000104b760f8:   b842a2c9 f9405ea8 f9000be9 8b090108
0x0000000104b76108:   cb0803e8 f9001e68 794012c8 b9004268
0x0000000104b76118:   91000700 9400044f aa0003f9 f9000260 


Stack slot to memory mapping:
stack at sp + 0 slots: 0x0 is NULL
stack at sp + 1 slots: 0x0 is NULL
stack at sp + 2 slots: 0x0 is NULL
stack at sp + 3 slots: 0x0 is NULL
stack at sp + 4 slots: 0x0 is NULL
stack at sp + 5 slots: 0x0 is NULL
stack at sp + 6 slots: 0x00000001067f2229: UsePerfData+0 in /Users/dentalstack/Library/Java/JavaVirtualMachines/corretto-19.0.2/Contents/Home/lib/server/libjvm.dylib at 0x0000000105b3c000
stack at sp + 7 slots: 0x000000013680e600 points into unknown readable memory: 0xffffffff5bbd78a2 | a2 78 bd 5b ff ff ff ff


---------------  P R O C E S S  ---------------

Threads class SMR info:
_java_thread_list=0x0000600002a63040, length=13, elements={
0x000000013680da00, 0x0000000157842a00, 0x0000000156808200, 0x0000000157845c00,
0x0000000157846200, 0x0000000157846800, 0x0000000157846e00, 0x0000000157847400,
0x0000000157847a00, 0x0000000150008200, 0x0000000156808800, 0x0000000156809e00,
0x000000016081c200
}
_to_delete_list=0x0000600002a419c0, length=12, elements={
0x000000013680da00, 0x0000000157842a00, 0x0000000156808200, 0x0000000157845c00,
0x0000000157846200, 0x0000000157846800, 0x0000000157846e00, 0x0000000157847400,
0x0000000157847a00, 0x0000000150008200, 0x0000000156808800, 0x0000000156809e00
}

Java Threads: ( => current thread )
=>0x000000013680da00 JavaThread "main" [_thread_in_native, id=10499, stack(0x000000016b560000,0x000000016b763000)]
  0x0000000157842a00 JavaThread "Reference Handler" daemon [_thread_blocked, id=23043, stack(0x000000016c4cc000,0x000000016c6cf000)]
  0x0000000156808200 JavaThread "Finalizer" daemon [_thread_blocked, id=23299, stack(0x000000016c6d8000,0x000000016c8db000)]
  0x0000000157845c00 JavaThread "Signal Dispatcher" daemon [_thread_blocked, id=31747, stack(0x000000016c8e4000,0x000000016cae7000)]
  0x0000000157846200 JavaThread "Service Thread" daemon [_thread_blocked, id=23555, stack(0x000000016caf0000,0x000000016ccf3000)]
  0x0000000157846800 JavaThread "Monitor Deflation Thread" daemon [_thread_blocked, id=24067, stack(0x000000016ccfc000,0x000000016ceff000)]
  0x0000000157846e00 JavaThread "C2 CompilerThread0" daemon [_thread_blocked, id=24579, stack(0x000000016cf08000,0x000000016d10b000)]
  0x0000000157847400 JavaThread "C1 CompilerThread0" daemon [_thread_blocked, id=25091, stack(0x000000016d114000,0x000000016d317000)]
  0x0000000157847a00 JavaThread "Sweeper thread" daemon [_thread_blocked, id=25603, stack(0x000000016d320000,0x000000016d523000)]
  0x0000000150008200 JavaThread "Common-Cleaner" daemon [_thread_blocked, id=30979, stack(0x000000016d52c000,0x000000016d72f000)]
  0x0000000156808800 JavaThread "JDWP Transport Listener: dt_socket" daemon [_thread_blocked, id=30467, stack(0x000000016d738000,0x000000016d93b000)]
  0x0000000156809e00 JavaThread "JDWP Event Helper Thread" daemon [_thread_blocked, id=30211, stack(0x000000016d944000,0x000000016db47000)]
  0x000000016081c200 JavaThread "JDWP Command Reader" daemon [_thread_in_native, id=26115, stack(0x000000016db50000,0x000000016dd53000)]

Other Threads:
  0x000000015660a9d0 VMThread "VM Thread" [stack: 0x000000016c1a8000,0x000000016c3ab000] [id=17923]
  0x0000000156607560 WorkerThread "GC Thread#0" [stack: 0x000000016b76c000,0x000000016b96f000] [id=12803]
  0x00000001366043d0 ConcurrentGCThread "G1 Main Marker" [stack: 0x000000016b978000,0x000000016bb7b000] [id=13059]
  0x0000000137804080 WorkerThread "G1 Conc#0" [stack: 0x000000016bb84000,0x000000016bd87000] [id=14083]
  0x0000000156704530 ConcurrentGCThread "G1 Refine#0" [stack: 0x000000016bd90000,0x000000016bf93000] [id=16643]
  0x0000000157005900 ConcurrentGCThread "G1 Service" [stack: 0x000000016bf9c000,0x000000016c19f000] [id=21507]

Threads with active compile tasks:

VM state: not at safepoint (normal execution)

VM Mutex/Monitor currently owned by a thread: None

Heap address: 0x0000000700000000, size: 4096 MB, Compressed Oops mode: Zero based, Oop shift amount: 3

CDS archive(s) mapped at: [0x0000000800000000-0x0000000800c44000-0x0000000800c44000), size 12861440, SharedBaseAddress: 0x0000000800000000, ArchiveRelocationMode: 0.
Compressed class space mapped at: 0x0000000801000000-0x0000000841000000, reserved size: 1073741824
Narrow klass base: 0x0000000800000000, Narrow klass shift: 0, Narrow klass range: 0x100000000

GC Precious Log:
 CardTable entry size: 512
 Card Set container configuration: InlinePtr #cards 4 size 8 Array Of Cards #cards 16 size 48 Howl #buckets 8 coarsen threshold 3686 Howl Bitmap #cards 512 size 80 coarsen threshold 460 Card regions per heap region 1 cards per card region 4096
 CPUs: 8 total, 8 available
 Memory: 16384M
 Large Page Support: Disabled
 NUMA Support: Disabled
 Compressed Oops: Enabled (Zero based)
 Heap Region Size: 2M
 Heap Min Capacity: 8M
 Heap Initial Capacity: 256M
 Heap Max Capacity: 4G
 Pre-touch: Disabled
 Parallel Workers: 8
 Concurrent Workers: 2
 Concurrent Refinement Workers: 8
 Periodic GC: Disabled

Heap:
 garbage-first heap   total 266240K, used 4064K [0x0000000700000000, 0x0000000800000000)
  region size 2048K, 2 young (4096K), 0 survivors (0K)
 Metaspace       used 268K, committed 512K, reserved 1114112K
  class space    used 8K, committed 128K, reserved 1048576K

Heap Regions: E=young(eden), S=young(survivor), O=old, HS=humongous(starts), HC=humongous(continues), CS=collection set, F=free, OA=open archive, CA=closed archive, TAMS=top-at-mark-start (previous, next)
|   0|0x0000000700000000, 0x0000000700000000, 0x0000000700200000|  0%| F|  |TAMS 0x0000000700000000, 0x0000000700000000| Untracked 
|   1|0x0000000700200000, 0x0000000700200000, 0x0000000700400000|  0%| F|  |TAMS 0x0000000700200000, 0x0000000700200000| Untracked 
|   2|0x0000000700400000, 0x0000000700400000, 0x0000000700600000|  0%| F|  |TAMS 0x0000000700400000, 0x0000000700400000| Untracked 
|   3|0x0000000700600000, 0x0000000700600000, 0x0000000700800000|  0%| F|  |TAMS 0x0000000700600000, 0x0000000700600000| Untracked 
|   4|0x0000000700800000, 0x0000000700800000, 0x0000000700a00000|  0%| F|  |TAMS 0x0000000700800000, 0x0000000700800000| Untracked 
|   5|0x0000000700a00000, 0x0000000700a00000, 0x0000000700c00000|  0%| F|  |TAMS 0x0000000700a00000, 0x0000000700a00000| Untracked 
|   6|0x0000000700c00000, 0x0000000700c00000, 0x0000000700e00000|  0%| F|  |TAMS 0x0000000700c00000, 0x0000000700c00000| Untracked 
|   7|0x0000000700e00000, 0x0000000700e00000, 0x0000000701000000|  0%| F|  |TAMS 0x0000000700e00000, 0x0000000700e00000| Untracked 
|   8|0x0000000701000000, 0x0000000701000000, 0x0000000701200000|  0%| F|  |TAMS 0x0000000701000000, 0x0000000701000000| Untracked 
|   9|0x0000000701200000, 0x0000000701200000, 0x0000000701400000|  0%| F|  |TAMS 0x0000000701200000, 0x0000000701200000| Untracked 
|  10|0x0000000701400000, 0x0000000701400000, 0x0000000701600000|  0%| F|  |TAMS 0x0000000701400000, 0x0000000701400000| Untracked 
|  11|0x0000000701600000, 0x0000000701600000, 0x0000000701800000|  0%| F|  |TAMS 0x0000000701600000, 0x0000000701600000| Untracked 
|  12|0x0000000701800000, 0x0000000701800000, 0x0000000701a00000|  0%| F|  |TAMS 0x0000000701800000, 0x0000000701800000| Untracked 
|  13|0x0000000701a00000, 0x0000000701a00000, 0x0000000701c00000|  0%| F|  |TAMS 0x0000000701a00000, 0x0000000701a00000| Untracked 
|  14|0x0000000701c00000, 0x0000000701c00000, 0x0000000701e00000|  0%| F|  |TAMS 0x0000000701c00000, 0x0000000701c00000| Untracked 
|  15|0x0000000701e00000, 0x0000000701e00000, 0x0000000702000000|  0%| F|  |TAMS 0x0000000701e00000, 0x0000000701e00000| Untracked 
|  16|0x0000000702000000, 0x0000000702000000, 0x0000000702200000|  0%| F|  |TAMS 0x0000000702000000, 0x0000000702000000| Untracked 
|  17|0x0000000702200000, 0x0000000702200000, 0x0000000702400000|  0%| F|  |TAMS 0x0000000702200000, 0x0000000702200000| Untracked 
|  18|0x0000000702400000, 0x0000000702400000, 0x0000000702600000|  0%| F|  |TAMS 0x0000000702400000, 0x0000000702400000| Untracked 
|  19|0x0000000702600000, 0x0000000702600000, 0x0000000702800000|  0%| F|  |TAMS 0x0000000702600000, 0x0000000702600000| Untracked 
|  20|0x0000000702800000, 0x0000000702800000, 0x0000000702a00000|  0%| F|  |TAMS 0x0000000702800000, 0x0000000702800000| Untracked 
|  21|0x0000000702a00000, 0x0000000702a00000, 0x0000000702c00000|  0%| F|  |TAMS 0x0000000702a00000, 0x0000000702a00000| Untracked 
|  22|0x0000000702c00000, 0x0000000702c00000, 0x0000000702e00000|  0%| F|  |TAMS 0x0000000702c00000, 0x0000000702c00000| Untracked 
|  23|0x0000000702e00000, 0x0000000702e00000, 0x0000000703000000|  0%| F|  |TAMS 0x0000000702e00000, 0x0000000702e00000| Untracked 
|  24|0x0000000703000000, 0x0000000703000000, 0x0000000703200000|  0%| F|  |TAMS 0x0000000703000000, 0x0000000703000000| Untracked 
|  25|0x0000000703200000, 0x0000000703200000, 0x0000000703400000|  0%| F|  |TAMS 0x0000000703200000, 0x0000000703200000| Untracked 
|  26|0x0000000703400000, 0x0000000703400000, 0x0000000703600000|  0%| F|  |TAMS 0x0000000703400000, 0x0000000703400000| Untracked 
|  27|0x0000000703600000, 0x0000000703600000, 0x0000000703800000|  0%| F|  |TAMS 0x0000000703600000, 0x0000000703600000| Untracked 
|  28|0x0000000703800000, 0x0000000703800000, 0x0000000703a00000|  0%| F|  |TAMS 0x0000000703800000, 0x0000000703800000| Untracked 
|  29|0x0000000703a00000, 0x0000000703a00000, 0x0000000703c00000|  0%| F|  |TAMS 0x0000000703a00000, 0x0000000703a00000| Untracked 
|  30|0x0000000703c00000, 0x0000000703c00000, 0x0000000703e00000|  0%| F|  |TAMS 0x0000000703c00000, 0x0000000703c00000| Untracked 
|  31|0x0000000703e00000, 0x0000000703e00000, 0x0000000704000000|  0%| F|  |TAMS 0x0000000703e00000, 0x0000000703e00000| Untracked 
|  32|0x0000000704000000, 0x0000000704000000, 0x0000000704200000|  0%| F|  |TAMS 0x0000000704000000, 0x0000000704000000| Untracked 
|  33|0x0000000704200000, 0x0000000704200000, 0x0000000704400000|  0%| F|  |TAMS 0x0000000704200000, 0x0000000704200000| Untracked 
|  34|0x0000000704400000, 0x0000000704400000, 0x0000000704600000|  0%| F|  |TAMS 0x0000000704400000, 0x0000000704400000| Untracked 
|  35|0x0000000704600000, 0x0000000704600000, 0x0000000704800000|  0%| F|  |TAMS 0x0000000704600000, 0x0000000704600000| Untracked 
|  36|0x0000000704800000, 0x0000000704800000, 0x0000000704a00000|  0%| F|  |TAMS 0x0000000704800000, 0x0000000704800000| Untracked 
|  37|0x0000000704a00000, 0x0000000704a00000, 0x0000000704c00000|  0%| F|  |TAMS 0x0000000704a00000, 0x0000000704a00000| Untracked 
|  38|0x0000000704c00000, 0x0000000704c00000, 0x0000000704e00000|  0%| F|  |TAMS 0x0000000704c00000, 0x0000000704c00000| Untracked 
|  39|0x0000000704e00000, 0x0000000704e00000, 0x0000000705000000|  0%| F|  |TAMS 0x0000000704e00000, 0x0000000704e00000| Untracked 
|  40|0x0000000705000000, 0x0000000705000000, 0x0000000705200000|  0%| F|  |TAMS 0x0000000705000000, 0x0000000705000000| Untracked 
|  41|0x0000000705200000, 0x0000000705200000, 0x0000000705400000|  0%| F|  |TAMS 0x0000000705200000, 0x0000000705200000| Untracked 
|  42|0x0000000705400000, 0x0000000705400000, 0x0000000705600000|  0%| F|  |TAMS 0x0000000705400000, 0x0000000705400000| Untracked 
|  43|0x0000000705600000, 0x0000000705600000, 0x0000000705800000|  0%| F|  |TAMS 0x0000000705600000, 0x0000000705600000| Untracked 
|  44|0x0000000705800000, 0x0000000705800000, 0x0000000705a00000|  0%| F|  |TAMS 0x0000000705800000, 0x0000000705800000| Untracked 
|  45|0x0000000705a00000, 0x0000000705a00000, 0x0000000705c00000|  0%| F|  |TAMS 0x0000000705a00000, 0x0000000705a00000| Untracked 
|  46|0x0000000705c00000, 0x0000000705c00000, 0x0000000705e00000|  0%| F|  |TAMS 0x0000000705c00000, 0x0000000705c00000| Untracked 
|  47|0x0000000705e00000, 0x0000000705e00000, 0x0000000706000000|  0%| F|  |TAMS 0x0000000705e00000, 0x0000000705e00000| Untracked 
|  48|0x0000000706000000, 0x0000000706000000, 0x0000000706200000|  0%| F|  |TAMS 0x0000000706000000, 0x0000000706000000| Untracked 
|  49|0x0000000706200000, 0x0000000706200000, 0x0000000706400000|  0%| F|  |TAMS 0x0000000706200000, 0x0000000706200000| Untracked 
|  50|0x0000000706400000, 0x0000000706400000, 0x0000000706600000|  0%| F|  |TAMS 0x0000000706400000, 0x0000000706400000| Untracked 
|  51|0x0000000706600000, 0x0000000706600000, 0x0000000706800000|  0%| F|  |TAMS 0x0000000706600000, 0x0000000706600000| Untracked 
|  52|0x0000000706800000, 0x0000000706800000, 0x0000000706a00000|  0%| F|  |TAMS 0x0000000706800000, 0x0000000706800000| Untracked 
|  53|0x0000000706a00000, 0x0000000706a00000, 0x0000000706c00000|  0%| F|  |TAMS 0x0000000706a00000, 0x0000000706a00000| Untracked 
|  54|0x0000000706c00000, 0x0000000706c00000, 0x0000000706e00000|  0%| F|  |TAMS 0x0000000706c00000, 0x0000000706c00000| Untracked 
|  55|0x0000000706e00000, 0x0000000706e00000, 0x0000000707000000|  0%| F|  |TAMS 0x0000000706e00000, 0x0000000706e00000| Untracked 
|  56|0x0000000707000000, 0x0000000707000000, 0x0000000707200000|  0%| F|  |TAMS 0x0000000707000000, 0x0000000707000000| Untracked 
|  57|0x0000000707200000, 0x0000000707200000, 0x0000000707400000|  0%| F|  |TAMS 0x0000000707200000, 0x0000000707200000| Untracked 
|  58|0x0000000707400000, 0x0000000707400000, 0x0000000707600000|  0%| F|  |TAMS 0x0000000707400000, 0x0000000707400000| Untracked 
|  59|0x0000000707600000, 0x0000000707600000, 0x0000000707800000|  0%| F|  |TAMS 0x0000000707600000, 0x0000000707600000| Untracked 
|  60|0x0000000707800000, 0x0000000707800000, 0x0000000707a00000|  0%| F|  |TAMS 0x0000000707800000, 0x0000000707800000| Untracked 
|  61|0x0000000707a00000, 0x0000000707a00000, 0x0000000707c00000|  0%| F|  |TAMS 0x0000000707a00000, 0x0000000707a00000| Untracked 
|  62|0x0000000707c00000, 0x0000000707c00000, 0x0000000707e00000|  0%| F|  |TAMS 0x0000000707c00000, 0x0000000707c00000| Untracked 
|  63|0x0000000707e00000, 0x0000000707e00000, 0x0000000708000000|  0%| F|  |TAMS 0x0000000707e00000, 0x0000000707e00000| Untracked 
|  64|0x0000000708000000, 0x0000000708000000, 0x0000000708200000|  0%| F|  |TAMS 0x0000000708000000, 0x0000000708000000| Untracked 
|  65|0x0000000708200000, 0x0000000708200000, 0x0000000708400000|  0%| F|  |TAMS 0x0000000708200000, 0x0000000708200000| Untracked 
|  66|0x0000000708400000, 0x0000000708400000, 0x0000000708600000|  0%| F|  |TAMS 0x0000000708400000, 0x0000000708400000| Untracked 
|  67|0x0000000708600000, 0x0000000708600000, 0x0000000708800000|  0%| F|  |TAMS 0x0000000708600000, 0x0000000708600000| Untracked 
|  68|0x0000000708800000, 0x0000000708800000, 0x0000000708a00000|  0%| F|  |TAMS 0x0000000708800000, 0x0000000708800000| Untracked 
|  69|0x0000000708a00000, 0x0000000708a00000, 0x0000000708c00000|  0%| F|  |TAMS 0x0000000708a00000, 0x0000000708a00000| Untracked 
|  70|0x0000000708c00000, 0x0000000708c00000, 0x0000000708e00000|  0%| F|  |TAMS 0x0000000708c00000, 0x0000000708c00000| Untracked 
|  71|0x0000000708e00000, 0x0000000708e00000, 0x0000000709000000|  0%| F|  |TAMS 0x0000000708e00000, 0x0000000708e00000| Untracked 
|  72|0x0000000709000000, 0x0000000709000000, 0x0000000709200000|  0%| F|  |TAMS 0x0000000709000000, 0x0000000709000000| Untracked 
|  73|0x0000000709200000, 0x0000000709200000, 0x0000000709400000|  0%| F|  |TAMS 0x0000000709200000, 0x0000000709200000| Untracked 
|  74|0x0000000709400000, 0x0000000709400000, 0x0000000709600000|  0%| F|  |TAMS 0x0000000709400000, 0x0000000709400000| Untracked 
|  75|0x0000000709600000, 0x0000000709600000, 0x0000000709800000|  0%| F|  |TAMS 0x0000000709600000, 0x0000000709600000| Untracked 
|  76|0x0000000709800000, 0x0000000709800000, 0x0000000709a00000|  0%| F|  |TAMS 0x0000000709800000, 0x0000000709800000| Untracked 
|  77|0x0000000709a00000, 0x0000000709a00000, 0x0000000709c00000|  0%| F|  |TAMS 0x0000000709a00000, 0x0000000709a00000| Untracked 
|  78|0x0000000709c00000, 0x0000000709c00000, 0x0000000709e00000|  0%| F|  |TAMS 0x0000000709c00000, 0x0000000709c00000| Untracked 
|  79|0x0000000709e00000, 0x0000000709e00000, 0x000000070a000000|  0%| F|  |TAMS 0x0000000709e00000, 0x0000000709e00000| Untracked 
|  80|0x000000070a000000, 0x000000070a000000, 0x000000070a200000|  0%| F|  |TAMS 0x000000070a000000, 0x000000070a000000| Untracked 
|  81|0x000000070a200000, 0x000000070a200000, 0x000000070a400000|  0%| F|  |TAMS 0x000000070a200000, 0x000000070a200000| Untracked 
|  82|0x000000070a400000, 0x000000070a400000, 0x000000070a600000|  0%| F|  |TAMS 0x000000070a400000, 0x000000070a400000| Untracked 
|  83|0x000000070a600000, 0x000000070a600000, 0x000000070a800000|  0%| F|  |TAMS 0x000000070a600000, 0x000000070a600000| Untracked 
|  84|0x000000070a800000, 0x000000070a800000, 0x000000070aa00000|  0%| F|  |TAMS 0x000000070a800000, 0x000000070a800000| Untracked 
|  85|0x000000070aa00000, 0x000000070aa00000, 0x000000070ac00000|  0%| F|  |TAMS 0x000000070aa00000, 0x000000070aa00000| Untracked 
|  86|0x000000070ac00000, 0x000000070ac00000, 0x000000070ae00000|  0%| F|  |TAMS 0x000000070ac00000, 0x000000070ac00000| Untracked 
|  87|0x000000070ae00000, 0x000000070ae00000, 0x000000070b000000|  0%| F|  |TAMS 0x000000070ae00000, 0x000000070ae00000| Untracked 
|  88|0x000000070b000000, 0x000000070b000000, 0x000000070b200000|  0%| F|  |TAMS 0x000000070b000000, 0x000000070b000000| Untracked 
|  89|0x000000070b200000, 0x000000070b200000, 0x000000070b400000|  0%| F|  |TAMS 0x000000070b200000, 0x000000070b200000| Untracked 
|  90|0x000000070b400000, 0x000000070b400000, 0x000000070b600000|  0%| F|  |TAMS 0x000000070b400000, 0x000000070b400000| Untracked 
|  91|0x000000070b600000, 0x000000070b600000, 0x000000070b800000|  0%| F|  |TAMS 0x000000070b600000, 0x000000070b600000| Untracked 
|  92|0x000000070b800000, 0x000000070b800000, 0x000000070ba00000|  0%| F|  |TAMS 0x000000070b800000, 0x000000070b800000| Untracked 
|  93|0x000000070ba00000, 0x000000070ba00000, 0x000000070bc00000|  0%| F|  |TAMS 0x000000070ba00000, 0x000000070ba00000| Untracked 
|  94|0x000000070bc00000, 0x000000070bc00000, 0x000000070be00000|  0%| F|  |TAMS 0x000000070bc00000, 0x000000070bc00000| Untracked 
|  95|0x000000070be00000, 0x000000070be00000, 0x000000070c000000|  0%| F|  |TAMS 0x000000070be00000, 0x000000070be00000| Untracked 
|  96|0x000000070c000000, 0x000000070c000000, 0x000000070c200000|  0%| F|  |TAMS 0x000000070c000000, 0x000000070c000000| Untracked 
|  97|0x000000070c200000, 0x000000070c200000, 0x000000070c400000|  0%| F|  |TAMS 0x000000070c200000, 0x000000070c200000| Untracked 
|  98|0x000000070c400000, 0x000000070c400000, 0x000000070c600000|  0%| F|  |TAMS 0x000000070c400000, 0x000000070c400000| Untracked 
|  99|0x000000070c600000, 0x000000070c600000, 0x000000070c800000|  0%| F|  |TAMS 0x000000070c600000, 0x000000070c600000| Untracked 
| 100|0x000000070c800000, 0x000000070c800000, 0x000000070ca00000|  0%| F|  |TAMS 0x000000070c800000, 0x000000070c800000| Untracked 
| 101|0x000000070ca00000, 0x000000070ca00000, 0x000000070cc00000|  0%| F|  |TAMS 0x000000070ca00000, 0x000000070ca00000| Untracked 
| 102|0x000000070cc00000, 0x000000070cc00000, 0x000000070ce00000|  0%| F|  |TAMS 0x000000070cc00000, 0x000000070cc00000| Untracked 
| 103|0x000000070ce00000, 0x000000070ce00000, 0x000000070d000000|  0%| F|  |TAMS 0x000000070ce00000, 0x000000070ce00000| Untracked 
| 104|0x000000070d000000, 0x000000070d000000, 0x000000070d200000|  0%| F|  |TAMS 0x000000070d000000, 0x000000070d000000| Untracked 
| 105|0x000000070d200000, 0x000000070d200000, 0x000000070d400000|  0%| F|  |TAMS 0x000000070d200000, 0x000000070d200000| Untracked 
| 106|0x000000070d400000, 0x000000070d400000, 0x000000070d600000|  0%| F|  |TAMS 0x000000070d400000, 0x000000070d400000| Untracked 
| 107|0x000000070d600000, 0x000000070d600000, 0x000000070d800000|  0%| F|  |TAMS 0x000000070d600000, 0x000000070d600000| Untracked 
| 108|0x000000070d800000, 0x000000070d800000, 0x000000070da00000|  0%| F|  |TAMS 0x000000070d800000, 0x000000070d800000| Untracked 
| 109|0x000000070da00000, 0x000000070da00000, 0x000000070dc00000|  0%| F|  |TAMS 0x000000070da00000, 0x000000070da00000| Untracked 
| 110|0x000000070dc00000, 0x000000070dc00000, 0x000000070de00000|  0%| F|  |TAMS 0x000000070dc00000, 0x000000070dc00000| Untracked 
| 111|0x000000070de00000, 0x000000070de00000, 0x000000070e000000|  0%| F|  |TAMS 0x000000070de00000, 0x000000070de00000| Untracked 
| 112|0x000000070e000000, 0x000000070e000000, 0x000000070e200000|  0%| F|  |TAMS 0x000000070e000000, 0x000000070e000000| Untracked 
| 113|0x000000070e200000, 0x000000070e200000, 0x000000070e400000|  0%| F|  |TAMS 0x000000070e200000, 0x000000070e200000| Untracked 
| 114|0x000000070e400000, 0x000000070e400000, 0x000000070e600000|  0%| F|  |TAMS 0x000000070e400000, 0x000000070e400000| Untracked 
| 115|0x000000070e600000, 0x000000070e600000, 0x000000070e800000|  0%| F|  |TAMS 0x000000070e600000, 0x000000070e600000| Untracked 
| 116|0x000000070e800000, 0x000000070e800000, 0x000000070ea00000|  0%| F|  |TAMS 0x000000070e800000, 0x000000070e800000| Untracked 
| 117|0x000000070ea00000, 0x000000070ea00000, 0x000000070ec00000|  0%| F|  |TAMS 0x000000070ea00000, 0x000000070ea00000| Untracked 
| 118|0x000000070ec00000, 0x000000070ec00000, 0x000000070ee00000|  0%| F|  |TAMS 0x000000070ec00000, 0x000000070ec00000| Untracked 
| 119|0x000000070ee00000, 0x000000070ee00000, 0x000000070f000000|  0%| F|  |TAMS 0x000000070ee00000, 0x000000070ee00000| Untracked 
| 120|0x000000070f000000, 0x000000070f000000, 0x000000070f200000|  0%| F|  |TAMS 0x000000070f000000, 0x000000070f000000| Untracked 
| 121|0x000000070f200000, 0x000000070f200000, 0x000000070f400000|  0%| F|  |TAMS 0x000000070f200000, 0x000000070f200000| Untracked 
| 122|0x000000070f400000, 0x000000070f400000, 0x000000070f600000|  0%| F|  |TAMS 0x000000070f400000, 0x000000070f400000| Untracked 
| 123|0x000000070f600000, 0x000000070f600000, 0x000000070f800000|  0%| F|  |TAMS 0x000000070f600000, 0x000000070f600000| Untracked 
| 124|0x000000070f800000, 0x000000070f800000, 0x000000070fa00000|  0%| F|  |TAMS 0x000000070f800000, 0x000000070f800000| Untracked 
| 125|0x000000070fa00000, 0x000000070fa00000, 0x000000070fc00000|  0%| F|  |TAMS 0x000000070fa00000, 0x000000070fa00000| Untracked 
| 126|0x000000070fc00000, 0x000000070fd52700, 0x000000070fe00000| 66%| E|  |TAMS 0x000000070fc00000, 0x000000070fc00000| Complete 
| 127|0x000000070fe00000, 0x0000000710000000, 0x0000000710000000|100%| E|CS|TAMS 0x000000070fe00000, 0x000000070fe00000| Complete 
|2046|0x00000007ffc00000, 0x00000007ffd78000, 0x00000007ffe00000| 73%|OA|  |TAMS 0x00000007ffc00000, 0x00000007ffc00000| Untracked 
|2047|0x00000007ffe00000, 0x00000007ffe80000, 0x0000000800000000| 25%|CA|  |TAMS 0x00000007ffe00000, 0x00000007ffe00000| Untracked 

Card table byte_map: [0x000000011ddb0000,0x000000011e5b0000] _byte_map_base: 0x000000011a5b0000

Marking Bits (Prev, Next): (CMBitMap*) 0x0000000160808210, (CMBitMap*) 0x0000000160808250
 Prev Bits: [0x000000011edb0000, 0x0000000122db0000)
 Next Bits: [0x0000000122db0000, 0x0000000126db0000)

Polling page: 0x0000000104a50000

Metaspace:

Usage:
  Non-class:    259.51 KB used.
      Class:      8.57 KB used.
       Both:    268.08 KB used.

Virtual space:
  Non-class space:       64.00 MB reserved,     384.00 KB ( <1%) committed,  1 nodes.
      Class space:        1.00 GB reserved,     128.00 KB ( <1%) committed,  1 nodes.
             Both:        1.06 GB reserved,     512.00 KB ( <1%) committed. 

Chunk freelists:
   Non-Class:  4.00 MB
       Class:  3.75 MB
        Both:  7.74 MB

MaxMetaspaceSize: unlimited
CompressedClassSpaceSize: 1.00 GB
Initial GC threshold: 21.00 MB
Current GC threshold: 21.00 MB
CDS: on
MetaspaceReclaimPolicy: balanced
 - commit_granule_bytes: 65536.
 - commit_granule_words: 8192.
 - virtual_space_node_default_size: 8388608.
 - enlarge_chunks_in_place: 1.
 - new_chunks_are_fully_committed: 0.
 - uncommit_free_chunks: 1.
 - use_allocation_guard: 0.


Internal statistics:

num_allocs_failed_limit: 0.
num_arena_births: 6.
num_arena_deaths: 0.
num_vsnodes_births: 2.
num_vsnodes_deaths: 0.
num_space_committed: 8.
num_space_uncommitted: 0.
num_chunks_returned_to_freelist: 0.
num_chunks_taken_from_freelist: 7.
num_chunk_merges: 0.
num_chunk_splits: 4.
num_chunks_enlarged: 2.
num_inconsistent_stats: 0.

CodeHeap 'non-profiled nmethods': size=120032Kb used=71Kb max_used=71Kb free=119960Kb
 bounds [0x0000000116878000, 0x0000000116ae8000, 0x000000011ddb0000]
CodeHeap 'profiled nmethods': size=120016Kb used=197Kb max_used=197Kb free=119818Kb
 bounds [0x000000010edb0000, 0x000000010f020000, 0x00000001162e4000]
CodeHeap 'non-nmethods': size=5712Kb used=1146Kb max_used=1177Kb free=4565Kb
 bounds [0x00000001162e4000, 0x0000000116554000, 0x0000000116878000]
 total_blobs=543 nmethods=193 adapters=265
 compilation: enabled
              stopped_count=0, restarted_count=0
 full_count=0

Compilation events (20 events):
Event: 0.069 Thread 0x0000000157847400 nmethod 189 0x0000000116886690 code [0x0000000116886840, 0x00000001168868d8]
Event: 0.069 Thread 0x0000000157847400  174       1       java.lang.module.ModuleDescriptor$Version::toString (5 bytes)
Event: 0.069 Thread 0x0000000157847400 nmethod 174 0x0000000116886990 code [0x0000000116886b40, 0x0000000116886bd8]
Event: 0.069 Thread 0x0000000157847400  191       1       java.lang.module.ModuleDescriptor$Provides::service (5 bytes)
Event: 0.069 Thread 0x0000000157847400 nmethod 191 0x0000000116886c90 code [0x0000000116886e40, 0x0000000116886ed8]
Event: 0.069 Thread 0x0000000157847400  175       1       java.lang.AbstractStringBuilder::getValue (5 bytes)
Event: 0.069 Thread 0x0000000157847400 nmethod 175 0x0000000116886f90 code [0x0000000116887140, 0x00000001168871d8]
Event: 0.069 Thread 0x0000000157847400  176       1       java.lang.AbstractStringBuilder::length (5 bytes)
Event: 0.069 Thread 0x0000000157847400 nmethod 176 0x0000000116887290 code [0x0000000116887440, 0x00000001168874d8]
Event: 0.069 Thread 0x0000000157847400  190       1       java.util.HashMap::size (5 bytes)
Event: 0.069 Thread 0x0000000157847400 nmethod 190 0x0000000116887590 code [0x0000000116887740, 0x00000001168877d8]
Event: 0.077 Thread 0x0000000157846e00 nmethod 182 0x0000000116887890 code [0x0000000116887b40, 0x0000000116888960]
Event: 0.077 Thread 0x0000000157846e00  183       4       java.util.HashMap::newNode (13 bytes)
Event: 0.078 Thread 0x0000000157846e00 nmethod 183 0x0000000116889110 code [0x00000001168892c0, 0x00000001168893e0]
Event: 0.099 Thread 0x0000000157847400  192       1       java.net.URL::getFile (5 bytes)
Event: 0.099 Thread 0x0000000157847400 nmethod 192 0x0000000116889490 code [0x0000000116889640, 0x00000001168896d8]
Event: 0.099 Thread 0x0000000157847400  193       1       java.net.URL::getRef (5 bytes)
Event: 0.099 Thread 0x0000000157847400 nmethod 193 0x0000000116889790 code [0x0000000116889940, 0x00000001168899d8]
Event: 0.099 Thread 0x0000000157847400  194       1       java.net.URL::getProtocol (5 bytes)
Event: 0.099 Thread 0x0000000157847400 nmethod 194 0x0000000116889a90 code [0x0000000116889c40, 0x0000000116889cd8]

GC Heap History (0 events):
No events

Dll operation events (3 events):
Event: 0.012 Loaded shared library /Users/dentalstack/Library/Java/JavaVirtualMachines/corretto-19.0.2/Contents/Home/lib/libjava.dylib
Event: 0.012 Loaded shared library /Users/dentalstack/Library/Java/JavaVirtualMachines/corretto-19.0.2/Contents/Home/lib/libzip.dylib
Event: 0.105 Loaded shared library /Users/dentalstack/Library/Java/JavaVirtualMachines/corretto-19.0.2/Contents/Home/lib/libinstrument.dylib

Deoptimization events (12 events):
Event: 0.036 Thread 0x000000013680da00 DEOPT PACKING pc=0x000000010edb53e0 sp=0x000000016b760e40
Event: 0.036 Thread 0x000000013680da00 DEOPT UNPACKING pc=0x000000011633307c sp=0x000000016b760a70 mode 0
Event: 0.037 Thread 0x000000013680da00 DEOPT PACKING pc=0x000000010edb2d4c sp=0x000000016b760df0
Event: 0.037 Thread 0x000000013680da00 DEOPT UNPACKING pc=0x000000011633307c sp=0x000000016b760a80 mode 0
Event: 0.052 Thread 0x000000013680da00 Uncommon trap: trap_request=0xffffff45 fr.pc=0x0000000116879e80 relative=0x00000000000001c0
Event: 0.052 Thread 0x000000013680da00 Uncommon trap: reason=unstable_if action=reinterpret pc=0x0000000116879e80 method=java.lang.StringLatin1.indexOfChar([BIII)I @ 19 c2
Event: 0.052 Thread 0x000000013680da00 DEOPT PACKING pc=0x0000000116879e80 sp=0x000000016b760f90
Event: 0.052 Thread 0x000000013680da00 DEOPT UNPACKING pc=0x000000011633321c sp=0x000000016b760f10 mode 2
Event: 0.098 Thread 0x000000013680da00 DEOPT PACKING pc=0x000000010edb8dec sp=0x000000016b762350
Event: 0.098 Thread 0x000000013680da00 DEOPT UNPACKING pc=0x000000011633307c sp=0x000000016b762000 mode 3
Event: 0.103 Thread 0x000000013680da00 DEOPT PACKING pc=0x000000010edc544c sp=0x000000016b7617d0
Event: 0.103 Thread 0x000000013680da00 DEOPT UNPACKING pc=0x000000011633307c sp=0x000000016b761460 mode 0

Classes loaded (13 events):
Event: 0.023 Loading class sun/nio/cs/UTF_8$Encoder
Event: 0.023 Loading class sun/nio/cs/UTF_8$Encoder done
Event: 0.069 Loading class jdk/internal/vm/VMSupport
Event: 0.069 Loading class jdk/internal/vm/VMSupport done
Event: 0.099 Loading class sun/instrument/InstrumentationImpl
Event: 0.100 Loading class java/lang/instrument/Instrumentation
Event: 0.100 Loading class java/lang/instrument/Instrumentation done
Event: 0.100 Loading class sun/instrument/InstrumentationImpl done
Event: 0.105 Loading class sun/instrument/TransformerManager
Event: 0.105 Loading class sun/instrument/TransformerManager done
Event: 0.105 Loading class sun/instrument/TransformerManager$TransformerInfo
Event: 0.105 Loading class sun/instrument/TransformerManager$TransformerInfo done
Event: 0.105 Loading class com/intellij/rt/debugger/agent/DebuggerAgent

Classes unloaded (0 events):
No events

Classes redefined (0 events):
No events

Internal exceptions (0 events):
No events

VM Operations (6 events):
Event: 0.073 Executing VM operation: ChangeBreakpoints
Event: 0.073 Executing VM operation: ChangeBreakpoints done
Event: 0.101 Executing VM operation: ChangeBreakpoints
Event: 0.102 Executing VM operation: ChangeBreakpoints done
Event: 0.102 Executing VM operation: ChangeBreakpoints
Event: 0.103 Executing VM operation: ChangeBreakpoints done

Events (20 events):
Event: 0.023 Thread 0x0000000157845c00 Thread added: 0x0000000157845c00
Event: 0.023 Protecting memory [0x000000016c8e4000,0x000000016c8f0000] with protection modes 0
Event: 0.023 Thread 0x0000000157846200 Thread added: 0x0000000157846200
Event: 0.023 Protecting memory [0x000000016caf0000,0x000000016cafc000] with protection modes 0
Event: 0.023 Thread 0x0000000157846800 Thread added: 0x0000000157846800
Event: 0.023 Protecting memory [0x000000016ccfc000,0x000000016cd08000] with protection modes 0
Event: 0.023 Thread 0x0000000157846e00 Thread added: 0x0000000157846e00
Event: 0.023 Protecting memory [0x000000016cf08000,0x000000016cf14000] with protection modes 0
Event: 0.023 Thread 0x0000000157847400 Thread added: 0x0000000157847400
Event: 0.023 Protecting memory [0x000000016d114000,0x000000016d120000] with protection modes 0
Event: 0.024 Thread 0x0000000157847a00 Thread added: 0x0000000157847a00
Event: 0.024 Protecting memory [0x000000016d320000,0x000000016d32c000] with protection modes 0
Event: 0.055 Thread 0x0000000150008200 Thread added: 0x0000000150008200
Event: 0.055 Protecting memory [0x000000016d52c000,0x000000016d538000] with protection modes 0
Event: 0.072 Thread 0x0000000156808800 Thread added: 0x0000000156808800
Event: 0.072 Protecting memory [0x000000016d738000,0x000000016d744000] with protection modes 0
Event: 0.072 Thread 0x0000000156809e00 Thread added: 0x0000000156809e00
Event: 0.072 Protecting memory [0x000000016d944000,0x000000016d950000] with protection modes 0
Event: 0.073 Thread 0x000000016081c200 Thread added: 0x000000016081c200
Event: 0.073 Protecting memory [0x000000016db50000,0x000000016db5c000] with protection modes 0


Dynamic libraries:
0x00000001049b0000 	/Users/dentalstack/Library/Java/JavaVirtualMachines/corretto-19.0.2/Contents/Home/lib/libjli.dylib
0x00000001a66a2000 	/System/Library/Frameworks/Cocoa.framework/Versions/A/Cocoa
0x000000019137e000 	/System/Library/Frameworks/AppKit.framework/Versions/C/AppKit
0x0000000193d80000 	/System/Library/Frameworks/CoreData.framework/Versions/A/CoreData
0x000000018f0ad000 	/System/Library/Frameworks/Foundation.framework/Versions/C/Foundation
0x0000000199a46000 	/usr/lib/libSystem.B.dylib
0x000000019228e000 	/System/Library/PrivateFrameworks/UIFoundation.framework/Versions/A/UIFoundation
0x00000001fcc9a000 	/System/Library/PrivateFrameworks/CollectionViewCore.framework/Versions/A/CollectionViewCore
0x00000001a09b8000 	/System/Library/PrivateFrameworks/RemoteViewServices.framework/Versions/A/RemoteViewServices
0x0000000197cfe000 	/System/Library/PrivateFrameworks/XCTTargetBootstrap.framework/Versions/A/XCTTargetBootstrap
0x000000019c455000 	/System/Library/PrivateFrameworks/InternationalSupport.framework/Versions/A/InternationalSupport
0x000000019c4dc000 	/System/Library/PrivateFrameworks/UserActivity.framework/Versions/A/UserActivity
0x0000000214da0000 	/System/Library/PrivateFrameworks/WindowManagement.framework/Versions/A/WindowManagement
0x000000018ed7a000 	/System/Library/Frameworks/SystemConfiguration.framework/Versions/A/SystemConfiguration
0x000000019b93b000 	/usr/lib/libspindump.dylib
0x0000000192434000 	/System/Library/Frameworks/UniformTypeIdentifiers.framework/Versions/A/UniformTypeIdentifiers
0x0000000195d0a000 	/usr/lib/libapp_launch_measurement.dylib
0x00000001951bc000 	/System/Library/PrivateFrameworks/CoreAnalytics.framework/Versions/A/CoreAnalytics
0x0000000195d11000 	/System/Library/PrivateFrameworks/CoreAutoLayout.framework/Versions/A/CoreAutoLayout
0x0000000197504000 	/System/Library/Frameworks/Metal.framework/Versions/A/Metal
0x000000019842b000 	/usr/lib/liblangid.dylib
0x0000000197d04000 	/System/Library/PrivateFrameworks/CoreSVG.framework/Versions/A/CoreSVG
0x0000000192d9e000 	/System/Library/PrivateFrameworks/SkyLight.framework/Versions/A/SkyLight
0x00000001931ca000 	/System/Library/Frameworks/CoreGraphics.framework/Versions/A/CoreGraphics
0x00000001a1094000 	/System/Library/Frameworks/Accelerate.framework/Versions/A/Accelerate
0x000000019b3a8000 	/System/Library/PrivateFrameworks/IconServices.framework/Versions/A/IconServices
0x00000001974e2000 	/System/Library/Frameworks/IOSurface.framework/Versions/A/IOSurface
0x00000001951ea000 	/usr/lib/libDiagnosticMessagesClient.dylib
0x000000019998c000 	/usr/lib/libz.1.dylib
0x00000001a44b8000 	/System/Library/Frameworks/ApplicationServices.framework/Versions/A/ApplicationServices
0x0000000197ce6000 	/System/Library/PrivateFrameworks/DFRFoundation.framework/Versions/A/DFRFoundation
0x0000000190bfb000 	/usr/lib/libicucore.A.dylib
0x000000019d3ed000 	/System/Library/Frameworks/AudioToolbox.framework/Versions/A/AudioToolbox
0x000000019c460000 	/System/Library/PrivateFrameworks/DataDetectorsCore.framework/Versions/A/DataDetectorsCore
0x00000001b3ca0000 	/System/Library/PrivateFrameworks/TextInput.framework/Versions/A/TextInput
0x0000000192d01000 	/usr/lib/libMobileGestalt.dylib
0x00000001979b2000 	/System/Library/Frameworks/Carbon.framework/Versions/A/Frameworks/HIToolbox.framework/Versions/A/HIToolbox
0x0000000195679000 	/System/Library/Frameworks/QuartzCore.framework/Versions/A/QuartzCore
0x0000000190845000 	/System/Library/Frameworks/Security.framework/Versions/A/Security
0x00000001a09f8000 	/System/Library/Frameworks/Carbon.framework/Versions/A/Frameworks/SpeechRecognition.framework/Versions/A/SpeechRecognition
0x0000000195a49000 	/System/Library/PrivateFrameworks/CoreUI.framework/Versions/A/CoreUI
0x00000001901b1000 	/System/Library/Frameworks/CoreAudio.framework/Versions/A/CoreAudio
0x00000001952c7000 	/System/Library/Frameworks/DiskArbitration.framework/Versions/A/DiskArbitration
0x000000019bd7c000 	/System/Library/PrivateFrameworks/MultitouchSupport.framework/Versions/A/MultitouchSupport
0x0000000192cff000 	/usr/lib/libenergytrace.dylib
0x000000019123e000 	/System/Library/Frameworks/IOKit.framework/Versions/A/IOKit
0x00000001a0de3000 	/System/Library/Frameworks/CoreServices.framework/Versions/A/CoreServices
0x0000000195c97000 	/System/Library/PrivateFrameworks/PerformanceAnalysis.framework/Versions/A/PerformanceAnalysis
0x00000001f2cb0000 	/System/Library/Frameworks/OpenGL.framework/Versions/A/OpenGL
0x0000000195d5b000 	/usr/lib/libxml2.2.dylib
0x0000000198ee3000 	/System/Library/PrivateFrameworks/MobileKeyBag.framework/Versions/A/MobileKeyBag
0x000000018dd10000 	/usr/lib/libobjc.A.dylib
0x000000018dfca000 	/usr/lib/libc++.1.dylib
0x0000000193811000 	/System/Library/Frameworks/ColorSync.framework/Versions/A/ColorSync
0x000000018e113000 	/System/Library/Frameworks/CoreFoundation.framework/Versions/A/CoreFoundation
0x0000000198040000 	/System/Library/Frameworks/CoreImage.framework/Versions/A/CoreImage
0x000000018ffce000 	/System/Library/Frameworks/CoreText.framework/Versions/A/CoreText
0x0000000197d3c000 	/System/Library/Frameworks/ImageIO.framework/Versions/A/ImageIO
0x0000000199a4c000 	/System/Library/PrivateFrameworks/SoftLinking.framework/Versions/A/SoftLinking
0x0000000199ce2000 	/usr/lib/libcompression.dylib
0x000000019c3b0000 	/System/Library/PrivateFrameworks/TextureIO.framework/Versions/A/TextureIO
0x000000019b075000 	/usr/lib/libate.dylib
0x0000000199a40000 	/usr/lib/system/libcache.dylib
0x00000001999fc000 	/usr/lib/system/libcommonCrypto.dylib
0x0000000199a27000 	/usr/lib/system/libcompiler_rt.dylib
0x0000000199a1d000 	/usr/lib/system/libcopyfile.dylib
0x000000018de49000 	/usr/lib/system/libcorecrypto.dylib
0x000000018df00000 	/usr/lib/system/libdispatch.dylib
0x000000018e0ba000 	/usr/lib/system/libdyld.dylib
0x0000000199a36000 	/usr/lib/system/libkeymgr.dylib
0x00000001999d6000 	/usr/lib/system/libmacho.dylib
0x0000000198fdb000 	/usr/lib/system/libquarantine.dylib
0x0000000199a33000 	/usr/lib/system/libremovefile.dylib
0x0000000192d68000 	/usr/lib/system/libsystem_asl.dylib
0x000000018dde5000 	/usr/lib/system/libsystem_blocks.dylib
0x000000018df4b000 	/usr/lib/system/libsystem_c.dylib
0x0000000199a2b000 	/usr/lib/system/libsystem_collections.dylib
0x000000019841a000 	/usr/lib/system/libsystem_configuration.dylib
0x00000001974b0000 	/usr/lib/system/libsystem_containermanager.dylib
0x00000001996ca000 	/usr/lib/system/libsystem_coreservices.dylib
0x0000000190eaf000 	/usr/lib/system/libsystem_darwin.dylib
0x0000000199a37000 	/usr/lib/system/libsystem_dnssd.dylib
0x000000018df48000 	/usr/lib/system/libsystem_featureflags.dylib
0x000000018e0e6000 	/usr/lib/system/libsystem_info.dylib
0x000000019999e000 	/usr/lib/system/libsystem_m.dylib
0x000000018ded4000 	/usr/lib/system/libsystem_malloc.dylib
0x0000000192ce6000 	/usr/lib/system/libsystem_networkextension.dylib
0x0000000191319000 	/usr/lib/system/libsystem_notify.dylib
0x000000019841f000 	/usr/lib/system/libsystem_sandbox.dylib
0x0000000199a30000 	/usr/lib/system/libsystem_secinit.dylib
0x000000018e073000 	/usr/lib/system/libsystem_kernel.dylib
0x000000018e0df000 	/usr/lib/system/libsystem_platform.dylib
0x000000018e0ad000 	/usr/lib/system/libsystem_pthread.dylib
0x0000000194530000 	/usr/lib/system/libsystem_symptoms.dylib
0x000000018de2e000 	/usr/lib/system/libsystem_trace.dylib
0x0000000199a0a000 	/usr/lib/system/libunwind.dylib
0x000000018ddea000 	/usr/lib/system/libxpc.dylib
0x000000018e057000 	/usr/lib/libc++abi.dylib
0x0000000199a15000 	/usr/lib/liboah.dylib
0x000000019af2e000 	/usr/lib/liblzma.5.dylib
0x0000000199a48000 	/usr/lib/libfakelink.dylib
0x0000000192923000 	/System/Library/Frameworks/CFNetwork.framework/Versions/A/CFNetwork
0x0000000199b86000 	/usr/lib/libarchive.2.dylib
0x000000019ed1c000 	/System/Library/Frameworks/Combine.framework/Versions/A/Combine
0x000000019cdcc000 	/usr/lib/swift/libswiftCore.dylib
0x00000001b0d28000 	/usr/lib/swift/libswiftCoreFoundation.dylib
0x00000001aec97000 	/usr/lib/swift/libswiftDarwin.dylib
0x00000001a2330000 	/usr/lib/swift/libswiftDispatch.dylib
0x00000001b0d49000 	/usr/lib/swift/libswiftIOKit.dylib
0x00000001a48ee000 	/usr/lib/swift/libswiftObjectiveC.dylib
0x00000001b0d3c000 	/usr/lib/swift/libswiftXPC.dylib
0x000000021b829000 	/usr/lib/swift/libswift_Concurrency.dylib
0x000000021b977000 	/usr/lib/swift/libswift_StringProcessing.dylib
0x00000001a48f2000 	/usr/lib/swift/libswiftos.dylib
0x00000001911c2000 	/System/Library/PrivateFrameworks/CoreServicesInternal.framework/Versions/A/CoreServicesInternal
0x0000000199002000 	/usr/lib/libbsm.0.dylib
0x00000001999dc000 	/usr/lib/system/libkxld.dylib
0x0000000195cd3000 	/System/Library/Frameworks/CoreServices.framework/Versions/A/Frameworks/FSEvents.framework/Versions/A/FSEvents
0x0000000190eba000 	/System/Library/Frameworks/CoreServices.framework/Versions/A/Frameworks/CarbonCore.framework/Versions/A/CarbonCore
0x000000019522e000 	/System/Library/Frameworks/CoreServices.framework/Versions/A/Frameworks/Metadata.framework/Versions/A/Metadata
0x00000001996d0000 	/System/Library/Frameworks/CoreServices.framework/Versions/A/Frameworks/OSServices.framework/Versions/A/OSServices
0x0000000199c0e000 	/System/Library/Frameworks/CoreServices.framework/Versions/A/Frameworks/SearchKit.framework/Versions/A/SearchKit
0x00000001944b2000 	/System/Library/Frameworks/CoreServices.framework/Versions/A/Frameworks/AE.framework/Versions/A/AE
0x000000018e5ed000 	/System/Library/Frameworks/CoreServices.framework/Versions/A/Frameworks/LaunchServices.framework/Versions/A/LaunchServices
0x000000019aed7000 	/System/Library/Frameworks/CoreServices.framework/Versions/A/Frameworks/DictionaryServices.framework/Versions/A/DictionaryServices
0x0000000195ce0000 	/System/Library/Frameworks/CoreServices.framework/Versions/A/Frameworks/SharedFileList.framework/Versions/A/SharedFileList
0x0000000199cac000 	/usr/lib/libapple_nghttp2.dylib
0x000000019291f000 	/usr/lib/libnetwork.dylib
0x0000000194161000 	/usr/lib/libsqlite3.dylib
0x0000000194539000 	/System/Library/Frameworks/Network.framework/Versions/A/Network
0x000000021a908000 	/usr/lib/libCoreEntitlements.dylib
0x000000020689d000 	/System/Library/PrivateFrameworks/MessageSecurity.framework/Versions/A/MessageSecurity
0x0000000194147000 	/System/Library/PrivateFrameworks/ProtocolBuffer.framework/Versions/A/ProtocolBuffer
0x00000001995f8000 	/System/Library/PrivateFrameworks/AppleFSCompression.framework/Versions/A/AppleFSCompression
0x0000000198fea000 	/usr/lib/libcoretls.dylib
0x000000019af47000 	/usr/lib/libcoretls_cfhelpers.dylib
0x0000000199cdc000 	/usr/lib/libpam.2.dylib
0x000000019afb3000 	/usr/lib/libxar.1.dylib
0x000000019b382000 	/usr/lib/libheimdal-asn1.dylib
0x0000000199a4d000 	/usr/lib/libpcap.A.dylib
0x0000000194526000 	/usr/lib/libdns_services.dylib
0x0000000198427000 	/System/Library/PrivateFrameworks/AppleSystemInfo.framework/Versions/A/AppleSystemInfo
0x0000000198cde000 	/System/Library/PrivateFrameworks/IOMobileFramebuffer.framework/Versions/A/IOMobileFramebuffer
0x00000001996bd000 	/usr/lib/libbz2.1.0.dylib
0x0000000198fde000 	/usr/lib/libCheckFix.dylib
0x0000000192d80000 	/System/Library/PrivateFrameworks/TCC.framework/Versions/A/TCC
0x000000019842d000 	/System/Library/PrivateFrameworks/CoreNLP.framework/Versions/A/CoreNLP
0x00000001951ec000 	/System/Library/PrivateFrameworks/MetadataUtilities.framework/Versions/A/MetadataUtilities
0x0000000199014000 	/usr/lib/libmecab.dylib
0x000000018ee04000 	/usr/lib/libCRFSuite.dylib
0x0000000199070000 	/usr/lib/libgermantok.dylib
0x0000000199c85000 	/usr/lib/libThaiTokenizer.dylib
0x00000001952d0000 	/System/Library/Frameworks/Accelerate.framework/Versions/A/Frameworks/vImage.framework/Versions/A/vImage
0x00000001a0dba000 	/System/Library/Frameworks/Accelerate.framework/Versions/A/Frameworks/vecLib.framework/Versions/A/vecLib
0x000000019aff9000 	/System/Library/Frameworks/Accelerate.framework/Versions/A/Frameworks/vecLib.framework/Versions/A/libvMisc.dylib
0x0000000198bdd000 	/System/Library/Frameworks/Accelerate.framework/Versions/A/Frameworks/vecLib.framework/Versions/A/libvDSP.dylib
0x000000018e9a5000 	/System/Library/Frameworks/Accelerate.framework/Versions/A/Frameworks/vecLib.framework/Versions/A/libBLAS.dylib
0x0000000199db7000 	/System/Library/Frameworks/Accelerate.framework/Versions/A/Frameworks/vecLib.framework/Versions/A/libLAPACK.dylib
0x0000000199073000 	/System/Library/Frameworks/Accelerate.framework/Versions/A/Frameworks/vecLib.framework/Versions/A/libLinearAlgebra.dylib
0x0000000199cc7000 	/System/Library/Frameworks/Accelerate.framework/Versions/A/Frameworks/vecLib.framework/Versions/A/libSparseBLAS.dylib
0x0000000199db2000 	/System/Library/Frameworks/Accelerate.framework/Versions/A/Frameworks/vecLib.framework/Versions/A/libQuadrature.dylib
0x0000000198522000 	/System/Library/Frameworks/Accelerate.framework/Versions/A/Frameworks/vecLib.framework/Versions/A/libBNNS.dylib
0x000000018ed12000 	/System/Library/Frameworks/Accelerate.framework/Versions/A/Frameworks/vecLib.framework/Versions/A/libSparse.dylib
0x0000000205acb000 	/System/Library/PrivateFrameworks/MIL.framework/Versions/A/MIL
0x0000000199a82000 	/usr/lib/libiconv.2.dylib
0x00000001999d5000 	/usr/lib/libcharset.1.dylib
0x0000000195cb3000 	/System/Library/Frameworks/OpenDirectory.framework/Versions/A/Frameworks/CFOpenDirectory.framework/Versions/A/CFOpenDirectory
0x0000000195ca3000 	/System/Library/Frameworks/OpenDirectory.framework/Versions/A/OpenDirectory
0x000000019af49000 	/System/Library/PrivateFrameworks/APFS.framework/Versions/A/APFS
0x0000000198f19000 	/System/Library/Frameworks/SecurityFoundation.framework/Versions/A/SecurityFoundation
0x000000019afc2000 	/usr/lib/libutil.dylib
0x000000020491f000 	/System/Library/PrivateFrameworks/InstalledContentLibrary.framework/Versions/A/InstalledContentLibrary
0x0000000191201000 	/System/Library/PrivateFrameworks/CoreServicesStore.framework/Versions/A/CoreServicesStore
0x00000001fb63f000 	/System/Library/PrivateFrameworks/AppleMobileFileIntegrity.framework/Versions/A/AppleMobileFileIntegrity
0x00000001b0d08000 	/usr/lib/libmis.dylib
0x00000001beef9000 	/System/Library/PrivateFrameworks/MobileSystemServices.framework/Versions/A/MobileSystemServices
0x00000001da459000 	/System/Library/PrivateFrameworks/ConfigProfileHelper.framework/Versions/A/ConfigProfileHelper
0x0000000199c87000 	/System/Library/PrivateFrameworks/AppleSauce.framework/Versions/A/AppleSauce
0x000000018fa73000 	/System/Library/PrivateFrameworks/LanguageModeling.framework/Versions/A/LanguageModeling
0x000000019afc6000 	/usr/lib/libxslt.1.dylib
0x0000000199b74000 	/usr/lib/libcmph.dylib
0x0000000198ccb000 	/System/Library/PrivateFrameworks/CoreEmoji.framework/Versions/A/CoreEmoji
0x000000019851c000 	/System/Library/PrivateFrameworks/LinguisticData.framework/Versions/A/LinguisticData
0x000000018ecca000 	/System/Library/PrivateFrameworks/Lexicon.framework/Versions/A/Lexicon
0x0000000198fab000 	/System/Library/PrivateFrameworks/BackgroundTaskManagement.framework/Versions/A/BackgroundTaskManagement
0x000000021aaab000 	/usr/lib/libTLE.dylib
0x000000021b8c7000 	/usr/lib/swift/libswift_RegexParser.dylib
0x000000019bc41000 	/System/Library/PrivateFrameworks/AppleJPEG.framework/Versions/A/AppleJPEG
0x000000019b367000 	/usr/lib/libexpat.1.dylib
0x000000019c213000 	/System/Library/Frameworks/ImageIO.framework/Versions/A/Resources/libPng.dylib
0x000000019c23e000 	/System/Library/Frameworks/ImageIO.framework/Versions/A/Resources/libTIFF.dylib
0x000000019c326000 	/System/Library/Frameworks/ImageIO.framework/Versions/A/Resources/libGIF.dylib
0x000000019bc87000 	/System/Library/Frameworks/ImageIO.framework/Versions/A/Resources/libJP2.dylib
0x000000019c2cb000 	/System/Library/Frameworks/ImageIO.framework/Versions/A/Resources/libJPEG.dylib
0x000000019c2c2000 	/System/Library/Frameworks/ImageIO.framework/Versions/A/Resources/libRadiance.dylib
0x000000019783f000 	/System/Library/PrivateFrameworks/FontServices.framework/libFontParser.dylib
0x0000000194453000 	/System/Library/PrivateFrameworks/RunningBoardServices.framework/Versions/A/RunningBoardServices
0x00000001a6e4d000 	/System/Library/PrivateFrameworks/IOSurfaceAccelerator.framework/Versions/A/IOSurfaceAccelerator
0x000000019bd78000 	/System/Library/PrivateFrameworks/WatchdogClient.framework/Versions/A/WatchdogClient
0x000000018fbef000 	/System/Library/Frameworks/CoreDisplay.framework/Versions/A/CoreDisplay
0x0000000197716000 	/System/Library/Frameworks/CoreMedia.framework/Versions/A/CoreMedia
0x00000001974fa000 	/System/Library/PrivateFrameworks/IOAccelerator.framework/Versions/A/IOAccelerator
0x0000000195e44000 	/System/Library/Frameworks/CoreVideo.framework/Versions/A/CoreVideo
0x0000000199cda000 	/System/Library/Frameworks/MetalPerformanceShaders.framework/Versions/A/MetalPerformanceShaders
0x000000019bdb9000 	/System/Library/Frameworks/VideoToolbox.framework/Versions/A/VideoToolbox
0x0000000194390000 	/System/Library/PrivateFrameworks/BaseBoard.framework/Versions/A/BaseBoard
0x000000019c2bd000 	/System/Library/PrivateFrameworks/GPUWrangler.framework/Versions/A/GPUWrangler
0x000000019c29d000 	/System/Library/PrivateFrameworks/IOPresentment.framework/Versions/A/IOPresentment
0x000000019c2c5000 	/System/Library/PrivateFrameworks/DSExternalDisplay.framework/Versions/A/DSExternalDisplay
0x0000000200f3c000 	/System/Library/PrivateFrameworks/GPUCompiler.framework/Versions/31001/Libraries/libllvm-flatbuffers.dylib
0x00000001f2ca3000 	/System/Library/Frameworks/OpenGL.framework/Versions/A/Libraries/libCoreFSCache.dylib
0x0000000200f38000 	/System/Library/PrivateFrameworks/GPUCompiler.framework/Versions/31001/Libraries/libGPUCompilerUtils.dylib
0x000000019c32c000 	/System/Library/PrivateFrameworks/CMCaptureCore.framework/Versions/A/CMCaptureCore
0x00000001f5637000 	/System/Library/Frameworks/ExtensionFoundation.framework/Versions/A/ExtensionFoundation
0x00000001a2af3000 	/System/Library/PrivateFrameworks/CoreTime.framework/Versions/A/CoreTime
0x000000019b926000 	/System/Library/PrivateFrameworks/AppServerSupport.framework/Versions/A/AppServerSupport
0x000000019dcd1000 	/System/Library/PrivateFrameworks/perfdata.framework/Versions/A/perfdata
0x000000018fd0f000 	/System/Library/PrivateFrameworks/AudioToolboxCore.framework/Versions/A/AudioToolboxCore
0x00000001976ed000 	/System/Library/PrivateFrameworks/caulk.framework/Versions/A/caulk
0x000000019d588000 	/usr/lib/libAudioStatistics.dylib
0x00000001b0146000 	/System/Library/PrivateFrameworks/SystemPolicy.framework/Versions/A/SystemPolicy
0x000000019d828000 	/usr/lib/libSMC.dylib
0x00000001a656b000 	/System/Library/Frameworks/CoreMIDI.framework/Versions/A/CoreMIDI
0x000000019c1e0000 	/usr/lib/libAudioToolboxUtility.dylib
0x00000001abdc2000 	/System/Library/PrivateFrameworks/OSAServicesClient.framework/Versions/A/OSAServicesClient
0x000000019dcdf000 	/usr/lib/libperfcheck.dylib
0x000000019b252000 	/System/Library/PrivateFrameworks/PlugInKit.framework/Versions/A/PlugInKit
0x0000000198f0b000 	/System/Library/PrivateFrameworks/AssertionServices.framework/Versions/A/AssertionServices
0x00000001f2d05000 	/System/Library/Frameworks/OpenGL.framework/Versions/A/Libraries/libGLU.dylib
0x00000001f2cc4000 	/System/Library/Frameworks/OpenGL.framework/Versions/A/Libraries/libGFXShared.dylib
0x00000001f2e9f000 	/System/Library/Frameworks/OpenGL.framework/Versions/A/Libraries/libGL.dylib
0x00000001f2ccd000 	/System/Library/Frameworks/OpenGL.framework/Versions/A/Libraries/libGLImage.dylib
0x00000001f2cc1000 	/System/Library/Frameworks/OpenGL.framework/Versions/A/Libraries/libCVMSPluginSupport.dylib
0x000000021aa8a000 	/usr/lib/libRosetta.dylib
0x00000001f2caa000 	/System/Library/Frameworks/OpenGL.framework/Versions/A/Libraries/libCoreVMClient.dylib
0x000000019839e000 	/System/Library/Frameworks/MetalPerformanceShaders.framework/Versions/A/Frameworks/MPSCore.framework/Versions/A/MPSCore
0x000000019956e000 	/System/Library/Frameworks/MetalPerformanceShaders.framework/Versions/A/Frameworks/MPSImage.framework/Versions/A/MPSImage
0x0000000199088000 	/System/Library/Frameworks/MetalPerformanceShaders.framework/Versions/A/Frameworks/MPSNeuralNetwork.framework/Versions/A/MPSNeuralNetwork
0x0000000199470000 	/System/Library/Frameworks/MetalPerformanceShaders.framework/Versions/A/Frameworks/MPSMatrix.framework/Versions/A/MPSMatrix
0x0000000199282000 	/System/Library/Frameworks/MetalPerformanceShaders.framework/Versions/A/Frameworks/MPSRayIntersector.framework/Versions/A/MPSRayIntersector
0x000000019949f000 	/System/Library/Frameworks/MetalPerformanceShaders.framework/Versions/A/Frameworks/MPSNDArray.framework/Versions/A/MPSNDArray
0x00000001f6b07000 	/System/Library/Frameworks/MetalPerformanceShaders.framework/Versions/A/Frameworks/MPSFunctions.framework/Versions/A/MPSFunctions
0x000000018e86a000 	/System/Library/PrivateFrameworks/MetalTools.framework/Versions/A/MetalTools
0x0000000198425000 	/System/Library/PrivateFrameworks/AggregateDictionary.framework/Versions/A/AggregateDictionary
0x000000019b10a000 	/usr/lib/libIOReport.dylib
0x00000001a5757000 	/System/Library/PrivateFrameworks/ASEProcessing.framework/Versions/A/ASEProcessing
0x0000000209927000 	/System/Library/PrivateFrameworks/PhotosensitivityProcessing.framework/Versions/A/PhotosensitivityProcessing
0x000000019b4c4000 	/System/Library/PrivateFrameworks/GraphVisualizer.framework/Versions/A/GraphVisualizer
0x0000000200e59000 	/System/Library/PrivateFrameworks/FontServices.framework/Versions/A/FontServices
0x000000019b8e4000 	/System/Library/PrivateFrameworks/OTSVG.framework/Versions/A/OTSVG
0x00000001959f7000 	/System/Library/Frameworks/ApplicationServices.framework/Versions/A/Frameworks/ATS.framework/Versions/A/Resources/libFontRegistry.dylib
0x000000019b930000 	/System/Library/PrivateFrameworks/FontServices.framework/libhvf.dylib
0x0000000200e5a000 	/System/Library/PrivateFrameworks/FontServices.framework/libXTFontStaticRegistryData.dylib
0x00000001bb565000 	/usr/lib/swift/libswiftMetal.dylib
0x00000001b3c06000 	/usr/lib/swift/libswiftsimd.dylib
0x00000002138f8000 	/System/Library/PrivateFrameworks/VideoToolboxParavirtualizationSupport.framework/Versions/A/VideoToolboxParavirtualizationSupport
0x000000019b31b000 	/System/Library/PrivateFrameworks/AppleVA.framework/Versions/A/AppleVA
0x000000019d5c8000 	/System/Library/Frameworks/ApplicationServices.framework/Versions/A/Frameworks/ATS.framework/Versions/A/ATS
0x0000000193903000 	/System/Library/Frameworks/ApplicationServices.framework/Versions/A/Frameworks/HIServices.framework/Versions/A/HIServices
0x000000019c338000 	/System/Library/Frameworks/ApplicationServices.framework/Versions/A/Frameworks/PrintCore.framework/Versions/A/PrintCore
0x000000019d981000 	/System/Library/Frameworks/ApplicationServices.framework/Versions/A/Frameworks/QD.framework/Versions/A/QD
0x000000019d975000 	/System/Library/Frameworks/ApplicationServices.framework/Versions/A/Frameworks/ColorSyncLegacy.framework/Versions/A/ColorSyncLegacy
0x000000019d59c000 	/System/Library/Frameworks/ApplicationServices.framework/Versions/A/Frameworks/SpeechSynthesis.framework/Versions/A/SpeechSynthesis
0x000000019c2f6000 	/System/Library/Frameworks/ApplicationServices.framework/Versions/A/Frameworks/ATSUI.framework/Versions/A/ATSUI
0x000000019d908000 	/usr/lib/libcups.2.dylib
0x000000019dced000 	/System/Library/Frameworks/Kerberos.framework/Versions/A/Kerberos
0x000000019dcfe000 	/System/Library/Frameworks/GSS.framework/Versions/A/GSS
0x000000019d63a000 	/usr/lib/libresolv.9.dylib
0x000000019b940000 	/System/Library/PrivateFrameworks/Heimdal.framework/Versions/A/Heimdal
0x00000001a4870000 	/System/Library/Frameworks/Kerberos.framework/Versions/A/Libraries/libHeimdalProxy.dylib
0x000000019dd56000 	/System/Library/PrivateFrameworks/CommonAuth.framework/Versions/A/CommonAuth
0x00000001f483f000 	/System/Library/Frameworks/AVFAudio.framework/Versions/A/AVFAudio
0x00000001abe11000 	/System/Library/PrivateFrameworks/AXCoreUtilities.framework/Versions/A/AXCoreUtilities
0x000000019d514000 	/System/Library/PrivateFrameworks/AudioSession.framework/Versions/A/AudioSession
0x000000019eace000 	/System/Library/Frameworks/IOBluetooth.framework/Versions/A/IOBluetooth
0x000000019b41d000 	/System/Library/PrivateFrameworks/MediaExperience.framework/Versions/A/MediaExperience
0x000000019d3b3000 	/System/Library/PrivateFrameworks/AudioSession.framework/libSessionUtility.dylib
0x000000019d98d000 	/System/Library/PrivateFrameworks/AudioResourceArbitration.framework/Versions/A/AudioResourceArbitration
0x00000001a19f6000 	/System/Library/PrivateFrameworks/PowerLog.framework/Versions/A/PowerLog
0x00000001a1935000 	/System/Library/Frameworks/CoreBluetooth.framework/Versions/A/CoreBluetooth
0x00000001a4871000 	/System/Library/Frameworks/AudioUnit.framework/Versions/A/AudioUnit
0x0000000198d6a000 	/System/Library/PrivateFrameworks/CoreUtils.framework/Versions/A/CoreUtils
0x00000001ff72c000 	/System/Library/PrivateFrameworks/CoreUtilsExtras.framework/Versions/A/CoreUtilsExtras
0x00000002047b5000 	/System/Library/PrivateFrameworks/IO80211.framework/Versions/A/IO80211
0x000000019b38d000 	/System/Library/PrivateFrameworks/IconFoundation.framework/Versions/A/IconFoundation
0x00000001a09e4000 	/System/Library/PrivateFrameworks/SpeechRecognitionCore.framework/Versions/A/SpeechRecognitionCore
0x0000000105b3c000 	/Users/dentalstack/Library/Java/JavaVirtualMachines/corretto-19.0.2/Contents/Home/lib/server/libjvm.dylib
0x0000000104a64000 	/Users/dentalstack/Library/Java/JavaVirtualMachines/corretto-19.0.2/Contents/Home/lib/libjimage.dylib
0x0000000104ac0000 	/Users/dentalstack/Library/Java/JavaVirtualMachines/corretto-19.0.2/Contents/Home/lib/libjdwp.dylib
0x0000000104b08000 	/Users/dentalstack/Library/Java/JavaVirtualMachines/corretto-19.0.2/Contents/Home/lib/libjava.dylib
0x0000000104a90000 	/Users/dentalstack/Library/Java/JavaVirtualMachines/corretto-19.0.2/Contents/Home/lib/libinstrument.dylib
0x0000000104b64000 	/Users/dentalstack/Library/Java/JavaVirtualMachines/corretto-19.0.2/Contents/Home/lib/libzip.dylib
0x0000000104b3c000 	/Users/dentalstack/Library/Java/JavaVirtualMachines/corretto-19.0.2/Contents/Home/lib/libdt_socket.dylib


VM Arguments:
jvm_args: -Ddebugger.agent.enable.coroutines=true -Dkotlinx.coroutines.debug.enable.creation.stack.trace=false -Dkotlinx.coroutines.debug.enable.flows.stack.trace=true -Dkotlinx.coroutines.debug.enable.mutable.state.flows.stack.trace=true -agentlib:jdwp=transport=dt_socket,server=n,suspend=y,address=127.0.0.1:51056 -javaagent:/Users/dentalstack/Library/Caches/JetBrains/IdeaIC2025.1/captureAgent/debugger-agent.jar=file:///var/folders/gd/f72wwp8j67n1kr311fwlp_080000gn/T/capture14356048703679106639.props -Dfile.encoding=UTF-8 -Duser.country=IN -Duser.language=en -Duser.variant 
java_command: com.dentalstack.chat.ChatServiceApplication
java_class_path (initial): /Users/dentalstack/chat-service/build/classes/java/main:/Users/dentalstack/chat-service/build/resources/main:/Users/dentalstack/.gradle/caches/modules-2/files-2.1/org.springframework.boot/spring-boot-starter-data-jpa/3.0.1/a68c2e57bd3a0c5bdf7e4de6c0d563aad38d3f47/spring-boot-starter-data-jpa-3.0.1.jar:/Users/dentalstack/.gradle/caches/modules-2/files-2.1/org.springframework.boot/spring-boot-starter-web/3.0.1/1d99ce519a0fe66f15dc9bbdc2507a8d0a01690/spring-boot-starter-web-3.0.1.jar:/Users/dentalstack/.gradle/caches/modules-2/files-2.1/org.springframework.boot/spring-boot-starter-webflux/3.0.1/71bfd2979a98d78e64d8c4ba3aba8e88c13404af/spring-boot-starter-webflux-3.0.1.jar:/Users/dentalstack/.gradle/caches/modules-2/files-2.1/org.springframework.boot/spring-boot-starter-json/3.0.1/e409ce80cf518c619d59e44f0173a7e728f75da2/spring-boot-starter-json-3.0.1.jar:/Users/dentalstack/.gradle/caches/modules-2/files-2.1/org.springdoc/springdoc-openapi-starter-webmvc-ui/2.3.0/b4af31e9d40539c94f8debbf760134d961333c24/springdoc-openapi-starter-webmvc-ui-2.3.0.jar:/Users/dentalstack/.gradle/caches/modules-2/files-2.1/org.springdoc/springdoc-openapi-starter-webmvc-api/2.3.0/e8e6e46e2b7875c1789782d3820536bb2d868b17/springdoc-openapi-starter-webmvc-api-2.3.0.jar:/Users/dentalstack/.gradle/caches/modules-2/files-2.1/org.springframework/spring-webmvc/6.0.3/b0e6742f8dcbf0353d45d1b540b35e0748e58ea7/spring-webmvc-6.0.3.jar:/Users/dentalstack/.gradle/caches/modules-2/files-2.1/org.springframework.cloud/spring-cloud-starter-feign/1.4.7.RELEASE/ace222c22bc2fca0ba46fda74308841455ad509d/spring-cloud-starter-feign-1.4.7.RELEASE.jar:/Users/dentalstack/.gradle/caches/modules-2/files-2.1/org.springframework.cloud/spring-cloud-starter-openfeign/4.0.0/1e1d39bc7d12017e41e8d67ed143e4e093da2bd0/spring-cloud-starter-openfeign-4.0.0.jar:/Users/dentalstack/.gradle/caches/modules-2/files-2.1/org.springframework.boot/spring-boot-starter-security/3.0.1/7f9704fb439791ce7bfb100525b76d702d9edc38/spring-boot-starter-security-3.0.1.jar:/Users/dentalstack/.gradle/caches/modules-2/files-2.1/org.springframework.security/spring-security-web/6.0.1/3f0c00dcddb23941983f844cad3221141f1b873a/spring-security-web-6.0.1.jar:/Users/dentalstack/.gradle/caches/modules-2/files-2.1/org.springframework/spring-webflux/6.0.3/de8d312f66baa079994e0111bb681676f25f771e/spring-webflux-6.0.3.jar:/Users/dentalstack/.gradle/caches/modules-2/files-2.1/org.springframework.cloud/spring-cloud-openfeign-core/4.0.0/124e1c9eb149bcc379f39c87bb12a56228a0045f/spring-cloud-openfeign-core-4.0.0.jar:/Users/dentalstack/.gradle/caches/modules-2/files-2.1/io.github.openfeign.form/feign-form-spring/3.8.0/71059f6e16ddbaf0e42f1b1aa0bb60cc2f823e4d/feign-form-spring-3.8.0.jar:/Users/dentalstack/.gradle/caches/modules-2/files-2.1/org.springframework/spring-web/6.0.3/484265303687177c5952e4cb8c141333dc89c7fb/spring-web-6.0.3.jar:/Users/dentalstack/.gradle/caches/modules-2/files-2.1/org.springdoc/springdoc-openapi-starter-common/2.3.0/acf3654082b3e000d5b59cc9733227702aa57f75/springdoc-openapi-starter-common-2.3.0.jar:/Users/dentalstack/.gradle/caches/modules-2/files-2.1/io.swagger.core.v3/swagger-core-jakarta/2.2.19/1bbc09fba4c0ac2375da7563cb03dfd0f3e07100/swagger-core-jakarta-2.2.19.jar:/Users/dentalstack/.gradle/caches/modules-2/files-2.1/io.swagger.core.v3/swagger-annotations-jakarta/2.2.7/1629437bff242e019f5fbac9b27dddd6df47a23b/swagger-annotations-jakarta-2.2.7.jar:/Users/dentalstack/.gradle/caches/modules-2/files-2.1/io.springfox/springfox-swagger-ui/3.0.0/1e665fbe22148f7c36fa8a08e515a0047cd4390b/springfox-swagger-ui-3.0.0.jar:/Users/dentalstack/.gradle/caches/modules-2/files-2.1/org.json/json/20231013/e22e0c040fe16f04ffdb85d851d77b07fc05ea52/json-20231013.jar:/Users/dentalstack/.gradle/caches/modules-2/files-2.1/com.google.firebase/firebase-admin/9.2.0/92f5b2f4da778efcd82c9421a0eccae70b11030c/firebase-admin-9.2.0.jar:/Users/dentalstack/.gradle/caches/modules-2/files-2.1/org.hibernate.orm/hibernate-core/6.1.6.Final/e2ff7dfc50d16377da7bedbf48a0a2e9db30ac66/hibernate-core-6.1.6.Final.jar:/Users/dentalstack/.gradle/caches/modules-2/files-2.1/org.springframework.boot/spring-boot-starter-validation/3.0.1/ac86700d30d7ccaba6a2d6a019b83f716f4f278a/spring-boot-starter-validation-3.0.1.jar:/Users/dentalstack/.gradle/caches/modules-2/files-2.1/org.hibernate.validator/hibernate-validator/8.0.0.Final/8e0389f22a3a246915a3311877da4168256b95d2/hibernate-validator-8.0.0.Final.jar:/Users/dentalstack/.gradle/caches/modules-2/files-2.1/org.jboss.logging/jboss-logging/3.4.1.Final/40fd4d696c55793e996d1ff3c475833f836c2498/jboss-logging-3.4.1.Final.jar:/Users/dentalstack/.gradle/caches/modules-2/files-2.1/com.amazonaws/aws-java-sdk-s3/1.12.117/949d534287f104b9a064743b961e3da3554427b2/aws-java-sdk-s3-1.12.117.jar:/Users/dentalstack/.gradle/caches/modules-2/files-2.1/io.github.openfeign/feign-jackson/12.4/3467d167a68e5967c949c8068b67cd19558a7f6c/feign-jackson-12.4.jar:/Users/dentalstack/.gradle/caches/modules-2/files-2.1/org.springframework.boot/spring-boot-starter-mail/3.0.1/711a2cc66d3a0bdc4fddbd435fc51bf3baf5b05d/spring-boot-starter-mail-3.0.1.jar:/Users/dentalstack/.gradle/caches/modules-2/files-2.1/org.springframework.boot/spring-boot-starter-actuator/3.1.5/6e543a2beff6a8e3f98cf6aa3b38495eb47d2ff2/spring-boot-starter-actuator-3.1.5.jar:/Users/dentalstack/.gradle/caches/modules-2/files-2.1/org.springframework.boot/spring-boot-starter-data-redis/3.0.1/c49cc842bda5816d3ed257fa89db50ee9e100a73/spring-boot-starter-data-redis-3.0.1.jar:/Users/dentalstack/.gradle/caches/modules-2/files-2.1/org.springframework.boot/spring-boot-starter-cache/3.0.1/da15ccaba0204ecb3d7456cf4abe73329f9566bb/spring-boot-starter-cache-3.0.1.jar:/Users/dentalstack/.gradle/caches/modules-2/files-2.1/org.springframework.boot/spring-boot-starter-aop/3.0.1/489dae5b71e160d74190738b0419c2cecd7f7e95/spring-boot-starter-aop-3.0.1.jar:/Users/dentalstack/.gradle/caches/modules-2/files-2.1/org.springframework.boot/spring-boot-starter-jdbc/3.0.1/a1121611438c39fdcad2c73da7564d851b386a75/spring-boot-starter-jdbc-3.0.1.jar:/Users/dentalstack/.gradle/caches/modules-2/files-2.1/org.springframework.cloud/spring-cloud-starter/4.0.0/3f7d4f2464a5d3bc7c20903a73abcd3dadae1f1e/spring-cloud-starter-4.0.0.jar:/Users/dentalstack/.gradle/caches/modules-2/files-2.1/org.springframework.boot/spring-boot-starter/3.0.1/c37bc07921436d1ef410ae4bd53747c721ae1c7c/spring-boot-starter-3.0.1.jar:/Users/dentalstack/.gradle/caches/modules-2/files-2.1/org.springframework.boot/spring-boot-starter-logging/3.0.1/bf285578b44ecddaeb32f5d57a08fa5be60fc69f/spring-boot-starter-logging-3.0.1.jar:/Users/dentalstack/.gradle/caches/modules-2/files-2.1/ch.qos.logback/logback-classic/1.4.5/28e7dc0b208d6c3f15beefd73976e064b4ecfa9b/logback-classic-1.4.5.jar:/Users/dentalstack/.gradle/caches/modules-2/files-2.1/org.springframework.security/spring-security-rsa/1.0.11.RELEASE/e1ce51e2e8735b99ca1a47a8968ff35984f0d902/spring-security-rsa-1.0.11.RELEASE.jar:/Users/dentalstack/.gradle/caches/modules-2/files-2.1/org.bouncycastle/bcpkix-jdk15on/1.69/45c36fb72fafb0b688c6af795e6cc803f6f79ee5/bcpkix-jdk15on-1.69.jar:/Users/dentalstack/.gradle/caches/modules-2/files-2.1/org.bouncycastle/bcutil-jdk15on/1.69/c3edf93d346e97f64f041e448e7455c39c7eff64/bcutil-jdk15on-1.69.jar:/Users/dentalstack/.gradle/caches/modules-2/files-2.1/org.bouncycastle/bcprov-jdk15on/1.61/df4b474e71be02c1349c3292d98886f888d1f7/bcprov-jdk15on-1.61.jar:/Users/dentalstack/.gradle/caches/modules-2/files-2.1/jakarta.validation/jakarta.validation-api/3.0.2/92b6631659ba35ca09e44874d3eb936edfeee532/jakarta.validation-api-3.0.2.jar:/Users/dentalstack/.gradle/caches/modules-2/files-2.1/org.freemarker/freemarker/2.3.31/cd4fc0942b4a8bdb19f3b669aa42136fb54feb55/freemarker-2.3.31.jar:/Users/dentalstack/.gradle/caches/modules-2/files-2.1/io.jsonwebtoken/jjwt/0.9.1/54d2abfc3e63a28824d35bf600d6a5d627da681a/jjwt-0.9.1.jar:/Users/dentalstack/.gradle/caches/modules-2/files-2.1/io.jsonwebtoken/jjwt-jackson/0.12.3/5e6d0e45441547d892d3273a4ce5dd042e91d162/jjwt-jackson-0.12.3.jar:/Users/dentalstack/.gradle/caches/modules-2/files-2.1/com.amazonaws/aws-java-sdk-kms/1.12.117/a2cc082d03a231902540447c9abd772734611f47/aws-java-sdk-kms-1.12.117.jar:/Users/dentalstack/.gradle/caches/modules-2/files-2.1/com.amazonaws/aws-java-sdk-core/1.12.117/d08a1dcfc24221372e3a01ce33b24b54b2f6d3c5/aws-java-sdk-core-1.12.117.jar:/Users/dentalstack/.gradle/caches/modules-2/files-2.1/com.amazonaws/jmespath-java/1.12.117/2e4b03cd84549824455c825e1baf1a8793a2f7e3/jmespath-java-1.12.117.jar:/Users/dentalstack/.gradle/caches/modules-2/files-2.1/org.springframework.boot/spring-boot-actuator-autoconfigure/3.0.1/ae61fcdf65e1b3b5d369e7ba47e60cec2c27b6aa/spring-boot-actuator-autoconfigure-3.0.1.jar:/Users/dentalstack/.gradle/caches/modules-2/files-2.1/com.fasterxml.jackson.datatype/jackson-datatype-jsr310/2.14.1/f24e8cb1437e05149b7a3049ebd6700f42e664b1/jackson-datatype-jsr310-2.14.1.jar:/Users/dentalstack/.gradle/caches/modules-2/files-2.1/io.swagger.core.v3/swagger-models-jakarta/2.2.19/72b8a8ba29654ba31d951311081c33d464cee138/swagger-models-jakarta-2.2.19.jar:/Users/dentalstack/.gradle/caches/modules-2/files-2.1/com.fasterxml.jackson.core/jackson-annotations/2.14.1/2a6ad504d591a7903ffdec76b5b7252819a2d162/jackson-annotations-2.14.1.jar:/Users/dentalstack/.gradle/caches/modules-2/files-2.1/com.google.cloud/google-cloud-storage/2.22.4/16f67e591ead00bdc67638899ffec91b12eb08e5/google-cloud-storage-2.22.4.jar:/Users/dentalstack/.gradle/caches/modules-2/files-2.1/com.fasterxml.jackson.module/jackson-module-parameter-names/2.14.1/2e05a86dba3d4b05074b6a313c4d5b7ff844c8dd/jackson-module-parameter-names-2.14.1.jar:/Users/dentalstack/.gradle/caches/modules-2/files-2.1/com.fasterxml.jackson.dataformat/jackson-dataformat-cbor/2.14.1/4e6fbcdcd2a01e4a5cb5901338cab6199c9b26b/jackson-dataformat-cbor-2.14.1.jar:/Users/dentalstack/.gradle/caches/modules-2/files-2.1/com.fasterxml.jackson.dataformat/jackson-dataformat-yaml/2.14.1/cf6d18651659a2e64301452c841e6daa62e77bf6/jackson-dataformat-yaml-2.14.1.jar:/Users/dentalstack/.gradle/caches/modules-2/files-2.1/com.fasterxml.jackson.core/jackson-core/2.14.1/7a07bc535ccf0b7f6929c4d0f2ab9b294ef7c4a3/jackson-core-2.14.1.jar:/Users/dentalstack/.gradle/caches/modules-2/files-2.1/com.fasterxml.jackson.datatype/jackson-datatype-jdk8/2.14.1/da194197d187bf24a8699514344ebf0abd7c342a/jackson-datatype-jdk8-2.14.1.jar:/Users/dentalstack/.gradle/caches/modules-2/files-2.1/com.fasterxml.jackson.core/jackson-databind/2.13.4.1/fc09d43ea1692aeb3224b1383d902f7034cc6bc7/jackson-databind-2.13.4.1.jar:/Users/dentalstack/.gradle/caches/modules-2/files-2.1/javax.xml.bind/jaxb-api/2.3.1/8531ad5ac454cc2deb9d4d32c40c4d7451939b5d/jaxb-api-2.3.1.jar:/Users/dentalstack/.gradle/caches/modules-2/files-2.1/io.lettuce/lettuce-core/6.2.2.RELEASE/4fe8ede6b07ccdd1bd2c4acfd3a46524e9cbb358/lettuce-core-6.2.2.RELEASE.jar:/Users/dentalstack/.gradle/caches/modules-2/files-2.1/org.springframework.boot/spring-boot-starter-reactor-netty/3.0.1/72aa0df9050c1043f4152ecf102ddd1f5883795c/spring-boot-starter-reactor-netty-3.0.1.jar:/Users/dentalstack/.gradle/caches/modules-2/files-2.1/io.projectreactor.netty/reactor-netty-http/1.1.1/b297c13adfe34064ecd4f8d1a887e636add4aeea/reactor-netty-http-1.1.1.jar:/Users/dentalstack/.gradle/caches/modules-2/files-2.1/io.projectreactor.netty/reactor-netty-core/1.1.1/d409d3c9e145b1eb0ae21631ec44d82feca67f7e/reactor-netty-core-1.1.1.jar:/Users/dentalstack/.gradle/caches/modules-2/files-2.1/io.projectreactor/reactor-core/3.5.1/d1e833c13320d3a3133be6a70a4f1a82466f65fe/reactor-core-3.5.1.jar:/Users/dentalstack/.gradle/caches/modules-2/files-2.1/org.postgresql/postgresql/42.5.1/ac2f61eb3b1b4e47ea45de47e73d2e92f49e3ce1/postgresql-42.5.1.jar:/Users/dentalstack/.gradle/caches/modules-2/files-2.1/io.jsonwebtoken/jjwt-impl/0.12.3/e850d2b3f53bd82355cd9ee1c471054aa602b320/jjwt-impl-0.12.3.jar:/Users/dentalstack/.gradle/caches/modules-2/files-2.1/org.springframework.data/spring-data-jpa/3.0.0/c1289ab131eddd70fc35beb880927f4808d5d5f1/spring-data-jpa-3.0.0.jar:/Users/dentalstack/.gradle/caches/modules-2/files-2.1/org.springframework/spring-aspects/6.0.3/3c1a00fc7d6ad9c229c81d0b01c77788789cfbbc/spring-aspects-6.0.3.jar:/Users/dentalstack/.gradle/caches/modules-2/files-2.1/org.springframework.boot/spring-boot-starter-tomcat/3.0.1/e0c8b1f3bb20b08ef532bf58262b4374a6f64d06/spring-boot-starter-tomcat-3.0.1.jar:/Users/dentalstack/.gradle/caches/modules-2/files-2.1/org.springframework.data/spring-data-redis/3.0.0/e8a10bb4b7e7e52390158f797cbbfa256621b827/spring-data-redis-3.0.0.jar:/Users/dentalstack/.gradle/caches/modules-2/files-2.1/org.springframework/spring-context-support/6.0.3/23ccc0a9e5d205a7c0064c3fb9527e4269e08a14/spring-context-support-6.0.3.jar:/Users/dentalstack/.gradle/caches/modules-2/files-2.1/org.springframework.security/spring-security-config/6.0.1/30cbecc3573f430aa2fc25f5f6be5c1662184efe/spring-security-config-6.0.1.jar:/Users/dentalstack/.gradle/caches/modules-2/files-2.1/org.springframework.boot/spring-boot-autoconfigure/3.0.1/7705d0e28d18b79b25587fb88eade85287a10513/spring-boot-autoconfigure-3.0.1.jar:/Users/dentalstack/.gradle/caches/modules-2/files-2.1/org.springframework.boot/spring-boot-actuator/3.0.1/9e277a498980dde9dbb9b968d67fd619ddcc9f8e/spring-boot-actuator-3.0.1.jar:/Users/dentalstack/.gradle/caches/modules-2/files-2.1/org.springframework.boot/spring-boot/3.0.1/9a7c15dfec7a5207965c8893abfd12fa0eac1d38/spring-boot-3.0.1.jar:/Users/dentalstack/.gradle/caches/modules-2/files-2.1/io.springfox/springfox-spring-webmvc/3.0.0/7ed22363fdfd651cd811c0b2391f16bddb91db8b/springfox-spring-webmvc-3.0.0.jar:/Users/dentalstack/.gradle/caches/modules-2/files-2.1/io.springfox/springfox-spring-web/3.0.0/a76f2fbe805bfd2798e20dc8f2cfbfad554d52da/springfox-spring-web-3.0.0.jar:/Users/dentalstack/.gradle/caches/modules-2/files-2.1/io.springfox/springfox-schema/3.0.0/32c5d6965617830ef6480fadb9030008945bcd9c/springfox-schema-3.0.0.jar:/Users/dentalstack/.gradle/caches/modules-2/files-2.1/io.springfox/springfox-spi/3.0.0/bae0b820d4b5a922063d34a42aaf4f763308b828/springfox-spi-3.0.0.jar:/Users/dentalstack/.gradle/caches/modules-2/files-2.1/io.springfox/springfox-core/3.0.0/7c3367ce577c8acd9bf64c74488c9269253516c9/springfox-core-3.0.0.jar:/Users/dentalstack/.gradle/caches/modules-2/files-2.1/org.springframework.plugin/spring-plugin-metadata/2.0.0.RELEASE/6fb3a1fc0f05dc826687b7686ad8a5960ecdd57c/spring-plugin-metadata-2.0.0.RELEASE.jar:/Users/dentalstack/.gradle/caches/modules-2/files-2.1/org.springframework.plugin/spring-plugin-core/2.0.0.RELEASE/95fc8c13037630f4aba9c51141f535becec00fe6/spring-plugin-core-2.0.0.RELEASE.jar:/Users/dentalstack/.gradle/caches/modules-2/files-2.1/org.springframework.data/spring-data-keyvalue/3.0.0/8655203112a9783f7b254b5db51cd102f8e20689/spring-data-keyvalue-3.0.0.jar:/Users/dentalstack/.gradle/caches/modules-2/files-2.1/org.springframework.security/spring-security-core/6.0.1/7d54b69c31cee7ff8d68dfb852cd904ed65af3cd/spring-security-core-6.0.1.jar:/Users/dentalstack/.gradle/caches/modules-2/files-2.1/org.springframework/spring-context/6.0.3/a111998c7ba31ea6cd25b23e5a9ea73582af1f89/spring-context-6.0.3.jar:/Users/dentalstack/.gradle/caches/modules-2/files-2.1/org.springframework/spring-aop/6.0.3/ba05b9129c800e7a3febf795724d0be7d4995a7e/spring-aop-6.0.3.jar:/Users/dentalstack/.gradle/caches/modules-2/files-2.1/org.springframework/spring-orm/6.0.3/9b1603b8c93f638e3f1bbe24f62f2eafc2cdf661/spring-orm-6.0.3.jar:/Users/dentalstack/.gradle/caches/modules-2/files-2.1/org.springframework/spring-jdbc/6.0.3/eec28775713c2a106270e2988be03f603367c92b/spring-jdbc-6.0.3.jar:/Users/dentalstack/.gradle/caches/modules-2/files-2.1/org.springframework.data/spring-data-commons/3.0.0/79f898c8a9d926f6434ae53c9a927a299e079663/spring-data-commons-3.0.0.jar:/Users/dentalstack/.gradle/caches/modules-2/files-2.1/org.springframework/spring-tx/6.0.3/e4673092d71ac1aa36627305d269eaa670d10c9e/spring-tx-6.0.3.jar:/Users/dentalstack/.gradle/caches/modules-2/files-2.1/org.springframework/spring-oxm/6.0.3/2dc78eb9b9b9bfd33cda970aab3dedf56007b38c/spring-oxm-6.0.3.jar:/Users/dentalstack/.gradle/caches/modules-2/files-2.1/org.springframework/spring-beans/6.0.3/7ca05b6618b149da38fde262a0d98fc8a6f75d02/spring-beans-6.0.3.jar:/Users/dentalstack/.gradle/caches/modules-2/files-2.1/org.springframework/spring-expression/6.0.3/778ab1fedad855d9d6c79e3e2368b29818589a59/spring-expression-6.0.3.jar:/Users/dentalstack/.gradle/caches/modules-2/files-2.1/org.springframework/spring-core/6.0.3/5314570bb619e4821a3ca0dad28702f9cb7fc114/spring-core-6.0.3.jar:/Users/dentalstack/.gradle/caches/modules-2/files-2.1/io.micrometer/micrometer-core/1.10.2/ca69ca5d4d1fea81ec5f3e05bc159db4e3c87e1/micrometer-core-1.10.2.jar:/Users/dentalstack/.gradle/caches/modules-2/files-2.1/io.micrometer/micrometer-observation/1.10.2/5b63205c0e9f3acf4b84f852ea707f9f9fffda6f/micrometer-observation-1.10.2.jar:/Users/dentalstack/.gradle/caches/modules-2/files-2.1/org.webjars/swagger-ui/5.10.3/744ae2862cc79c137020f2ce6e07de2f1d6a2657/swagger-ui-5.10.3.jar:/Users/dentalstack/.gradle/caches/modules-2/files-2.1/com.google.api-client/google-api-client-gson/2.2.0/319d792c7df5164ba33f5741b642071915d8c046/google-api-client-gson-2.2.0.jar:/Users/dentalstack/.gradle/caches/modules-2/files-2.1/com.google.api-client/google-api-client/2.2.0/10e53fd4d987e37190432e896bdaa62e8ea2c628/google-api-client-2.2.0.jar:/Users/dentalstack/.gradle/caches/modules-2/files-2.1/com.google.cloud/google-cloud-firestore/3.13.0/c013a2093a5d3289046a1bb1bf6a998aa99520c1/google-cloud-firestore-3.13.0.jar:/Users/dentalstack/.gradle/caches/modules-2/files-2.1/com.google.auth/google-auth-library-oauth2-http/1.17.0/e35ec917193f59d33c51c87c96b04b55cbd87fb7/google-auth-library-oauth2-http-1.17.0.jar:/Users/dentalstack/.gradle/caches/modules-2/files-2.1/com.google.oauth-client/google-oauth-client/1.34.1/4a4f88c5e13143f882268c98239fb85c3b2c6cb2/google-oauth-client-1.34.1.jar:/Users/dentalstack/.gradle/caches/modules-2/files-2.1/com.google.http-client/google-http-client-gson/1.43.1/6f000784f9813ee33f976e42822d98ffacf3dbd/google-http-client-gson-1.43.1.jar:/Users/dentalstack/.gradle/caches/modules-2/files-2.1/com.google.http-client/google-http-client-apache-v2/1.43.1/de73ac2958a45ca67651ce30f47eefa1f7497a6d/google-http-client-apache-v2-1.43.1.jar:/Users/dentalstack/.gradle/caches/modules-2/files-2.1/com.google.http-client/google-http-client/1.43.1/2ef9413e65319ac448534b424522a2c48087d884/google-http-client-1.43.1.jar:/Users/dentalstack/.gradle/caches/modules-2/files-2.1/com.google.cloud/proto-google-cloud-firestore-bundle-v1/3.13.0/f0373e042c43ba0e23200b651d86b51c2674c9b3/proto-google-cloud-firestore-bundle-v1-3.13.0.jar:/Users/dentalstack/.gradle/caches/modules-2/files-2.1/com.google.api/api-common/2.12.0/6022f93e9ab205e5804b8e1f6208cf7cce140a87/api-common-2.12.0.jar:/Users/dentalstack/.gradle/caches/modules-2/files-2.1/io.opencensus/opencensus-contrib-http-util/0.31.1/3c13fc5715231fadb16a9b74a44d9d59c460cfa8/opencensus-contrib-http-util-0.31.1.jar:/Users/dentalstack/.gradle/caches/modules-2/files-2.1/com.google.guava/guava/31.1-jre/60458f877d055d0c9114d9e1a2efb737b4bc282c/guava-31.1-jre.jar:/Users/dentalstack/.gradle/caches/modules-2/files-2.1/com.zaxxer/HikariCP/5.0.1/a74c7f0a37046846e88d54f7cb6ea6d565c65f9c/HikariCP-5.0.1.jar:/Users/dentalstack/.gradle/caches/modules-2/files-2.1/io.github.openfeign/feign-slf4j/12.1/733897daf2caa98bfcd642cb2f7e66e5ef3e7b76/feign-slf4j-12.1.jar:/Users/dentalstack/.gradle/caches/modules-2/files-2.1/org.apache.logging.log4j/log4j-to-slf4j/2.19.0/30f4812e43172ecca5041da2cb6b965cc4777c19/log4j-to-slf4j-2.19.0.jar:/Users/dentalstack/.gradle/caches/modules-2/files-2.1/org.slf4j/jul-to-slf4j/2.0.6/c4d348977a83a0bfcf42fd6fd1fee6e7904f1a0c/jul-to-slf4j-2.0.6.jar:/Users/dentalstack/.gradle/caches/modules-2/files-2.1/io.github.openfeign.form/feign-form/3.8.0/3083889996b18443c275a352d3ab4bc6c8321598/feign-form-3.8.0.jar:/Users/dentalstack/.gradle/caches/modules-2/files-2.1/org.slf4j/slf4j-api/2.0.6/88c40d8b4f33326f19a7d3c0aaf2c7e8721d4953/slf4j-api-2.0.6.jar:/Users/dentalstack/.gradle/caches/modules-2/files-2.1/io.netty/netty-codec-http2/4.1.86.Final/ac0ca067e4118533ad1038776fcd9d5f3058b7d4/netty-codec-http2-4.1.86.Final.jar:/Users/dentalstack/.gradle/caches/modules-2/files-2.1/io.netty/netty-handler-proxy/4.1.86.Final/2515d76be9671cc248bab77352edddd16bfa9436/netty-handler-proxy-4.1.86.Final.jar:/Users/dentalstack/.gradle/caches/modules-2/files-2.1/io.netty/netty-codec-http/4.1.86.Final/23674593f004959ae002ec348626eecf677191ae/netty-codec-http-4.1.86.Final.jar:/Users/dentalstack/.gradle/caches/modules-2/files-2.1/io.netty/netty-resolver-dns-native-macos/4.1.86.Final/cbec1f5c35a1466a8d998f3419c5c493ef5063ee/netty-resolver-dns-native-macos-4.1.86.Final-osx-x86_64.jar:/Users/dentalstack/.gradle/caches/modules-2/files-2.1/io.netty/netty-resolver-dns-classes-macos/4.1.86.Final/5d72f1896cb9dab1fb7c41470cb30a9e63a65643/netty-resolver-dns-classes-macos-4.1.86.Final.jar:/Users/dentalstack/.gradle/caches/modules-2/files-2.1/io.netty/netty-resolver-dns/4.1.86.Final/a1e2ef79e4944b5d38092328c36c68e677a4b5f3/netty-resolver-dns-4.1.86.Final.jar:/Users/dentalstack/.gradle/caches/modules-2/files-2.1/io.netty/netty-handler/4.1.86.Final/bcb65230218286e6456b5d085cb42e67776eb70/netty-handler-4.1.86.Final.jar:/Users/dentalstack/.gradle/caches/modules-2/files-2.1/io.netty/netty-codec-dns/4.1.86.Final/c8de479f36a8457541fcbb0016c851bde3e67693/netty-codec-dns-4.1.86.Final.jar:/Users/dentalstack/.gradle/caches/modules-2/files-2.1/io.netty/netty-codec-socks/4.1.86.Final/854264e7ad75887bc25b82eb38e4ee65c8b44dc3/netty-codec-socks-4.1.86.Final.jar:/Users/dentalstack/.gradle/caches/modules-2/files-2.1/io.netty/netty-codec/4.1.86.Final/ee126da926ea202da3b21eb737788ef83b1db772/netty-codec-4.1.86.Final.jar:/Users/dentalstack/.gradle/caches/modules-2/files-2.1/io.netty/netty-transport-native-epoll/4.1.86.Final/7be67795fff13a52dfdc4d0b024578103e6ab3f5/netty-transport-native-epoll-4.1.86.Final-linux-x86_64.jar:/Users/dentalstack/.gradle/caches/modules-2/files-2.1/io.netty/netty-transport-classes-epoll/4.1.86.Final/b1c323028fcbd4ea757087038797f331c828959/netty-transport-classes-epoll-4.1.86.Final.jar:/Users/dentalstack/.gradle/caches/modules-2/files-2.1/io.netty/netty-transport-native-unix-common/4.1.86.Final/5e0e7fc1c337485cabcf7971faefe692b76f93a2/netty-transport-native-unix-common-4.1.86.Final.jar:/Users/dentalstack/.gradle/caches/modules-2/files-2.1/io.netty/netty-transport/4.1.86.Final/7c7739c41fd110c3576e9faace332ee957f27203/netty-transport-4.1.86.Final.jar:/Users/dentalstack/.gradle/caches/modules-2/files-2.1/io.github.openfeign/feign-core/12.1/3e4c269d568a69c0552adca532682fef51868ada/feign-core-12.1.jar:/Users/dentalstack/.gradle/caches/modules-2/files-2.1/ch.qos.logback/logback-core/1.4.5/e9bb2ea70f84401314da4300343b0a246c8954da/logback-core-1.4.5.jar:/Users/dentalstack/.gradle/caches/modules-2/files-2.1/org.apache.tomcat.embed/tomcat-embed-el/10.1.4/c52d54faef26b3e6fd56fa20c7d7c77ba1216efa/tomcat-embed-el-10.1.4.jar:/Users/dentalstack/.gradle/caches/modules-2/files-2.1/org.eclipse.angus/jakarta.mail/1.0.0/f532ff97458d67ea6f4bfff372bfaae8803cad66/jakarta.mail-1.0.0.jar:/Users/dentalstack/.gradle/caches/modules-2/files-2.1/javax.activation/javax.activation-api/1.2.0/85262acf3ca9816f9537ca47d5adeabaead7cb16/javax.activation-api-1.2.0.jar:/Users/dentalstack/.gradle/caches/modules-2/files-2.1/org.reactivestreams/reactive-streams/1.0.4/3864a1320d97d7b045f729a326e1e077661f31b7/reactive-streams-1.0.4.jar:/Users/dentalstack/.gradle/caches/modules-2/files-2.1/com.google.api.grpc/proto-google-cloud-firestore-v1/3.13.0/f83a75f59626de2efdf8101a44bbd6f00fff3f62/proto-google-cloud-firestore-v1-3.13.0.jar:/Users/dentalstack/.gradle/caches/modules-2/files-2.1/org.checkerframework/checker-qual/3.32.0/54ebd61f46b58b862c779e034073a93489ab3faf/checker-qual-3.32.0.jar:/Users/dentalstack/.gradle/caches/modules-2/files-2.1/io.jsonwebtoken/jjwt-api/0.12.3/30b7de9176d17fa347eef14b85480825dab76b58/jjwt-api-0.12.3.jar:/Users/dentalstack/.gradle/caches/modules-2/files-2.1/org.aspectj/aspectjweaver/1.9.19/afbffb1210239fbba5cad73093c5b216d515838f/aspectjweaver-1.9.19.jar:/Users/dentalstack/.gradle/caches/modules-2/files-2.1/jakarta.persistence/jakarta.persistence-api/3.1.0/66901fa1c373c6aff65c13791cc11da72060a8d6/jakarta.persistence-api-3.1.0.jar:/Users/dentalstack/.gradle/caches/modules-2/files-2.1/jakarta.transaction/jakarta.transaction-api/2.0.1/51a520e3fae406abb84e2e1148e6746ce3f80a1a/jakarta.transaction-api-2.0.1.jar:/Users/dentalstack/.gradle/caches/modules-2/files-2.1/org.hibernate.common/hibernate-commons-annotations/6.0.2.Final/fa5a14ef3d2e5c3c99b53a4bef756a3268d69187/hibernate-commons-annotations-6.0.2.Final.jar:/Users/dentalstack/.gradle/caches/modules-2/files-2.1/org.jboss/jandex/2.4.2.Final/1e1c385990b258ff1a24c801e84aebbacf70eb39/jandex-2.4.2.Final.jar:/Users/dentalstack/.gradle/caches/modules-2/files-2.1/com.fasterxml/classmate/1.5.1/3fe0bed568c62df5e89f4f174c101eab25345b6c/classmate-1.5.1.jar:/Users/dentalstack/.gradle/caches/modules-2/files-2.1/net.bytebuddy/byte-buddy/1.12.20/6ec3b8bccc4c988790d8cde5baad3b95609ef136/byte-buddy-1.12.20.jar:/Users/dentalstack/.gradle/caches/modules-2/files-2.1/org.glassfish.jaxb/jaxb-runtime/4.0.1/7abfa1ee788a8f090dc598c45876ef068731e72b/jaxb-runtime-4.0.1.jar:/Users/dentalstack/.gradle/caches/modules-2/files-2.1/org.glassfish.jaxb/jaxb-core/4.0.1/b4707bb31dfcf54ae424b930741f0cd62d672af9/jaxb-core-4.0.1.jar:/Users/dentalstack/.gradle/caches/modules-2/files-2.1/jakarta.xml.bind/jakarta.xml.bind-api/4.0.0/bbb399208d288b15ec101fa4fcfc4bd77cedc97a/jakarta.xml.bind-api-4.0.0.jar:/Users/dentalstack/.gradle/caches/modules-2/files-2.1/jakarta.inject/jakarta.inject-api/2.0.0/46fc8560b6fd17b78396d88f39c1a730457671f0/jakarta.inject-api-2.0.0.jar:/Users/dentalstack/.gradle/caches/modules-2/files-2.1/org.antlr/antlr4-runtime/4.10.1/10839f875928f59c622d675091d51a43ea0dc5f7/antlr4-runtime-4.10.1.jar:/Users/dentalstack/.gradle/caches/modules-2/files-2.1/jakarta.annotation/jakarta.annotation-api/2.1.1/48b9bda22b091b1f48b13af03fe36db3be6e1ae3/jakarta.annotation-api-2.1.1.jar:/Users/dentalstack/.gradle/caches/modules-2/files-2.1/org.yaml/snakeyaml/1.33/2cd0a87ff7df953f810c344bdf2fe3340b954c69/snakeyaml-1.33.jar:/Users/dentalstack/.gradle/caches/modules-2/files-2.1/org.apache.tomcat.embed/tomcat-embed-websocket/10.1.4/d1cc4aaeaf512334dfadc25da7cb5f64fa301632/tomcat-embed-websocket-10.1.4.jar:/Users/dentalstack/.gradle/caches/modules-2/files-2.1/org.apache.tomcat.embed/tomcat-embed-core/10.1.4/9876c0b98b91b5054d32fe5279b21cf8d57991e8/tomcat-embed-core-10.1.4.jar:/Users/dentalstack/.gradle/caches/modules-2/files-2.1/org.springframework/spring-jcl/6.0.3/ce5a18b010a99c58e98d1fa993dcec2148a361a6/spring-jcl-6.0.3.jar:/Users/dentalstack/.gradle/caches/modules-2/files-2.1/io.micrometer/micrometer-commons/1.10.2/3a97e1874b8ca9c1c08f67d58bf7d567bb748601/micrometer-commons-1.10.2.jar:/Users/dentalstack/.gradle/caches/modules-2/files-2.1/org.apache.httpcomponents/httpclient/4.5.14/1194890e6f56ec29177673f2f12d0b8e627dec98/httpclient-4.5.14.jar:/Users/dentalstack/.gradle/caches/modules-2/files-2.1/commons-codec/commons-codec/1.15/49d94806b6e3dc933dacbd8acb0fdbab8ebd1e5d/commons-codec-1.15.jar:/Users/dentalstack/.gradle/caches/modules-2/files-2.1/org.apache.httpcomponents/httpcore/4.4.16/51cf043c87253c9f58b539c9f7e44c8894223850/httpcore-4.4.16.jar:/Users/dentalstack/.gradle/caches/modules-2/files-2.1/com.google.code.findbugs/jsr305/3.0.2/25ea2e8b0c338a877313bd4672d3fe056ea78f0d/jsr305-3.0.2.jar:/Users/dentalstack/.gradle/caches/modules-2/files-2.1/com.google.errorprone/error_prone_annotations/2.18.0/89b684257096f548fa39a7df9fdaa409d4d4df91/error_prone_annotations-2.18.0.jar:/Users/dentalstack/.gradle/caches/modules-2/files-2.1/com.google.j2objc/j2objc-annotations/1.3/ba035118bc8bac37d7eff77700720999acd9986d/j2objc-annotations-1.3.jar:/Users/dentalstack/.gradle/caches/modules-2/files-2.1/io.opencensus/opencensus-api/0.31.1/66a60c7201c2b8b20ce495f0295b32bb0ccbbc57/opencensus-api-0.31.1.jar:/Users/dentalstack/.gradle/caches/modules-2/files-2.1/com.google.auto.value/auto-value-annotations/1.10.1/9e5162c15f6033c524134cba05a5e93dc1d37c4b/auto-value-annotations-1.10.1.jar:/Users/dentalstack/.gradle/caches/modules-2/files-2.1/javax.annotation/javax.annotation-api/1.3.2/934c04d3cfef185a8008e7bf34331b79730a9d43/javax.annotation-api-1.3.2.jar:/Users/dentalstack/.gradle/caches/modules-2/files-2.1/com.google.auth/google-auth-library-credentials/1.17.0/d16020e45fc97741407a4dccf76a9d3f62b72964/google-auth-library-credentials-1.17.0.jar:/Users/dentalstack/.gradle/caches/modules-2/files-2.1/com.google.guava/failureaccess/1.0.1/1dcf1de382a0bf95a3d8b0849546c88bac1292c9/failureaccess-1.0.1.jar:/Users/dentalstack/.gradle/caches/modules-2/files-2.1/com.google.guava/listenablefuture/9999.0-empty-to-avoid-conflict-with-guava/b421526c5f297295adef1c886e5246c39d4ac629/listenablefuture-9999.0-empty-to-avoid-conflict-with-guava.jar:/Users/dentalstack/.gradle/caches/modules-2/files-2.1/com.google.http-client/google-http-client-jackson2/1.43.1/995fbf865361d905218e486eb19313d4408ccfd9/google-http-client-jackson2-1.43.1.jar:/Users/dentalstack/.gradle/caches/modules-2/files-2.1/com.google.apis/google-api-services-storage/v1-rev20230301-2.0.0/c9960d48021675f902c2a281af0aa1f1f247d4fd/google-api-services-storage-v1-rev20230301-2.0.0.jar:/Users/dentalstack/.gradle/caches/modules-2/files-2.1/com.google.code.gson/gson/2.9.1/2cc2131b98ebfb04e2b2c7dfb84431f4045096b/gson-2.9.1.jar:/Users/dentalstack/.gradle/caches/modules-2/files-2.1/com.google.cloud/google-cloud-core/2.19.0/38bb9bb69f3cb2b32df008840b1d3a2ad2a72594/google-cloud-core-2.19.0.jar:/Users/dentalstack/.gradle/caches/modules-2/files-2.1/com.google.cloud/google-cloud-core-http/2.19.0/1fb3af1a56a219a5c5e11abfbcc088f757109670/google-cloud-core-http-2.19.0.jar:/Users/dentalstack/.gradle/caches/modules-2/files-2.1/com.google.http-client/google-http-client-appengine/1.43.1/c408b784269b46028c133768a439c266f8cbf553/google-http-client-appengine-1.43.1.jar:/Users/dentalstack/.gradle/caches/modules-2/files-2.1/com.google.api/gax-httpjson/0.114.0/e36b3a16155c34d9aca61951b9fb4187d0e8b4f3/gax-httpjson-0.114.0.jar:/Users/dentalstack/.gradle/caches/modules-2/files-2.1/com.google.cloud/google-cloud-core-grpc/2.19.0/3b1f6f7edf66ae3eae2a37aace4af47c55107364/google-cloud-core-grpc-2.19.0.jar:/Users/dentalstack/.gradle/caches/modules-2/files-2.1/com.google.api/gax/2.29.0/90ac2feab769fe45cebf78170ebfcc95edf61e3d/gax-2.29.0.jar:/Users/dentalstack/.gradle/caches/modules-2/files-2.1/com.google.api/gax-grpc/2.29.0/12b1972deeda8a4565fcde39fad46edea9004478/gax-grpc-2.29.0.jar:/Users/dentalstack/.gradle/caches/modules-2/files-2.1/io.grpc/grpc-alts/1.55.1/c7aa82578978402698b884dabfeb6f7922891603/grpc-alts-1.55.1.jar:/Users/dentalstack/.gradle/caches/modules-2/files-2.1/io.grpc/grpc-grpclb/1.55.1/a2b178dedbeb275d8ad3b2b7053aca9ecd97dcc2/grpc-grpclb-1.55.1.jar:/Users/dentalstack/.gradle/caches/modules-2/files-2.1/org.conscrypt/conscrypt-openjdk-uber/2.5.2/d858f142ea189c62771c505a6548d8606ac098fe/conscrypt-openjdk-uber-2.5.2.jar:/Users/dentalstack/.gradle/caches/modules-2/files-2.1/io.grpc/grpc-auth/1.55.1/c420d4e6aaa5fb29cc317c839d776c38aa5d1268/grpc-auth-1.55.1.jar:/Users/dentalstack/.gradle/caches/modules-2/files-2.1/io.grpc/grpc-protobuf/1.55.1/c05c351e1b8ece707119a6ffacc6644e15cc4dfa/grpc-protobuf-1.55.1.jar:/Users/dentalstack/.gradle/caches/modules-2/files-2.1/io.grpc/grpc-protobuf-lite/1.55.1/1b3ff97f1b049153a7b4b15c9664a3c0f2d0aef1/grpc-protobuf-lite-1.55.1.jar:/Users/dentalstack/.gradle/caches/modules-2/files-2.1/io.grpc/grpc-context/1.55.1/12fcb72c22ec83adfc959e74564cf2e4a8d3e8a3/grpc-context-1.55.1.jar:/Users/dentalstack/.gradle/caches/modules-2/files-2.1/com.google.api.grpc/proto-google-iam-v1/1.15.0/62a997565bfe0cc61de5417f551c759960e96bbc/proto-google-iam-v1-1.15.0.jar:/Users/dentalstack/.gradle/caches/modules-2/files-2.1/com.google.protobuf/protobuf-java/3.23.2/f658ef60596ce70251ff9bc118436d5dadc3bd2a/protobuf-java-3.23.2.jar:/Users/dentalstack/.gradle/caches/modules-2/files-2.1/com.google.protobuf/protobuf-java-util/3.23.2/645a4c458c87399503a7a8e3d1dfbe043c94ea4d/protobuf-java-util-3.23.2.jar:/Users/dentalstack/.gradle/caches/modules-2/files-2.1/com.google.api.grpc/proto-google-common-protos/2.20.0/30b43864217dba8c288d6d682352104f50e74c80/proto-google-common-protos-2.20.0.jar:/Users/dentalstack/.gradle/caches/modules-2/files-2.1/org.threeten/threetenbp/1.6.8/4c65b7b43f3fe31350f74cb7d0b2461e111e8dd0/threetenbp-1.6.8.jar:/Users/dentalstack/.gradle/caches/modules-2/files-2.1/com.google.api.grpc/proto-google-cloud-storage-v2/2.22.4-alpha/363e82e6ca6e480ec4e21c56758fa63c5747ef47/proto-google-cloud-storage-v2-2.22.4-alpha.jar:/Users/dentalstack/.gradle/caches/modules-2/files-2.1/com.google.api.grpc/grpc-google-cloud-storage-v2/2.22.4-alpha/6d86724d66d14bad9d3e73c44fee60e9cc0721de/grpc-google-cloud-storage-v2-2.22.4-alpha.jar:/Users/dentalstack/.gradle/caches/modules-2/files-2.1/com.google.api.grpc/gapic-google-cloud-storage-v2/2.22.4-alpha/53b159304866b223ee30731bb6dfdfd5aeb436f0/gapic-google-cloud-storage-v2-2.22.4-alpha.jar:/Users/dentalstack/.gradle/caches/modules-2/files-2.1/io.grpc/grpc-api/1.55.1/1461a75a1550a0d7a2919c33f8638259ef3b255c/grpc-api-1.55.1.jar:/Users/dentalstack/.gradle/caches/modules-2/files-2.1/io.grpc/grpc-netty-shaded/1.55.1/6c7eba2b4ac84024d080e9d410a810548efff419/grpc-netty-shaded-1.55.1.jar:/Users/dentalstack/.gradle/caches/modules-2/files-2.1/io.perfmark/perfmark-api/0.26.0/ef65452adaf20bf7d12ef55913aba24037b82738/perfmark-api-0.26.0.jar:/Users/dentalstack/.gradle/caches/modules-2/files-2.1/io.grpc/grpc-core/1.55.1/22f7c8a91d325072a2bd4921fbe37145e785c231/grpc-core-1.55.1.jar:/Users/dentalstack/.gradle/caches/modules-2/files-2.1/com.google.android/annotations/4.1.1.4/a1678ba907bf92691d879fef34e1a187038f9259/annotations-4.1.1.4.jar:/Users/dentalstack/.gradle/caches/modules-2/files-2.1/org.codehaus.mojo/animal-sniffer-annotations/1.23/3c0daebd5f0e1ce72cc50c818321ac957aeb5d70/animal-sniffer-annotations-1.23.jar:/Users/dentalstack/.gradle/caches/modules-2/files-2.1/io.grpc/grpc-stub/1.55.1/2cc81e34b8e1bc4f680a095433a67bb9edc9921/grpc-stub-1.55.1.jar:/Users/dentalstack/.gradle/caches/modules-2/files-2.1/io.grpc/grpc-googleapis/1.55.1/99f15db2412900a28397ba223074639f6d21c7e8/grpc-googleapis-1.55.1.jar:/Users/dentalstack/.gradle/caches/modules-2/files-2.1/io.grpc/grpc-xds/1.55.1/38229a134dbf67a40aaaa963afd2522ca03230bd/grpc-xds-1.55.1.jar:/Users/dentalstack/.gradle/caches/modules-2/files-2.1/io.opencensus/opencensus-proto/0.2.0/c05b6b32b69d5d9144087ea0ebc6fab183fb9151/opencensus-proto-0.2.0.jar:/Users/dentalstack/.gradle/caches/modules-2/files-2.1/io.grpc/grpc-services/1.55.1/979879a4c11160b20ec2f04b739ecb0048b1bc00/grpc-services-1.55.1.jar:/Users/dentalstack/.gradle/caches/modules-2/files-2.1/com.google.re2j/re2j/1.6/a13e879fd7971738d06020fefeb108cc14e14169/re2j-1.6.jar:/Users/dentalstack/.gradle/caches/modules-2/files-2.1/io.grpc/grpc-rls/1.55.1/450e56087cc69eec057d5a056fea5923d14b4e11/grpc-rls-1.55.1.jar:/Users/dentalstack/.gradle/caches/modules-2/files-2.1/commons-logging/commons-logging/1.2/4bfc12adfe4842bf07b657f0369c4cb522955686/commons-logging-1.2.jar:/Users/dentalstack/.gradle/caches/modules-2/files-2.1/io.opencensus/opencensus-contrib-grpc-util/0.31.1/89b1d2f8f64749256983446cbdfae25da5450de7/opencensus-contrib-grpc-util-0.31.1.jar:/Users/dentalstack/.gradle/caches/modules-2/files-2.1/io.netty/netty-buffer/4.1.86.Final/a66fa0ed2687eb33a2e53a17a6df61bfe3b3f2bd/netty-buffer-4.1.86.Final.jar:/Users/dentalstack/.gradle/caches/modules-2/files-2.1/io.netty/netty-resolver/4.1.86.Final/bad83d479f7bd8ea84eefd77c316435be4c97270/netty-resolver-4.1.86.Final.jar:/Users/dentalstack/.gradle/caches/modules-2/files-2.1/io.netty/netty-common/4.1.86.Final/1dceab4662a9cc93faf87b237bb41103b1bc7f0e/netty-common-4.1.86.Final.jar:/Users/dentalstack/.gradle/caches/modules-2/files-2.1/software.amazon.ion/ion-java/1.0.2/ee9dacea7726e495f8352b81c12c23834ffbc564/ion-java-1.0.2.jar:/Users/dentalstack/.gradle/caches/modules-2/files-2.1/joda-time/joda-time/2.8.1/f5bfc718c95a7b1d3c371bb02a188a4df18361a9/joda-time-2.8.1.jar:/Users/dentalstack/.gradle/caches/modules-2/files-2.1/org.springframework.cloud/spring-cloud-commons/4.0.0/beb3bc583372ff9039081333a375747585a3e3ba/spring-cloud-commons-4.0.0.jar:/Users/dentalstack/.gradle/caches/modules-2/files-2.1/org.eclipse.angus/angus-activation/1.0.0/f0ceddd49f92109fbfad9125e958f5bfd3f2aa1/angus-activation-1.0.0.jar:/Users/dentalstack/.gradle/caches/modules-2/files-2.1/jakarta.activation/jakarta.activation-api/2.1.0/a58861b5deac5e151140511cf57d6b80a83f2d20/jakarta.activation-api-2.1.0.jar:/Users/dentalstack/.gradle/caches/modules-2/files-2.1/org.hdrhistogram/HdrHistogram/2.1.12/6eb7552156e0d517ae80cc2247be1427c8d90452/HdrHistogram-2.1.12.jar:/Users/dentalstack/.gradle/caches/modules-2/files-2.1/org.latencyutils/LatencyUtils/2.0.3/769c0b82cb2421c8256300e907298a9410a2a3d3/LatencyUtils-2.0.3.jar:/Users/dentalstack/.gradle/caches/modules-2/files-2.1/io.github.classgraph/classgraph/4.8.83/7be289f451cedf9e35ed97caba3953226b4e6d9/classgraph-4.8.83.jar:/Users/dentalstack/.gradle/caches/modules-2/files-2.1/org.springframework.cloud/spring-cloud-context/4.0.0/561b61cce5a8af6b98ec2b8a9afbe82851227979/spring-cloud-context-4.0.0.jar:/Users/dentalstack/.gradle/caches/modules-2/files-2.1/org.springframework.security/spring-security-crypto/6.0.1/2384513fec136174d4be8ebaf3a2cf9aecef5416/spring-security-crypto-6.0.1.jar:/Users/dentalstack/.gradle/caches/modules-2/files-2.1/org.glassfish.jaxb/txw2/4.0.1/797720dfe2e15504f6014fb82eb873051a653c75/txw2-4.0.1.jar:/Users/dentalstack/.gradle/caches/modules-2/files-2.1/com.sun.istack/istack-commons-runtime/4.1.1/9b3769c76235bc283b060da4fae2318c6d53f07e/istack-commons-runtime-4.1.1.jar:/Users/dentalstack/.gradle/caches/modules-2/files-2.1/org.apache.logging.log4j/log4j-api/2.19.0/ea1b37f38c327596b216542bc636cfdc0b8036fa/log4j-api-2.19.0.jar:/Users/dentalstack/.gradle/caches/modules-2/files-2.1/org.apache.commons/commons-lang3/3.12.0/c6842c86792ff03b9f1d1fe2aab8dc23aa6c6f0e/commons-lang3-3.12.0.jar:/Users/dentalstack/.gradle/caches/modules-2/files-2.1/commons-fileupload/commons-fileupload/1.4/f95188e3d372e20e7328706c37ef366e5d7859b0/commons-fileupload-1.4.jar
Launcher Type: SUN_STANDARD

[Global flags]
     intx CICompilerCount                          = 4                                         {product} {ergonomic}
     uint ConcGCThreads                            = 2                                         {product} {ergonomic}
     uint G1ConcRefinementThreads                  = 8                                         {product} {ergonomic}
   size_t G1HeapRegionSize                         = 2097152                                   {product} {ergonomic}
    uintx GCDrainStackTargetSize                   = 64                                        {product} {ergonomic}
   size_t InitialHeapSize                          = 268435456                                 {product} {ergonomic}
   size_t MarkStackSize                            = 4194304                                   {product} {ergonomic}
   size_t MaxHeapSize                              = 4294967296                                {product} {ergonomic}
   size_t MaxNewSize                               = 2575302656                                {product} {ergonomic}
   size_t MinHeapDeltaBytes                        = 2097152                                   {product} {ergonomic}
   size_t MinHeapSize                              = 8388608                                   {product} {ergonomic}
    uintx NonNMethodCodeHeapSize                   = 5839564                                {pd product} {ergonomic}
    uintx NonProfiledCodeHeapSize                  = 122909338                              {pd product} {ergonomic}
    uintx ProfiledCodeHeapSize                     = 122909338                              {pd product} {ergonomic}
    uintx ReservedCodeCacheSize                    = 251658240                              {pd product} {ergonomic}
     bool SegmentedCodeCache                       = true                                      {product} {ergonomic}
   size_t SoftMaxHeapSize                          = 4294967296                             {manageable} {ergonomic}
     bool UseCompressedClassPointers               = true                           {product lp64_product} {ergonomic}
     bool UseCompressedOops                        = true                           {product lp64_product} {ergonomic}
     bool UseG1GC                                  = true                                      {product} {ergonomic}
     bool UseNUMA                                  = false                                     {product} {ergonomic}
     bool UseNUMAInterleaving                      = false                                     {product} {ergonomic}

Logging:
Log output configuration:
 #0: stdout all=warning uptime,level,tags foldmultilines=false
 #1: stderr all=off uptime,level,tags foldmultilines=false

Environment Variables:
PATH=/opt/homebrew/bin:/opt/homebrew/sbin:/usr/local/bin:/System/Cryptexes/App/usr/bin:/usr/bin:/bin:/usr/sbin:/sbin:/var/run/com.apple.security.cryptexd/codex.system/bootstrap/usr/local/bin:/var/run/com.apple.security.cryptexd/codex.system/bootstrap/usr/bin:/var/run/com.apple.security.cryptexd/codex.system/bootstrap/usr/appleinternal/bin
SHELL=/bin/zsh
LC_CTYPE=en_US.UTF-8
TMPDIR=/var/folders/gd/f72wwp8j67n1kr311fwlp_080000gn/T/

Active Locale:
LC_ALL=C/en_US.UTF-8/C/C/C/C
LC_COLLATE=C
LC_CTYPE=en_US.UTF-8
LC_MESSAGES=C
LC_MONETARY=C
LC_NUMERIC=C
LC_TIME=C

Signal Handlers:
   SIGSEGV: crash_handler in libjvm.dylib, mask=11100110000111110111111111111111, flags=SA_RESTART|SA_SIGINFO
    SIGBUS: crash_handler in libjvm.dylib, mask=11100110000111110111111111111111, flags=SA_RESTART|SA_SIGINFO
    SIGFPE: crash_handler in libjvm.dylib, mask=11100110000111110111111111111111, flags=SA_RESTART|SA_SIGINFO
   SIGPIPE: javaSignalHandler in libjvm.dylib, mask=11100110000111110111111111111111, flags=SA_RESTART|SA_SIGINFO
   SIGXFSZ: javaSignalHandler in libjvm.dylib, mask=11100110000111110111111111111111, flags=SA_RESTART|SA_SIGINFO
    SIGILL: crash_handler in libjvm.dylib, mask=11100110000111110111111111111111, flags=SA_RESTART|SA_SIGINFO
   SIGUSR2: SR_handler in libjvm.dylib, mask=00100000000000000000000000000000, flags=SA_RESTART|SA_SIGINFO
    SIGHUP: UserHandler in libjvm.dylib, mask=11100110000111110111111111111111, flags=SA_RESTART|SA_SIGINFO
    SIGINT: UserHandler in libjvm.dylib, mask=11100110000111110111111111111111, flags=SA_RESTART|SA_SIGINFO
   SIGTERM: UserHandler in libjvm.dylib, mask=11100110000111110111111111111111, flags=SA_RESTART|SA_SIGINFO
   SIGQUIT: UserHandler in libjvm.dylib, mask=11100110000111110111111111111111, flags=SA_RESTART|SA_SIGINFO
   SIGTRAP: crash_handler in libjvm.dylib, mask=11100110000111110111111111111111, flags=SA_RESTART|SA_SIGINFO


---------------  S Y S T E M  ---------------

OS:
uname: Darwin 22.6.0 Darwin Kernel Version 22.6.0: Wed Jul  5 22:22:52 PDT 2023; root:xnu-8796.141.3~6/RELEASE_ARM64_T8103 arm64
OS uptime: 14 days 0:30 hours
rlimit (soft/hard): STACK 8176k/65520k , CORE 0k/infinity , NPROC 2666/4000 , NOFILE 10240/infinity , AS infinity/infinity , CPU infinity/infinity , DATA infinity/infinity , FSIZE infinity/infinity , MEMLOCK infinity/infinity , RSS infinity/infinity
load average: 3.19 2.51 2.65

CPU: total 8 (initial active 8) 0x61:0x0:0x1b588bb3:0, fp, simd, aes, pmull, crc32, lse

Memory: 16k page, physical 16777216k(91872k free), swap 3145728k(1440256k free)

vm_info: OpenJDK 64-Bit Server VM (19.0.2+7-FR) for bsd-aarch64 JRE (19.0.2+7-FR), built on Jan 13 2023 18:57:43 by "ec2user" with clang Apple LLVM 13.0.0 (clang-1300.0.29.30)

END.
